{"type":"FeatureCollection","name":"Estradas","features":[{"type":"Feature","properties":{"full_id":"w238042982","osm_id":"238042982","osm_type":"way","highway":"primary","tracktype":"","flood_pron":"","ford":"","addr_subur":"","access":"","tunnel":"","service":"","embankment":"","descriptio":"","destinatio":"","destinat_1":"","alt_name":"","source_nam":"","layer":"1","bridge":"yes","oneway":"no","name":"Rodovia Deputado João Evangelista","surface":"asphalt","ref":"MA-014","maxspeed":"80","lanes":"2","IBGE_CD_AD":"estadual"},"geometry":{"type":"LineString","coordinates":[[-44.8951963,-3.2937092],[-44.8959955,-3.2912021]]}},{"type":"Feature","properties":{"full_id":"w404133693","osm_id":"404133693","osm_type":"way","highway":"tertiary","tracktype":"","flood_pron":"","ford":"","addr_subur":"","access":"","tunnel":"","service":"","embankment":"","descriptio":"","destinatio":"","destinat_1":"","alt_name":"","source_nam":"","layer":"","bridge":"","oneway":"","name":"","surface":"unpaved","ref":"","maxspeed":"","lanes":"","IBGE_CD_AD":""},"geometry":{"type":"LineString","coordinates":[[-45.025565,-3.5891002],[-45.0253509,-3.5889509],[-45.0252718,-3.5888813],[-45.0252195,-3.5888251],[-45.0250901,-3.5886464],[-45.0250424,-3.5885373],[-45.0250116,-3.5884296],[-45.0249861,-3.5883258],[-45.0249673,-3.5882161],[-45.0249338,-3.5879959],[-45.0248902,-3.5877115],[-45.0248654,-3.5876017],[-45.0248379,-3.5875134],[-45.0247528,-3.5872825],[-45.0247112,-3.5872069],[-45.0244416,-3.5867779],[-45.0243773,-3.5866668],[-45.0242069,-3.5863121],[-45.0241828,-3.5862432],[-45.0241694,-3.5861675],[-45.0241754,-3.5860906],[-45.0241972,-3.5860053],[-45.0242304,-3.58593],[-45.0242686,-3.5858764],[-45.0243149,-3.5858149],[-45.024384,-3.5857473],[-45.0246151,-3.5856068],[-45.0246864,-3.5855579],[-45.0247601,-3.5854996],[-45.024801,-3.5854535],[-45.0248346,-3.5854053],[-45.0248788,-3.5853203],[-45.0249244,-3.5852641],[-45.0249673,-3.5852166],[-45.0250203,-3.5851838],[-45.0253368,-3.5851055],[-45.026852,-3.5847951],[-45.0283299,-3.5844571],[-45.0295335,-3.5842184],[-45.0295938,-3.5841996],[-45.0296689,-3.5841605],[-45.0297273,-3.5841116],[-45.029739,-3.5840434],[-45.029735,-3.5839075],[-45.0297112,-3.5835135],[-45.0297048,-3.5833822],[-45.0297142,-3.583243],[-45.0297296,-3.5831506],[-45.0297524,-3.5830723],[-45.0297812,-3.582988],[-45.0299442,-3.5825911],[-45.0301484,-3.5820786],[-45.0302638,-3.581744],[-45.0303606,-3.5815217],[-45.0304089,-3.5814427],[-45.0304873,-3.5813209],[-45.0305544,-3.5812279],[-45.0309155,-3.5808204],[-45.0314093,-3.5801798],[-45.031469,-3.5801102],[-45.0315307,-3.5800513],[-45.031585,-3.5799971],[-45.0316628,-3.5799389],[-45.0320772,-3.5796431],[-45.0321651,-3.5795909],[-45.0326183,-3.5793553],[-45.0326948,-3.5792918],[-45.0327551,-3.5792048],[-45.0327867,-3.5791365],[-45.0328121,-3.5790555],[-45.0328235,-3.5789953],[-45.0328262,-3.5789176],[-45.0327531,-3.5781694],[-45.0327411,-3.5780757],[-45.032566,-3.5773704],[-45.0324219,-3.5769367],[-45.0323863,-3.5768463],[-45.0323454,-3.5767754],[-45.0323179,-3.5767379],[-45.0321869,-3.5765935],[-45.0317399,-3.5762012],[-45.0316568,-3.5761142],[-45.0313946,-3.5758057],[-45.0313574,-3.5757531],[-45.0310922,-3.5753245],[-45.031058,-3.5752452],[-45.0309527,-3.5749289],[-45.0309212,-3.5748132],[-45.0308414,-3.574427],[-45.0308213,-3.5743085],[-45.0308226,-3.5741934],[-45.0308273,-3.5740703],[-45.030838,-3.5739605],[-45.0309634,-3.573314],[-45.0309845,-3.573219],[-45.0310033,-3.5731534],[-45.0311539,-3.572788],[-45.0313768,-3.5724437],[-45.0314254,-3.5723794],[-45.03203,-3.5716798]]}},{"type":"Feature","properties":{"full_id":"w404133694","osm_id":"404133694","osm_type":"way","highway":"tertiary","tracktype":"","flood_pron":"","ford":"","addr_subur":"","access":"","tunnel":"","service":"","embankment":"","descriptio":"","destinatio":"","destinat_1":"","alt_name":"","source_nam":"","layer":"","bridge":"","oneway":"no","name":"Rua Gonçalves Dias","surface":"asphalt","ref":"","maxspeed":"","lanes":"","IBGE_CD_AD":""},"geometry":{"type":"LineString","coordinates":[[-45.0340197,-3.550991],[-45.0343852,-3.5505482],[-45.0344802,-3.5503986],[-45.0345687,-3.5502591],[-45.0349088,-3.5496427],[-45.035008,-3.549423],[-45.0355299,-3.548611],[-45.0357805,-3.5480319],[-45.0359357,-3.5474166]]}},{"type":"Feature","properties":{"full_id":"w438340734","osm_id":"438340734","osm_type":"way","highway":"secondary","tracktype":"","flood_pron":"","ford":"","addr_subur":"","access":"","tunnel":"","service":"","embankment":"","descriptio":"","destinatio":"","destinat_1":"","alt_name":"","source_nam":"","layer":"1","bridge":"yes","oneway":"","name":"","surface":"","ref":"","maxspeed":"","lanes":"","IBGE_CD_AD":""},"geometry":{"type":"LineString","coordinates":[[-45.0085636,-3.319821],[-45.0080815,-3.3189665]]}},{"type":"Feature","properties":{"full_id":"w438340735","osm_id":"438340735","osm_type":"way","highway":"secondary","tracktype":"","flood_pron":"","ford":"","addr_subur":"","access":"","tunnel":"","service":"","embankment":"","descriptio":"","destinatio":"","destinat_1":"","alt_name":"","source_nam":"","layer":"","bridge":"","oneway":"","name":"","surface":"asphalt","ref":"MA-317","maxspeed":"","lanes":"2","IBGE_CD_AD":""},"geometry":{"type":"LineString","coordinates":[[-45.0080815,-3.3189665],[-45.0076738,-3.3182944],[-45.0075977,-3.3181599],[-45.0069087,-3.3169428],[-45.0067813,-3.31674],[-45.0067022,-3.3166369],[-45.0066532,-3.3165766],[-45.0065573,-3.3164809],[-45.0064453,-3.3163751],[-45.006385,-3.3163417],[-45.0062945,-3.3162948],[-45.0062019,-3.3162627],[-45.0061087,-3.3162326],[-45.0059934,-3.3162131],[-45.0058935,-3.3162091],[-45.0057587,-3.3162111],[-45.0052283,-3.3162091],[-45.0035821,-3.3161857],[-45.003399,-3.3161763],[-45.0032629,-3.3161522],[-45.0031489,-3.3161094],[-45.0030631,-3.3160465],[-45.0029665,-3.3159768],[-45.0028311,-3.3158657],[-45.0022893,-3.3154547],[-45.0019406,-3.3151936],[-45.0017005,-3.3149954],[-45.0013076,-3.3146674],[-45.0008221,-3.3142952],[-45.0005606,-3.314089],[-45.0002903,-3.3138875],[-45.0000704,-3.313749],[-44.9999142,-3.3136419],[-44.9996869,-3.3135006],[-44.9994448,-3.3133661],[-44.9988252,-3.3130675],[-44.9983612,-3.3128278],[-44.9980755,-3.3126993],[-44.9977,-3.3125708],[-44.9972065,-3.3124355],[-44.9965976,-3.3122374],[-44.9955019,-3.3119067],[-44.9946517,-3.3116443],[-44.9939288,-3.3114113],[-44.9933615,-3.3112265],[-44.9921633,-3.310853],[-44.9920198,-3.3108001],[-44.9919527,-3.310768],[-44.9918548,-3.3106937],[-44.991781,-3.3106294],[-44.9916878,-3.3105384],[-44.9915195,-3.3103248],[-44.9913794,-3.3101903],[-44.991207,-3.310057],[-44.9910837,-3.3099834],[-44.9909522,-3.3099352],[-44.9908201,-3.3099064],[-44.9905767,-3.3098643],[-44.990171,-3.30981],[-44.9900383,-3.3097946],[-44.9897908,-3.3097605],[-44.9894898,-3.3097116],[-44.9890539,-3.3096601],[-44.9887421,-3.3096333],[-44.9884343,-3.3096172],[-44.9881513,-3.3096119],[-44.9876511,-3.3096293],[-44.9868974,-3.3096735],[-44.9860793,-3.3097324],[-44.9854302,-3.3097551],[-44.9849676,-3.3097525],[-44.9846779,-3.309727],[-44.9841566,-3.3096554],[-44.9819888,-3.3092557],[-44.9816743,-3.3091637],[-44.9813812,-3.3090075],[-44.9798283,-3.3083213],[-44.9793421,-3.3081498],[-44.9792713,-3.3081355],[-44.978813,-3.3080426],[-44.9774184,-3.3080288],[-44.9769903,-3.3080839],[-44.9766667,-3.3082356],[-44.9753748,-3.3089662],[-44.9749329,-3.3091316],[-44.9741936,-3.3091806],[-44.9736634,-3.3091247],[-44.9717847,-3.3087318],[-44.971134,-3.308692],[-44.9671453,-3.3089386],[-44.9663997,-3.3090902],[-44.9654383,-3.3093429],[-44.9651098,-3.3093562],[-44.9646902,-3.30931],[-44.9637407,-3.3090039],[-44.9632305,-3.30878],[-44.9628103,-3.3084245],[-44.9625608,-3.3080878],[-44.9622372,-3.3075695],[-44.96197,-3.306995],[-44.9583635,-3.2973455],[-44.9574521,-3.2947401],[-44.9573124,-3.2941596],[-44.9572871,-3.2938072],[-44.9572618,-3.2933103],[-44.9574314,-3.28901],[-44.9574053,-3.2885382],[-44.9572274,-3.2880812],[-44.9567203,-3.2871996],[-44.9564526,-3.2868068],[-44.9548692,-3.2850581],[-44.9531717,-3.2834087],[-44.9510292,-3.2816074],[-44.9507439,-3.2814267],[-44.950493,-3.2813271],[-44.9490446,-3.2810559],[-44.9483895,-3.2810529],[-44.947894,-3.281072],[-44.9460744,-3.2811479],[-44.9450057,-3.281167],[-44.9443334,-3.2811485],[-44.9439801,-3.2811348],[-44.9436295,-3.2810352],[-44.9432643,-3.2809233],[-44.942926,-3.2807741],[-44.9424353,-3.2806233],[-44.9421766,-3.2805832],[-44.942084,-3.2805689],[-44.9416007,-3.2806103],[-44.9350834,-3.2809273],[-44.9286903,-3.2811755],[-44.9261496,-3.281396],[-44.925045,-3.2815477],[-44.9190386,-3.2823472],[-44.9184448,-3.2823748],[-44.9178511,-3.2822921],[-44.9137965,-3.2816297],[-44.912615,-3.2814176],[-44.910053,-3.2809662],[-44.9094646,-3.2807959],[-44.9090986,-3.280631],[-44.9087517,-3.2804311],[-44.905493,-3.2783081],[-44.9029684,-3.2767274],[-44.9018471,-3.2760665],[-44.9016589,-3.2759667]]}},{"type":"Feature","properties":{"full_id":"w438340737","osm_id":"438340737","osm_type":"way","highway":"secondary","tracktype":"","flood_pron":"","ford":"","addr_subur":"","access":"","tunnel":"","service":"","embankment":"","descriptio":"","destinatio":"","destinat_1":"","alt_name":"","source_nam":"","layer":"","bridge":"","oneway":"","name":"Travessa Boa Esperança","surface":"","ref":"","maxspeed":"","lanes":"","IBGE_CD_AD":""},"geometry":{"type":"LineString","coordinates":[[-45.0085636,-3.319821],[-45.0086777,-3.3200022],[-45.0087306,-3.3200798],[-45.0088292,-3.3201869],[-45.0089527,-3.3203139],[-45.0090203,-3.320385],[-45.0090873,-3.3204948],[-45.0094045,-3.3212218]]}},{"type":"Feature","properties":{"full_id":"w438340739","osm_id":"438340739","osm_type":"way","highway":"tertiary","tracktype":"","flood_pron":"","ford":"","addr_subur":"","access":"","tunnel":"","service":"","embankment":"","descriptio":"","destinatio":"","destinat_1":"","alt_name":"","source_nam":"","layer":"","bridge":"","oneway":"","name":"Avenida Senador Vitorino Freire","surface":"","ref":"","maxspeed":"","lanes":"","IBGE_CD_AD":""},"geometry":{"type":"LineString","coordinates":[[-45.0094045,-3.3212218],[-45.0096573,-3.3210906],[-45.0097321,-3.3210524],[-45.0098088,-3.3210243],[-45.0099376,-3.3209962],[-45.0101327,-3.3209694],[-45.0103285,-3.32095],[-45.0104928,-3.3209266],[-45.0107154,-3.3208797],[-45.0108509,-3.3208248],[-45.0109377,-3.3207857],[-45.0110688,-3.3207164],[-45.0111379,-3.3206809]]}},{"type":"Feature","properties":{"full_id":"w438340746","osm_id":"438340746","osm_type":"way","highway":"residential","tracktype":"","flood_pron":"","ford":"","addr_subur":"","access":"","tunnel":"","service":"","embankment":"","descriptio":"","destinatio":"","destinat_1":"","alt_name":"","source_nam":"","layer":"","bridge":"","oneway":"","name":"Rua Alexandre José Ferreira","surface":"","ref":"","maxspeed":"","lanes":"","IBGE_CD_AD":""},"geometry":{"type":"LineString","coordinates":[[-45.009616,-3.3218077],[-45.0097772,-3.3217338],[-45.010605,-3.3213414],[-45.010863,-3.3212572]]}},{"type":"Feature","properties":{"full_id":"w438340747","osm_id":"438340747","osm_type":"way","highway":"residential","tracktype":"","flood_pron":"","ford":"","addr_subur":"","access":"","tunnel":"","service":"","embankment":"","descriptio":"","destinatio":"","destinat_1":"","alt_name":"","source_nam":"","layer":"","bridge":"","oneway":"yes","name":"Rua Manoel Clodomir Serejo","surface":"","ref":"","maxspeed":"","lanes":"","IBGE_CD_AD":""},"geometry":{"type":"LineString","coordinates":[[-45.0111379,-3.3206809],[-45.0113086,-3.3210417],[-45.0113743,-3.3211809],[-45.0115054,-3.3213176],[-45.0121246,-3.3219112],[-45.012259,-3.3221098],[-45.0125072,-3.3226341],[-45.0125568,-3.3227611]]}},{"type":"Feature","properties":{"full_id":"w438340748","osm_id":"438340748","osm_type":"way","highway":"residential","tracktype":"","flood_pron":"","ford":"","addr_subur":"","access":"","tunnel":"","service":"","embankment":"","descriptio":"","destinatio":"","destinat_1":"","alt_name":"","source_nam":"","layer":"","bridge":"","oneway":"","name":"Rua Américo José Muniz","surface":"","ref":"","maxspeed":"","lanes":"","IBGE_CD_AD":""},"geometry":{"type":"LineString","coordinates":[[-45.0107154,-3.3208797],[-45.010863,-3.3212572],[-45.0108787,-3.3212935],[-45.01107,-3.3215584],[-45.0114918,-3.3222195],[-45.0115786,-3.322338],[-45.0116684,-3.3225081],[-45.0117067,-3.3226765],[-45.0117278,-3.3229383]]}},{"type":"Feature","properties":{"full_id":"w438340750","osm_id":"438340750","osm_type":"way","highway":"residential","tracktype":"","flood_pron":"","ford":"","addr_subur":"","access":"","tunnel":"","service":"","embankment":"","descriptio":"","destinatio":"","destinat_1":"","alt_name":"","source_nam":"","layer":"","bridge":"","oneway":"","name":"Travessa das Flores","surface":"","ref":"","maxspeed":"","lanes":"","IBGE_CD_AD":""},"geometry":{"type":"LineString","coordinates":[[-45.0125568,-3.3227611],[-45.0117278,-3.3229383]]}},{"type":"Feature","properties":{"full_id":"w438340751","osm_id":"438340751","osm_type":"way","highway":"residential","tracktype":"","flood_pron":"","ford":"","addr_subur":"","access":"","tunnel":"","service":"","embankment":"","descriptio":"","destinatio":"","destinat_1":"","alt_name":"","source_nam":"","layer":"","bridge":"","oneway":"","name":"Travessa Marcelino Furtado","surface":"","ref":"","maxspeed":"","lanes":"","IBGE_CD_AD":""},"geometry":{"type":"LineString","coordinates":[[-45.0114918,-3.3222195],[-45.0121246,-3.3219112]]}},{"type":"Feature","properties":{"full_id":"w438340752","osm_id":"438340752","osm_type":"way","highway":"tertiary","tracktype":"","flood_pron":"","ford":"","addr_subur":"","access":"","tunnel":"","service":"","embankment":"","descriptio":"","destinatio":"","destinat_1":"","alt_name":"","source_nam":"","layer":"","bridge":"","oneway":"","name":"Barragem","surface":"asphalt","ref":"","maxspeed":"40","lanes":"","IBGE_CD_AD":""},"geometry":{"type":"LineString","coordinates":[[-45.0218124,-3.3226176],[-45.0219103,-3.3222587],[-45.0219116,-3.3222112],[-45.021909,-3.3221664],[-45.0218935,-3.3221262],[-45.0218607,-3.3220941],[-45.0218178,-3.3220726],[-45.0198899,-3.3215425],[-45.018579,-3.3211796],[-45.0182685,-3.3210933],[-45.0178568,-3.3209801],[-45.0171259,-3.3207766],[-45.017077,-3.3207686],[-45.017031,-3.3207703],[-45.0169878,-3.320777],[-45.0169643,-3.3207883],[-45.0169328,-3.3208128],[-45.0168516,-3.3209172],[-45.0168268,-3.3209373],[-45.0167879,-3.3209527],[-45.0167309,-3.3209547],[-45.0166056,-3.3209413]]}},{"type":"Feature","properties":{"full_id":"w438342001","osm_id":"438342001","osm_type":"way","highway":"residential","tracktype":"","flood_pron":"","ford":"","addr_subur":"","access":"","tunnel":"","service":"","embankment":"","descriptio":"","destinatio":"","destinat_1":"","alt_name":"","source_nam":"","layer":"","bridge":"","oneway":"yes","name":"Rua Alexandre josé Ferreira","surface":"","ref":"","maxspeed":"","lanes":"","IBGE_CD_AD":""},"geometry":{"type":"LineString","coordinates":[[-45.0108787,-3.3212935],[-45.0113743,-3.3211809]]}},{"type":"Feature","properties":{"full_id":"w438342011","osm_id":"438342011","osm_type":"way","highway":"residential","tracktype":"","flood_pron":"","ford":"","addr_subur":"","access":"","tunnel":"","service":"","embankment":"","descriptio":"","destinatio":"","destinat_1":"","alt_name":"","source_nam":"","layer":"","bridge":"","oneway":"","name":"Rua Nova","surface":"","ref":"","maxspeed":"","lanes":"","IBGE_CD_AD":""},"geometry":{"type":"LineString","coordinates":[[-45.0182685,-3.3210933],[-45.0181236,-3.3215592]]}},{"type":"Feature","properties":{"full_id":"w611890308","osm_id":"611890308","osm_type":"way","highway":"residential","tracktype":"","flood_pron":"","ford":"","addr_subur":"","access":"","tunnel":"","service":"","embankment":"","descriptio":"","destinatio":"","destinat_1":"","alt_name":"","source_nam":"","layer":"","bridge":"","oneway":"","name":"","surface":"unpaved","ref":"","maxspeed":"","lanes":"","IBGE_CD_AD":""},"geometry":{"type":"LineString","coordinates":[[-45.1254845,-3.3467152],[-45.1259539,-3.3467982],[-45.1263669,-3.3468277],[-45.1265225,-3.3467795],[-45.1269543,-3.3465894],[-45.1271313,-3.3465438],[-45.1274653,-3.3464689],[-45.1275766,-3.3464716],[-45.1276772,-3.346509],[-45.1279387,-3.3466322],[-45.1280513,-3.3466188],[-45.1283906,-3.3464394],[-45.1286629,-3.3462239],[-45.1287286,-3.3461944],[-45.1289338,-3.3461395],[-45.1290035,-3.3460967],[-45.1292355,-3.345853],[-45.129438,-3.3456883],[-45.1295722,-3.3455424],[-45.1297666,-3.3452452],[-45.1299343,-3.3450792],[-45.130236,-3.3448556],[-45.1305203,-3.3446749],[-45.1309186,-3.3443803],[-45.131038,-3.3443053],[-45.1311801,-3.3441849],[-45.1313853,-3.3440054],[-45.1315248,-3.3439171],[-45.1316321,-3.3438207],[-45.131679,-3.3437591],[-45.1318212,-3.3434833],[-45.1319285,-3.3432945],[-45.1321431,-3.3430027],[-45.1322316,-3.3428969],[-45.1323563,-3.3425983],[-45.1324086,-3.3425167],[-45.1324529,-3.342439],[-45.1325011,-3.3423454],[-45.1325789,-3.3422221],[-45.1326836,-3.3420936],[-45.1328176,-3.3419142],[-45.1330081,-3.3416893],[-45.1332119,-3.3414804],[-45.1334077,-3.3413492],[-45.1335847,-3.3413198],[-45.1337349,-3.3413091],[-45.1339307,-3.3412769],[-45.1342043,-3.3412368],[-45.1343786,-3.3411725],[-45.134671,-3.3411381],[-45.1350311,-3.341091],[-45.1353996,-3.3410357],[-45.1355381,-3.3410136],[-45.1356821,-3.3409666],[-45.1358982,-3.3409002],[-45.1361088,-3.3408117],[-45.1367487,-3.3406458],[-45.1370068,-3.3405883],[-45.1373401,-3.3405177],[-45.1383804,-3.3402973],[-45.1390453,-3.3401452],[-45.1392087,-3.3401673],[-45.139688,-3.3403167],[-45.1399207,-3.3403637],[-45.1405048,-3.3402246],[-45.1423309,-3.3398355],[-45.1426245,-3.3398686],[-45.1438952,-3.3400532],[-45.1441676,-3.339971],[-45.1446884,-3.3395893],[-45.1449156,-3.3394621],[-45.1459669,-3.3389436],[-45.1461927,-3.3388371],[-45.1466719,-3.338566],[-45.1468285,-3.3384997],[-45.1470764,-3.338378],[-45.1471928,-3.3382798],[-45.1472759,-3.3382203],[-45.1473881,-3.338165],[-45.1474532,-3.338136],[-45.1475072,-3.3381056],[-45.1475792,-3.3380627],[-45.1476845,-3.3380032],[-45.1479006,-3.3379424]]}},{"type":"Feature","properties":{"full_id":"w611890310","osm_id":"611890310","osm_type":"way","highway":"residential","tracktype":"","flood_pron":"","ford":"","addr_subur":"","access":"","tunnel":"","service":"","embankment":"","descriptio":"","destinatio":"","destinat_1":"","alt_name":"","source_nam":"","layer":"","bridge":"","oneway":"","name":"","surface":"unpaved","ref":"","maxspeed":"","lanes":"","IBGE_CD_AD":""},"geometry":{"type":"LineString","coordinates":[[-45.0842858,-3.3575696],[-45.0869894,-3.3570482],[-45.0873542,-3.3569223],[-45.0877458,-3.3566492],[-45.088647,-3.3557709],[-45.0892693,-3.3549034],[-45.0898272,-3.3546035],[-45.0903744,-3.3540519],[-45.0912273,-3.3527185],[-45.0921822,-3.3515778],[-45.093357,-3.3509244],[-45.0946498,-3.3498641],[-45.094918,-3.3497329],[-45.0952721,-3.3496927],[-45.0960177,-3.3498802],[-45.0967259,-3.3498855],[-45.0980772,-3.349618],[-45.0989521,-3.3494678],[-45.0996481,-3.3491596],[-45.099784,-3.34911],[-45.1006332,-3.3484128],[-45.1019911,-3.347157],[-45.1022539,-3.3468652],[-45.1024486,-3.3464501],[-45.1028359,-3.3456334],[-45.1041127,-3.3441125],[-45.1043862,-3.3438394],[-45.1045632,-3.3437109],[-45.1048315,-3.3436199],[-45.1053143,-3.3437055],[-45.1069558,-3.3441232],[-45.1071677,-3.3442571],[-45.1072937,-3.3443964],[-45.1075995,-3.344774],[-45.1077926,-3.3449346],[-45.1083183,-3.3451408],[-45.1090103,-3.3452479],[-45.1096434,-3.3455986],[-45.1124597,-3.3470419],[-45.1134575,-3.3477381],[-45.1141495,-3.3486163],[-45.1147288,-3.3491733],[-45.1153994,-3.3494785],[-45.1158768,-3.3495481],[-45.1174325,-3.3494678],[-45.1184464,-3.3490876],[-45.1187844,-3.3489323],[-45.119074,-3.3485574],[-45.1192671,-3.3479416],[-45.1198357,-3.3475453],[-45.1220244,-3.3471008],[-45.122534,-3.3468759],[-45.1250768,-3.3466938],[-45.1254845,-3.3467152]]}},{"type":"Feature","properties":{"full_id":"w611890311","osm_id":"611890311","osm_type":"way","highway":"residential","tracktype":"","flood_pron":"","ford":"","addr_subur":"","access":"","tunnel":"","service":"","embankment":"","descriptio":"","destinatio":"","destinat_1":"","alt_name":"","source_nam":"","layer":"","bridge":"","oneway":"","name":"","surface":"","ref":"","maxspeed":"","lanes":"","IBGE_CD_AD":""},"geometry":{"type":"LineString","coordinates":[[-45.1245274,-3.373648],[-45.1257473,-3.3701496],[-45.1266486,-3.3684145],[-45.1268792,-3.367381],[-45.1273137,-3.3663421],[-45.1275551,-3.3659726],[-45.1280513,-3.3656138],[-45.1281023,-3.3654049],[-45.1279306,-3.3647864],[-45.1279038,-3.3646445],[-45.1279521,-3.3644972],[-45.1282901,-3.3638171],[-45.128341,-3.3633887],[-45.1284483,-3.3626149],[-45.1285744,-3.3623712],[-45.128856,-3.3621704],[-45.1301569,-3.3616456],[-45.1303849,-3.3615331],[-45.1305619,-3.3612761],[-45.1309554,-3.3608769],[-45.1314175,-3.360446],[-45.1321726,-3.3598125],[-45.132426,-3.3595999],[-45.1331435,-3.3588154],[-45.1332629,-3.3586306],[-45.1344994,-3.356842],[-45.135017,-3.3561967],[-45.1351378,-3.3559128],[-45.1351807,-3.3556049],[-45.1353148,-3.3552434],[-45.1355052,-3.3550587],[-45.1368356,-3.3543839],[-45.1375115,-3.3541269],[-45.1401561,-3.3535431]]}},{"type":"Feature","properties":{"full_id":"w611890312","osm_id":"611890312","osm_type":"way","highway":"residential","tracktype":"","flood_pron":"","ford":"","addr_subur":"","access":"","tunnel":"","service":"","embankment":"","descriptio":"","destinatio":"","destinat_1":"","alt_name":"","source_nam":"","layer":"","bridge":"","oneway":"","name":"","surface":"","ref":"","maxspeed":"","lanes":"","IBGE_CD_AD":""},"geometry":{"type":"LineString","coordinates":[[-45.0842858,-3.3575696],[-45.082891,-3.3571472],[-45.0787926,-3.3560762],[-45.0775388,-3.3555575],[-45.0772262,-3.3554282],[-45.0761104,-3.3548338],[-45.0725431,-3.3529273],[-45.0718403,-3.3522418],[-45.0714058,-3.3516795],[-45.0710893,-3.3511065],[-45.0708747,-3.3505228],[-45.0707674,-3.3501372],[-45.070762,-3.3496231],[-45.0706601,-3.3474221],[-45.0704402,-3.3470526],[-45.0700379,-3.3467795],[-45.0675595,-3.3463939],[-45.06639,-3.3459655],[-45.0655693,-3.346003],[-45.0629997,-3.3449801],[-45.0623667,-3.3449051],[-45.0611758,-3.3451247],[-45.0598026,-3.3451729],[-45.0593841,-3.3449962],[-45.0576568,-3.3435235],[-45.056305,-3.342024],[-45.0559455,-3.3418098],[-45.05557,-3.3417294],[-45.0544435,-3.3418098],[-45.0539661,-3.3420401],[-45.053215,-3.3425381],[-45.0525605,-3.3427202],[-45.0518418,-3.3428166],[-45.0504416,-3.3425381],[-45.0490684,-3.3424474],[-45.0476401,-3.3422971],[-45.0473564,-3.342164],[-45.0471492,-3.3419356],[-45.0462004,-3.3403303],[-45.0459409,-3.3398926],[-45.0454688,-3.3387894],[-45.0452302,-3.3385444],[-45.0447178,-3.3380182],[-45.0434518,-3.3377611],[-45.0419927,-3.3351263],[-45.0410995,-3.334647],[-45.0408849,-3.3345908],[-45.0406864,-3.3345814],[-45.0403726,-3.3345935],[-45.0402127,-3.3345962],[-45.040032,-3.3345828],[-45.0397872,-3.3345373],[-45.0394647,-3.334479],[-45.0391301,-3.3344174],[-45.0388008,-3.3343632],[-45.0384931,-3.3343003],[-45.0383274,-3.3342708],[-45.0382097,-3.3342558],[-45.0381169,-3.3342454],[-45.0379948,-3.3342481],[-45.0379003,-3.3342521],[-45.0375482,-3.3342969],[-45.0374208,-3.3343097],[-45.0372901,-3.3343157],[-45.0367543,-3.3343297],[-45.0362387,-3.3343585],[-45.0355728,-3.3344422],[-45.0354233,-3.3344636],[-45.0353059,-3.334481],[-45.035151,-3.3344904],[-45.0349921,-3.3344864],[-45.0347802,-3.334475],[-45.0345509,-3.3344589],[-45.034286,-3.3344208],[-45.0341298,-3.3343893],[-45.0340064,-3.3343705],[-45.0336932,-3.3343063],[-45.0335397,-3.3342802],[-45.0332299,-3.33424],[-45.0323662,-3.3341597],[-45.0320698,-3.3341222],[-45.0314878,-3.3340205],[-45.0311069,-3.3339415],[-45.030891,-3.3338893],[-45.0306898,-3.333829],[-45.0305155,-3.333734],[-45.0302593,-3.3335733],[-45.0298154,-3.3332801],[-45.0294654,-3.3329896],[-45.0293246,-3.3328356],[-45.0292589,-3.3327285],[-45.0292294,-3.3326321],[-45.0292052,-3.3324393],[-45.0291824,-3.3321207],[-45.0291851,-3.3319747],[-45.0291972,-3.3318957],[-45.029228,-3.3318054],[-45.0292562,-3.3317337],[-45.0293393,-3.3315035],[-45.0293823,-3.3312491],[-45.0293823,-3.3311045],[-45.0293715,-3.3309934],[-45.0293273,-3.3308474],[-45.0291757,-3.3304632],[-45.0290671,-3.3301459],[-45.0289772,-3.3297938],[-45.0289316,-3.3296679],[-45.0288867,-3.3295856],[-45.0288069,-3.3294905],[-45.028707,-3.3294028],[-45.0286185,-3.3293345],[-45.0285199,-3.3292515],[-45.0284529,-3.3291632],[-45.0283563,-3.3289864],[-45.0282812,-3.3288445],[-45.0281833,-3.3286919],[-45.0280599,-3.3285433],[-45.0278936,-3.3283773],[-45.0277126,-3.3282206],[-45.0275168,-3.3280292],[-45.0274014,-3.3279047],[-45.0273143,-3.3277788],[-45.0271761,-3.3275405],[-45.0270648,-3.3273397],[-45.0269991,-3.3272352],[-45.0269012,-3.3271107],[-45.0265619,-3.3267278],[-45.0259293,-3.3260196],[-45.0257036,-3.3257571],[-45.0253127,-3.325306],[-45.0245047,-3.3243848],[-45.0241426,-3.3239765]]}},{"type":"Feature","properties":{"full_id":"w613420953","osm_id":"613420953","osm_type":"way","highway":"unclassified","tracktype":"","flood_pron":"","ford":"","addr_subur":"","access":"","tunnel":"","service":"","embankment":"","descriptio":"","destinatio":"","destinat_1":"","alt_name":"","source_nam":"","layer":"","bridge":"","oneway":"","name":"","surface":"unpaved","ref":"","maxspeed":"","lanes":"","IBGE_CD_AD":""},"geometry":{"type":"LineString","coordinates":[[-45.0627613,-3.5853284],[-45.0627345,-3.5850595],[-45.0623042,-3.5845889],[-45.0618739,-3.5841721],[-45.0617798,-3.5838897],[-45.0617529,-3.5834729],[-45.0618538,-3.5825355],[-45.0619866,-3.5799055],[-45.0622392,-3.5787606],[-45.0627928,-3.5777424],[-45.062864,-3.5774662],[-45.0628086,-3.5770715],[-45.0625793,-3.5765742],[-45.0625872,-3.5761401],[-45.0626425,-3.5758954],[-45.062603,-3.5743247],[-45.0625555,-3.5735669],[-45.0623815,-3.5731565],[-45.0621996,-3.5725881],[-45.0618833,-3.5709779],[-45.0616065,-3.5698808],[-45.0612823,-3.5686257],[-45.0612743,-3.5680495],[-45.0612664,-3.5679627],[-45.0618517,-3.5669524],[-45.0619703,-3.5666051],[-45.0620019,-3.5655947],[-45.0620494,-3.5652553],[-45.0622866,-3.5645449],[-45.0635362,-3.562005],[-45.0636268,-3.5617581],[-45.0635845,-3.5582143],[-45.0634729,-3.5571804],[-45.0631961,-3.5489555],[-45.0626629,-3.540303]]}},{"type":"Feature","properties":{"full_id":"w628138942","osm_id":"628138942","osm_type":"way","highway":"residential","tracktype":"","flood_pron":"","ford":"","addr_subur":"","access":"","tunnel":"","service":"","embankment":"","descriptio":"","destinatio":"","destinat_1":"","alt_name":"","source_nam":"","layer":"","bridge":"","oneway":"no","name":"","surface":"unpaved","ref":"","maxspeed":"","lanes":"","IBGE_CD_AD":""},"geometry":{"type":"LineString","coordinates":[[-44.8771461,-3.4539653],[-44.8780359,-3.4539111],[-44.8785976,-3.453893]]}},{"type":"Feature","properties":{"full_id":"w628138943","osm_id":"628138943","osm_type":"way","highway":"unclassified","tracktype":"","flood_pron":"","ford":"","addr_subur":"","access":"","tunnel":"","service":"","embankment":"","descriptio":"","destinatio":"","destinat_1":"","alt_name":"","source_nam":"","layer":"","bridge":"","oneway":"no","name":"","surface":"unpaved","ref":"","maxspeed":"","lanes":"","IBGE_CD_AD":""},"geometry":{"type":"LineString","coordinates":[[-44.8785976,-3.453893],[-44.8820512,-3.4535992],[-44.8850209,-3.4533789],[-44.8889561,-3.453054],[-44.8947463,-3.4525599],[-44.895156,-3.4525179]]}},{"type":"Feature","properties":{"full_id":"w628138944","osm_id":"628138944","osm_type":"way","highway":"unclassified","tracktype":"","flood_pron":"","ford":"","addr_subur":"","access":"","tunnel":"","service":"","embankment":"","descriptio":"","destinatio":"","destinat_1":"","alt_name":"","source_nam":"","layer":"","bridge":"","oneway":"","name":"","surface":"unpaved","ref":"","maxspeed":"","lanes":"","IBGE_CD_AD":""},"geometry":{"type":"LineString","coordinates":[[-44.9004252,-3.4520702],[-44.9008976,-3.4520703],[-44.9027013,-3.4519034],[-44.9028596,-3.4519189],[-44.9030625,-3.4519657],[-44.907555,-3.4523863],[-44.9082997,-3.452364],[-44.9095817,-3.4526422],[-44.9104484,-3.4527899],[-44.9109876,-3.4526828],[-44.9116374,-3.4526467],[-44.9117355,-3.4526222],[-44.9126986,-3.4512602],[-44.9128146,-3.4510332],[-44.9129862,-3.4504857],[-44.9131821,-3.4499823],[-44.9131891,-3.4496823],[-44.9133332,-3.4493498],[-44.9132259,-3.4485894],[-44.91358,-3.448236],[-44.9156077,-3.4465814],[-44.915715,-3.446485],[-44.9158652,-3.4463994],[-44.9172009,-3.4461852],[-44.9185045,-3.4459014],[-44.9196847,-3.4455587],[-44.9217285,-3.4451517],[-44.9232627,-3.4449536],[-44.9241586,-3.444884],[-44.9247111,-3.4449268],[-44.9261434,-3.445232],[-44.9264385,-3.4453231],[-44.9274684,-3.4458264],[-44.9276072,-3.4459692]]}},{"type":"Feature","properties":{"full_id":"w628138954","osm_id":"628138954","osm_type":"way","highway":"service","tracktype":"","flood_pron":"","ford":"","addr_subur":"","access":"","tunnel":"","service":"","embankment":"","descriptio":"","destinatio":"","destinat_1":"","alt_name":"","source_nam":"","layer":"","bridge":"","oneway":"no","name":"","surface":"unpaved","ref":"","maxspeed":"","lanes":"","IBGE_CD_AD":""},"geometry":{"type":"LineString","coordinates":[[-44.8786321,-3.4232999],[-44.878742,-3.4231383],[-44.8788423,-3.423027]]}},{"type":"Feature","properties":{"full_id":"w628138956","osm_id":"628138956","osm_type":"way","highway":"residential","tracktype":"","flood_pron":"","ford":"","addr_subur":"","access":"","tunnel":"","service":"","embankment":"","descriptio":"","destinatio":"","destinat_1":"","alt_name":"","source_nam":"","layer":"","bridge":"","oneway":"","name":"","surface":"unpaved","ref":"","maxspeed":"","lanes":"","IBGE_CD_AD":""},"geometry":{"type":"LineString","coordinates":[[-44.8723657,-3.4191881],[-44.8722685,-3.4191968],[-44.8722055,-3.4192088]]}},{"type":"Feature","properties":{"full_id":"w628292621","osm_id":"628292621","osm_type":"way","highway":"primary","tracktype":"","flood_pron":"","ford":"","addr_subur":"","access":"","tunnel":"","service":"","embankment":"","descriptio":"","destinatio":"","destinat_1":"","alt_name":"","source_nam":"","layer":"","bridge":"","oneway":"no","name":"Rodovia Deputado João Evangelista","surface":"asphalt","ref":"MA-014","maxspeed":"80","lanes":"2","IBGE_CD_AD":"estadual"},"geometry":{"type":"LineString","coordinates":[[-44.8722579,-3.4613425],[-44.8723252,-3.460966],[-44.8728092,-3.4598231],[-44.8742614,-3.458855],[-44.8762514,-3.4580482],[-44.8771119,-3.4564347],[-44.8770582,-3.4542296],[-44.8770582,-3.4518093],[-44.8771119,-3.4488512],[-44.8774884,-3.4452476],[-44.8779187,-3.4422357],[-44.8785103,-3.4392238],[-44.8788504,-3.4357707],[-44.87896,-3.4350758],[-44.8798066,-3.4289273],[-44.8801721,-3.426312],[-44.8802469,-3.425837],[-44.88025,-3.4254963],[-44.8802298,-3.4253453],[-44.8801966,-3.4250982],[-44.8801086,-3.4248106],[-44.8799983,-3.4245653],[-44.8798673,-3.4243278],[-44.8797029,-3.424111],[-44.8794359,-3.4238674],[-44.878961,-3.4235338],[-44.8786321,-3.4232999],[-44.8781767,-3.423],[-44.877478,-3.4225442],[-44.8765902,-3.4219592],[-44.8750339,-3.4209358],[-44.8739084,-3.4201948],[-44.8733166,-3.4198052],[-44.8732227,-3.4197423],[-44.8723657,-3.4191881],[-44.8719822,-3.4189337],[-44.870802,-3.418168],[-44.8704467,-3.4179349],[-44.869241,-3.4171438],[-44.8682727,-3.4165053],[-44.8669799,-3.4156579],[-44.8664635,-3.4153232],[-44.8661403,-3.4150768],[-44.8658654,-3.4148292],[-44.8655958,-3.414528],[-44.8655838,-3.4145106],[-44.8653424,-3.4141304],[-44.8651654,-3.4137569],[-44.8650339,-3.4133887],[-44.8644908,-3.4118753],[-44.8638296,-3.4100406],[-44.863552,-3.409252],[-44.8630142,-3.4077299],[-44.8621613,-3.405351],[-44.8617281,-3.40413],[-44.8593784,-3.3975834],[-44.8573322,-3.3918411],[-44.8533039,-3.3806577],[-44.8531011,-3.3798718],[-44.8530891,-3.3793835],[-44.8531667,-3.378806],[-44.8533874,-3.3782403],[-44.854146,-3.3768829],[-44.8564887,-3.3726907],[-44.8569827,-3.3717685],[-44.8573466,-3.3710894],[-44.8575086,-3.3706256],[-44.8576095,-3.370171],[-44.8576309,-3.3696981],[-44.8575986,-3.369227],[-44.8571442,-3.3668451],[-44.8560796,-3.3611473],[-44.8558897,-3.3601307],[-44.8558232,-3.3596098],[-44.8558539,-3.3590649],[-44.855965,-3.3586894],[-44.8561223,-3.3583206],[-44.8567366,-3.3572965],[-44.8595094,-3.3528073],[-44.861759,-3.3491785],[-44.8820376,-3.3164309],[-44.8902649,-3.3031115],[-44.8938652,-3.2972828],[-44.8942206,-3.2966185],[-44.8944928,-3.2958824],[-44.8951963,-3.2937092]]}},{"type":"Feature","properties":{"full_id":"w664626300","osm_id":"664626300","osm_type":"way","highway":"residential","tracktype":"","flood_pron":"","ford":"","addr_subur":"","access":"","tunnel":"","service":"","embankment":"","descriptio":"","destinatio":"","destinat_1":"","alt_name":"","source_nam":"","layer":"","bridge":"","oneway":"","name":"","surface":"unpaved","ref":"","maxspeed":"","lanes":"","IBGE_CD_AD":""},"geometry":{"type":"LineString","coordinates":[[-45.1104254,-3.5671501],[-45.1100028,-3.567442],[-45.1095843,-3.5678275],[-45.1095602,-3.568114],[-45.1097801,-3.5687752],[-45.1100135,-3.569233]]}},{"type":"Feature","properties":{"full_id":"w664626302","osm_id":"664626302","osm_type":"way","highway":"tertiary","tracktype":"","flood_pron":"","ford":"","addr_subur":"","access":"","tunnel":"","service":"","embankment":"","descriptio":"","destinatio":"","destinat_1":"","alt_name":"","source_nam":"","layer":"","bridge":"","oneway":"","name":"","surface":"","ref":"","maxspeed":"","lanes":"","IBGE_CD_AD":""},"geometry":{"type":"LineString","coordinates":[[-45.1003565,-3.5933221],[-45.1006119,-3.5930263],[-45.1008674,-3.5927439],[-45.1012842,-3.5922464],[-45.1015397,-3.5916144],[-45.1016204,-3.5910766],[-45.1016204,-3.590485],[-45.1018624,-3.5901354],[-45.1021986,-3.5893958],[-45.1025751,-3.5890193],[-45.103328,-3.589221],[-45.1042827,-3.5895975],[-45.1045651,-3.5899606],[-45.1048474,-3.5903774],[-45.1051432,-3.590606],[-45.1055063,-3.590485],[-45.1057811,-3.5898619],[-45.1058741,-3.589669],[-45.1058894,-3.5895195],[-45.105877,-3.5893917],[-45.105808,-3.5892683],[-45.1057204,-3.5892003],[-45.1056001,-3.589132],[-45.1054693,-3.5891062],[-45.1053416,-3.5891358],[-45.1049269,-3.5892218],[-45.1048636,-3.58923],[-45.1046449,-3.5892203],[-45.1037196,-3.5888475],[-45.1035612,-3.5888054],[-45.1033534,-3.5887847],[-45.1028367,-3.5886937],[-45.1027637,-3.5886279],[-45.1026907,-3.5885621],[-45.1026187,-3.5884029],[-45.1026148,-3.5881876],[-45.1026694,-3.5875712],[-45.1026857,-3.5870724],[-45.1028493,-3.5860498],[-45.1029083,-3.585766],[-45.1037613,-3.5845855],[-45.1042843,-3.5840849],[-45.1051936,-3.5836673],[-45.1053813,-3.583421],[-45.105494,-3.5829579],[-45.1055878,-3.5824546],[-45.1060599,-3.5814614],[-45.1065025,-3.5807922],[-45.10665,-3.5798445],[-45.1068431,-3.5795447],[-45.1080877,-3.578589],[-45.1086348,-3.5780403],[-45.1100135,-3.5766429],[-45.1107565,-3.5760807],[-45.111073,-3.5757461],[-45.1111776,-3.5751224],[-45.1112151,-3.5743541],[-45.1112186,-3.573671],[-45.1112205,-3.5732886],[-45.1111642,-3.5728442],[-45.1108584,-3.5717948],[-45.1104596,-3.5703461],[-45.1103595,-3.5699825],[-45.1100135,-3.569233]]}},{"type":"Feature","properties":{"full_id":"w664626306","osm_id":"664626306","osm_type":"way","highway":"unclassified","tracktype":"","flood_pron":"","ford":"","addr_subur":"","access":"","tunnel":"","service":"","embankment":"","descriptio":"","destinatio":"","destinat_1":"","alt_name":"","source_nam":"","layer":"","bridge":"","oneway":"","name":"","surface":"unpaved","ref":"","maxspeed":"","lanes":"","IBGE_CD_AD":""},"geometry":{"type":"LineString","coordinates":[[-45.0750623,-3.5385801],[-45.0752735,-3.5387253],[-45.0756598,-3.5388966],[-45.0760728,-3.5392768],[-45.0766736,-3.5396141],[-45.077017,-3.5396409],[-45.0785297,-3.5394267],[-45.0795114,-3.5394106],[-45.0799781,-3.5390519],[-45.0811046,-3.5376009],[-45.0811797,-3.5373814],[-45.0815445,-3.5365568],[-45.0814855,-3.5359465],[-45.081287,-3.5351755],[-45.080992,-3.534806],[-45.0803965,-3.5342224],[-45.0802105,-3.5340114],[-45.0801659,-3.5338423]]}},{"type":"Feature","properties":{"full_id":"w664626310","osm_id":"664626310","osm_type":"way","highway":"residential","tracktype":"","flood_pron":"","ford":"","addr_subur":"","access":"","tunnel":"","service":"","embankment":"","descriptio":"","destinatio":"","destinat_1":"","alt_name":"","source_nam":"","layer":"","bridge":"","oneway":"","name":"","surface":"","ref":"","maxspeed":"","lanes":"","IBGE_CD_AD":""},"geometry":{"type":"LineString","coordinates":[[-45.0358688,-3.4630008],[-45.0355607,-3.4624999]]}},{"type":"Feature","properties":{"full_id":"w664626315","osm_id":"664626315","osm_type":"way","highway":"residential","tracktype":"","flood_pron":"","ford":"","addr_subur":"","access":"","tunnel":"","service":"","embankment":"","descriptio":"","destinatio":"","destinat_1":"","alt_name":"","source_nam":"","layer":"","bridge":"","oneway":"","name":"","surface":"unpaved","ref":"","maxspeed":"","lanes":"","IBGE_CD_AD":""},"geometry":{"type":"LineString","coordinates":[[-45.0525807,-3.4846111],[-45.0527215,-3.4842743],[-45.0529924,-3.4840266],[-45.0534403,-3.4836598],[-45.0536053,-3.4833533],[-45.053848,-3.4824952],[-45.0539808,-3.481858],[-45.0539459,-3.4815341]]}},{"type":"Feature","properties":{"full_id":"w664626316","osm_id":"664626316","osm_type":"way","highway":"tertiary","tracktype":"","flood_pron":"","ford":"","addr_subur":"","access":"","tunnel":"","service":"","embankment":"","descriptio":"","destinatio":"","destinat_1":"","alt_name":"","source_nam":"","layer":"","bridge":"","oneway":"","name":"","surface":"unpaved","ref":"","maxspeed":"","lanes":"","IBGE_CD_AD":""},"geometry":{"type":"LineString","coordinates":[[-45.0412872,-3.4643287],[-45.0397879,-3.4653807],[-45.0387365,-3.4662267],[-45.0375295,-3.467287],[-45.036521,-3.4677314],[-45.0352871,-3.4687916],[-45.0350994,-3.46907],[-45.0351691,-3.4700446],[-45.0351745,-3.4714903],[-45.0353944,-3.4722507],[-45.0358611,-3.4734501],[-45.0361991,-3.4746548],[-45.036411,-3.4751823],[-45.0371754,-3.47613],[-45.0390878,-3.4781808],[-45.0406918,-3.479739],[-45.0410888,-3.4798916],[-45.0416118,-3.479913],[-45.0425184,-3.4797979],[-45.0432318,-3.4798273],[-45.0444281,-3.4800496],[-45.0452274,-3.4803681],[-45.0463325,-3.4809893],[-45.0469548,-3.4811553],[-45.0478989,-3.4812731],[-45.0483656,-3.481439],[-45.0488377,-3.4818032],[-45.0492507,-3.4820066],[-45.0501841,-3.4825314],[-45.0502824,-3.4826877],[-45.0506455,-3.4832649],[-45.0509942,-3.4835541],[-45.052067,-3.4842984],[-45.0525807,-3.4846111],[-45.0529039,-3.4849891],[-45.0534725,-3.4855674],[-45.0535852,-3.4858244],[-45.0535852,-3.4861885],[-45.0533062,-3.4867989],[-45.0533438,-3.4872326],[-45.0534511,-3.4876503],[-45.0536817,-3.4879287],[-45.0540304,-3.4888443],[-45.0540894,-3.4892513],[-45.0540948,-3.4896582],[-45.0539339,-3.4902365],[-45.0533974,-3.4916126],[-45.0531989,-3.4919392],[-45.0531453,-3.4922658],[-45.0530595,-3.4936955],[-45.0530917,-3.4942416],[-45.0531721,-3.4947342],[-45.0534135,-3.4953714],[-45.0537408,-3.4959122],[-45.0543898,-3.4966886],[-45.0550282,-3.4977541],[-45.0559026,-3.4991409],[-45.0557578,-3.4999066],[-45.0553984,-3.5007419],[-45.0547439,-3.5021662],[-45.0545186,-3.502964],[-45.0542933,-3.5040081],[-45.0540036,-3.5044204],[-45.053097,-3.5048112],[-45.0526249,-3.5054698],[-45.0523514,-3.5057268],[-45.0505596,-3.5081149],[-45.049814,-3.5092125],[-45.0493044,-3.5109527],[-45.0491649,-3.512559],[-45.0493312,-3.5132979],[-45.0495726,-3.5141867],[-45.0494063,-3.5158251],[-45.0489986,-3.518015],[-45.0487143,-3.5190645],[-45.0482208,-3.5196588],[-45.0480276,-3.5202746],[-45.0478452,-3.521142],[-45.0477648,-3.5221111],[-45.0476307,-3.523273],[-45.0474376,-3.5244884],[-45.0469279,-3.5253397],[-45.0467402,-3.5262928],[-45.0467187,-3.5272191],[-45.04644,-3.5278771],[-45.0463808,-3.5280168],[-45.0451791,-3.5295642],[-45.0448547,-3.5299745],[-45.0444242,-3.5304202],[-45.0439453,-3.5307957],[-45.0434621,-3.530998],[-45.0428939,-3.5311437],[-45.0423424,-3.5312102],[-45.0418511,-3.5312132],[-45.0416785,-3.5312435],[-45.0415767,-3.5313339],[-45.0414458,-3.5318099]]}},{"type":"Feature","properties":{"full_id":"w664626317","osm_id":"664626317","osm_type":"way","highway":"tertiary","tracktype":"","flood_pron":"","ford":"","addr_subur":"","access":"","tunnel":"","service":"","embankment":"","descriptio":"","destinatio":"","destinat_1":"","alt_name":"","source_nam":"","layer":"","bridge":"","oneway":"no","name":"","surface":"unpaved","ref":"","maxspeed":"","lanes":"","IBGE_CD_AD":""},"geometry":{"type":"LineString","coordinates":[[-45.0337983,-3.5550687],[-45.0335602,-3.5547169],[-45.0331982,-3.5542416],[-45.0330466,-3.5539972],[-45.0329487,-3.5537318],[-45.0329024,-3.5535058],[-45.0329027,-3.5533357],[-45.0329268,-3.5528976],[-45.0330523,-3.5524937],[-45.0333392,-3.5518274],[-45.0340197,-3.550991]]}},{"type":"Feature","properties":{"full_id":"w682958525","osm_id":"682958525","osm_type":"way","highway":"tertiary","tracktype":"","flood_pron":"","ford":"","addr_subur":"","access":"","tunnel":"","service":"","embankment":"","descriptio":"","destinatio":"","destinat_1":"","alt_name":"","source_nam":"","layer":"","bridge":"","oneway":"no","name":"","surface":"unpaved","ref":"","maxspeed":"","lanes":"","IBGE_CD_AD":""},"geometry":{"type":"LineString","coordinates":[[-45.0336834,-3.568831],[-45.0341445,-3.5675786],[-45.0341948,-3.5674534],[-45.034233,-3.5673657],[-45.0343765,-3.567084],[-45.0346327,-3.5665245],[-45.0346709,-3.5664355],[-45.0346984,-3.5663532],[-45.0348794,-3.5657006],[-45.0352875,-3.5640651],[-45.0352768,-3.5636582],[-45.0350861,-3.5626964],[-45.0350184,-3.5622534],[-45.0349802,-3.5603857],[-45.0349604,-3.5595412],[-45.0348799,-3.5588931],[-45.0347699,-3.5582207],[-45.0346345,-3.5569729],[-45.0345902,-3.5568157],[-45.0345147,-3.5565807],[-45.0343879,-3.5563037],[-45.0340444,-3.5557147],[-45.0339437,-3.5554986],[-45.0338826,-3.5552603],[-45.0337983,-3.5550687]]}},{"type":"Feature","properties":{"full_id":"w682958526","osm_id":"682958526","osm_type":"way","highway":"tertiary","tracktype":"","flood_pron":"","ford":"","addr_subur":"","access":"","tunnel":"","service":"","embankment":"","descriptio":"","destinatio":"","destinat_1":"","alt_name":"","source_nam":"","layer":"1","bridge":"yes","oneway":"","name":"","surface":"unpaved","ref":"","maxspeed":"","lanes":"","IBGE_CD_AD":""},"geometry":{"type":"LineString","coordinates":[[-45.0336541,-3.5689051],[-45.0336834,-3.568831]]}},{"type":"Feature","properties":{"full_id":"w682958527","osm_id":"682958527","osm_type":"way","highway":"tertiary","tracktype":"","flood_pron":"","ford":"","addr_subur":"","access":"","tunnel":"","service":"","embankment":"","descriptio":"","destinatio":"","destinat_1":"","alt_name":"","source_nam":"","layer":"1","bridge":"yes","oneway":"","name":"","surface":"unpaved","ref":"","maxspeed":"","lanes":"","IBGE_CD_AD":""},"geometry":{"type":"LineString","coordinates":[[-45.03203,-3.5716798],[-45.0321118,-3.5715795]]}},{"type":"Feature","properties":{"full_id":"w682958528","osm_id":"682958528","osm_type":"way","highway":"tertiary","tracktype":"","flood_pron":"","ford":"","addr_subur":"","access":"","tunnel":"","service":"","embankment":"","descriptio":"","destinatio":"","destinat_1":"","alt_name":"","source_nam":"","layer":"","bridge":"","oneway":"","name":"","surface":"unpaved","ref":"","maxspeed":"","lanes":"","IBGE_CD_AD":""},"geometry":{"type":"LineString","coordinates":[[-45.0321118,-3.5715795],[-45.0324038,-3.5712046],[-45.0331387,-3.5700816],[-45.0331786,-3.5700086],[-45.0332017,-3.5699628],[-45.0336541,-3.5689051]]}},{"type":"Feature","properties":{"full_id":"w684895452","osm_id":"684895452","osm_type":"way","highway":"tertiary","tracktype":"","flood_pron":"","ford":"","addr_subur":"","access":"","tunnel":"","service":"","embankment":"","descriptio":"","destinatio":"","destinat_1":"","alt_name":"","source_nam":"","layer":"","bridge":"","oneway":"no","name":"","surface":"unpaved","ref":"","maxspeed":"","lanes":"","IBGE_CD_AD":""},"geometry":{"type":"LineString","coordinates":[[-45.0381578,-3.5436908],[-45.0396732,-3.5423856],[-45.0399401,-3.5421878],[-45.0400728,-3.5421004],[-45.040255,-3.5420343],[-45.0408125,-3.5419539],[-45.0409458,-3.5418765],[-45.0410791,-3.5417566],[-45.0412041,-3.5415523],[-45.0413328,-3.5410544],[-45.0414012,-3.5407785],[-45.0414509,-3.5405778],[-45.0415898,-3.5401257],[-45.0416225,-3.5399139],[-45.0415442,-3.5392899],[-45.0413008,-3.5384718],[-45.0412631,-3.5383451],[-45.0411273,-3.5377961],[-45.0410056,-3.536696],[-45.0410432,-3.5361606],[-45.0413689,-3.5352432],[-45.0416333,-3.5342385],[-45.0416333,-3.5336388],[-45.0414423,-3.5328464],[-45.0414026,-3.5323217],[-45.0414458,-3.5318099]]}},{"type":"Feature","properties":{"full_id":"w684895454","osm_id":"684895454","osm_type":"way","highway":"tertiary","tracktype":"","flood_pron":"","ford":"","addr_subur":"","access":"","tunnel":"","service":"","embankment":"","descriptio":"","destinatio":"","destinat_1":"","alt_name":"","source_nam":"","layer":"","bridge":"","oneway":"no","name":"Rua do Açude","surface":"asphalt","ref":"","maxspeed":"","lanes":"","IBGE_CD_AD":""},"geometry":{"type":"LineString","coordinates":[[-45.0354089,-3.5459496],[-45.0355527,-3.5457875],[-45.0355999,-3.5457342],[-45.0356964,-3.5456254],[-45.0363945,-3.545061],[-45.0369312,-3.5446495],[-45.0377112,-3.5440633],[-45.0381578,-3.5436908]]}},{"type":"Feature","properties":{"full_id":"w684895460","osm_id":"684895460","osm_type":"way","highway":"tertiary","tracktype":"","flood_pron":"","ford":"","addr_subur":"","access":"","tunnel":"","service":"","embankment":"","descriptio":"","destinatio":"","destinat_1":"","alt_name":"","source_nam":"","layer":"","bridge":"","oneway":"no","name":"","surface":"asphalt","ref":"","maxspeed":"","lanes":"","IBGE_CD_AD":""},"geometry":{"type":"LineString","coordinates":[[-45.0359357,-3.5474166],[-45.035588,-3.546418],[-45.0354089,-3.5459496]]}},{"type":"Feature","properties":{"full_id":"w687466551","osm_id":"687466551","osm_type":"way","highway":"residential","tracktype":"","flood_pron":"","ford":"","addr_subur":"","access":"","tunnel":"","service":"","embankment":"","descriptio":"","destinatio":"","destinat_1":"","alt_name":"","source_nam":"","layer":"","bridge":"","oneway":"","name":"Rua Nova","surface":"","ref":"","maxspeed":"","lanes":"","IBGE_CD_AD":""},"geometry":{"type":"LineString","coordinates":[[-45.0198899,-3.3215425],[-45.0197498,-3.3220325]]}},{"type":"Feature","properties":{"full_id":"w753486986","osm_id":"753486986","osm_type":"way","highway":"residential","tracktype":"","flood_pron":"","ford":"","addr_subur":"","access":"","tunnel":"","service":"","embankment":"","descriptio":"","destinatio":"","destinat_1":"","alt_name":"","source_nam":"","layer":"","bridge":"","oneway":"yes","name":"Barragem","surface":"asphalt","ref":"","maxspeed":"40","lanes":"1","IBGE_CD_AD":""},"geometry":{"type":"LineString","coordinates":[[-45.0146773,-3.3211235],[-45.0142432,-3.3212633],[-45.0138033,-3.3213999],[-45.0135076,-3.3215003],[-45.0132541,-3.3215779],[-45.0127754,-3.3217259],[-45.0121246,-3.3219112]]}},{"type":"Feature","properties":{"full_id":"w753486987","osm_id":"753486987","osm_type":"way","highway":"tertiary","tracktype":"","flood_pron":"","ford":"","addr_subur":"","access":"","tunnel":"","service":"","embankment":"","descriptio":"","destinatio":"","destinat_1":"","alt_name":"","source_nam":"","layer":"","bridge":"","oneway":"","name":"Rua do Aeroporto","surface":"","ref":"","maxspeed":"","lanes":"","IBGE_CD_AD":""},"geometry":{"type":"LineString","coordinates":[[-45.0218124,-3.3226176],[-45.0197498,-3.3220325],[-45.0181236,-3.3215592],[-45.0167216,-3.3211649],[-45.0166847,-3.3211482],[-45.0166498,-3.3211221],[-45.0166344,-3.3210973],[-45.0166116,-3.3209895],[-45.0166056,-3.3209413]]}},{"type":"Feature","properties":{"full_id":"w753486989","osm_id":"753486989","osm_type":"way","highway":"residential","tracktype":"","flood_pron":"","ford":"","addr_subur":"","access":"","tunnel":"","service":"","embankment":"","descriptio":"","destinatio":"","destinat_1":"","alt_name":"","source_nam":"","layer":"","bridge":"","oneway":"","name":"Rua do Aeroporto","surface":"Asfa","ref":"","maxspeed":"40","lanes":"1","IBGE_CD_AD":""},"geometry":{"type":"LineString","coordinates":[[-45.0241426,-3.3239765],[-45.0232487,-3.322965],[-45.0232018,-3.3229349],[-45.0231495,-3.3229108],[-45.0230878,-3.32289],[-45.0227887,-3.3228485],[-45.0226821,-3.3228291],[-45.0224702,-3.3227876],[-45.0218124,-3.3226176]]}},{"type":"Feature","properties":{"full_id":"w779090580","osm_id":"779090580","osm_type":"way","highway":"unclassified","tracktype":"","flood_pron":"","ford":"","addr_subur":"","access":"","tunnel":"","service":"","embankment":"","descriptio":"","destinatio":"","destinat_1":"","alt_name":"","source_nam":"","layer":"","bridge":"","oneway":"","name":"","surface":"","ref":"","maxspeed":"","lanes":"","IBGE_CD_AD":""},"geometry":{"type":"LineString","coordinates":[[-45.2528965,-3.3544124],[-45.2525407,-3.3540599],[-45.2520016,-3.3544589],[-45.2523545,-3.3549792]]}},{"type":"Feature","properties":{"full_id":"w779090581","osm_id":"779090581","osm_type":"way","highway":"unclassified","tracktype":"","flood_pron":"","ford":"","addr_subur":"","access":"","tunnel":"","service":"","embankment":"","descriptio":"","destinatio":"","destinat_1":"","alt_name":"","source_nam":"","layer":"","bridge":"","oneway":"","name":"","surface":"unpaved","ref":"","maxspeed":"","lanes":"","IBGE_CD_AD":""},"geometry":{"type":"LineString","coordinates":[[-45.2523545,-3.3549792],[-45.2525246,-3.3556799],[-45.2531576,-3.3571686],[-45.2533581,-3.3574542],[-45.2539642,-3.3580781],[-45.2542862,-3.3583933],[-45.254766,-3.3589353],[-45.2550566,-3.3592036],[-45.2552016,-3.3593827],[-45.255309,-3.3595466],[-45.2557825,-3.360284],[-45.2558935,-3.360596],[-45.2558709,-3.3607819],[-45.2558582,-3.3610718],[-45.255872,-3.36141],[-45.2561739,-3.3619479],[-45.2574813,-3.3640554],[-45.2580392,-3.3646231],[-45.2581878,-3.3649856],[-45.2582131,-3.3651432],[-45.2583331,-3.3665234],[-45.2583141,-3.3667314],[-45.2581058,-3.3674373],[-45.257727,-3.3685843],[-45.2576133,-3.3688553],[-45.2573734,-3.3690507],[-45.2567484,-3.3693784],[-45.256559,-3.3695423],[-45.256338,-3.3698448],[-45.2560437,-3.3705673]]}},{"type":"Feature","properties":{"full_id":"w779090582","osm_id":"779090582","osm_type":"way","highway":"track","tracktype":"","flood_pron":"","ford":"","addr_subur":"","access":"","tunnel":"","service":"","embankment":"","descriptio":"","destinatio":"","destinat_1":"","alt_name":"","source_nam":"","layer":"","bridge":"","oneway":"","name":"","surface":"","ref":"","maxspeed":"","lanes":"","IBGE_CD_AD":""},"geometry":{"type":"LineString","coordinates":[[-45.2454033,-3.3618281],[-45.2460766,-3.3609815],[-45.2460444,-3.3605638],[-45.2455294,-3.3593911]]}},{"type":"Feature","properties":{"full_id":"w779090583","osm_id":"779090583","osm_type":"way","highway":"residential","tracktype":"","flood_pron":"","ford":"","addr_subur":"","access":"","tunnel":"","service":"","embankment":"","descriptio":"","destinatio":"","destinat_1":"","alt_name":"","source_nam":"","layer":"","bridge":"","oneway":"","name":"","surface":"","ref":"","maxspeed":"","lanes":"","IBGE_CD_AD":""},"geometry":{"type":"LineString","coordinates":[[-45.2228886,-3.3668244],[-45.2236962,-3.3659351]]}},{"type":"Feature","properties":{"full_id":"w779090584","osm_id":"779090584","osm_type":"way","highway":"residential","tracktype":"","flood_pron":"","ford":"","addr_subur":"","access":"","tunnel":"","service":"","embankment":"","descriptio":"","destinatio":"","destinat_1":"","alt_name":"","source_nam":"","layer":"","bridge":"","oneway":"","name":"","surface":"","ref":"","maxspeed":"","lanes":"","IBGE_CD_AD":""},"geometry":{"type":"LineString","coordinates":[[-45.2248459,-3.369906],[-45.2245603,-3.3695755],[-45.2241902,-3.369057],[-45.2235767,-3.3682081],[-45.2233625,-3.3678192],[-45.2231705,-3.3673756],[-45.2230411,-3.3670318],[-45.2228886,-3.3668244],[-45.2223205,-3.3665457],[-45.221892,-3.3662994],[-45.2215544,-3.3660564],[-45.2209052,-3.3656513],[-45.2204508,-3.3654569],[-45.220295,-3.3653824],[-45.2200223,-3.365269],[-45.2198275,-3.365107],[-45.2193991,-3.3644978],[-45.2190185,-3.3640447]]}},{"type":"Feature","properties":{"full_id":"w779090587","osm_id":"779090587","osm_type":"way","highway":"residential","tracktype":"","flood_pron":"","ford":"","addr_subur":"","access":"","tunnel":"","service":"","embankment":"","descriptio":"","destinatio":"","destinat_1":"","alt_name":"","source_nam":"","layer":"","bridge":"","oneway":"","name":"","surface":"","ref":"","maxspeed":"","lanes":"","IBGE_CD_AD":""},"geometry":{"type":"LineString","coordinates":[[-45.1605249,-3.391677],[-45.1593333,-3.3901867],[-45.1589273,-3.3894437],[-45.158792,-3.3893491],[-45.158589,-3.3892546],[-45.1583409,-3.3889709]]}},{"type":"Feature","properties":{"full_id":"w779090591","osm_id":"779090591","osm_type":"way","highway":"residential","tracktype":"","flood_pron":"","ford":"","addr_subur":"","access":"","tunnel":"","service":"","embankment":"","descriptio":"","destinatio":"","destinat_1":"","alt_name":"","source_nam":"","layer":"","bridge":"","oneway":"","name":"","surface":"","ref":"","maxspeed":"","lanes":"","IBGE_CD_AD":""},"geometry":{"type":"LineString","coordinates":[[-45.2147216,-3.3523222],[-45.2147752,-3.3528684],[-45.2150542,-3.3531897],[-45.2150274,-3.3546838],[-45.2152634,-3.3553907],[-45.2156711,-3.3556906],[-45.2156711,-3.3560333],[-45.2153707,-3.3563975],[-45.2178383,-3.3607245],[-45.2190829,-3.3609173],[-45.2194476,-3.36126],[-45.2196622,-3.3620311],[-45.2193618,-3.3632521],[-45.2190185,-3.3640447]]}},{"type":"Feature","properties":{"full_id":"w779090592","osm_id":"779090592","osm_type":"way","highway":"residential","tracktype":"","flood_pron":"","ford":"","addr_subur":"","access":"","tunnel":"","service":"","embankment":"","descriptio":"","destinatio":"","destinat_1":"","alt_name":"","source_nam":"","layer":"","bridge":"","oneway":"","name":"","surface":"","ref":"","maxspeed":"","lanes":"","IBGE_CD_AD":""},"geometry":{"type":"LineString","coordinates":[[-45.2487444,-3.3558582],[-45.2487526,-3.3561054],[-45.2488978,-3.3563765],[-45.2490777,-3.3565844],[-45.2493776,-3.3568271],[-45.2498907,-3.3575114],[-45.2500689,-3.3578449],[-45.2501667,-3.3581002],[-45.2501825,-3.358387],[-45.2500184,-3.359055],[-45.2498826,-3.3594206],[-45.2498478,-3.3597391],[-45.24993,-3.3602462],[-45.2499426,-3.3617084],[-45.2499016,-3.3618344],[-45.2496869,-3.3620203],[-45.2493703,-3.362165],[-45.2491598,-3.3621621],[-45.2490114,-3.3622315],[-45.2488031,-3.3623607],[-45.2486295,-3.3625686],[-45.2485063,-3.3627987],[-45.248298,-3.3629752],[-45.2480202,-3.3631138],[-45.2473573,-3.3632273],[-45.2468365,-3.3634857]]}},{"type":"Feature","properties":{"full_id":"w779090594","osm_id":"779090594","osm_type":"way","highway":"residential","tracktype":"","flood_pron":"","ford":"","addr_subur":"","access":"","tunnel":"","service":"","embankment":"","descriptio":"","destinatio":"","destinat_1":"","alt_name":"","source_nam":"","layer":"","bridge":"","oneway":"","name":"","surface":"","ref":"","maxspeed":"","lanes":"","IBGE_CD_AD":""},"geometry":{"type":"LineString","coordinates":[[-45.2586615,-3.354641],[-45.2576208,-3.3553693],[-45.2564728,-3.3555085],[-45.2548421,-3.3550908],[-45.2531576,-3.3539662]]}},{"type":"Feature","properties":{"full_id":"w779090595","osm_id":"779090595","osm_type":"way","highway":"residential","tracktype":"","flood_pron":"","ford":"","addr_subur":"","access":"","tunnel":"","service":"","embankment":"","descriptio":"","destinatio":"","destinat_1":"","alt_name":"","source_nam":"","layer":"","bridge":"","oneway":"","name":"","surface":"unpaved","ref":"","maxspeed":"","lanes":"","IBGE_CD_AD":""},"geometry":{"type":"LineString","coordinates":[[-45.2560437,-3.3705673],[-45.2562943,-3.3713826],[-45.2563986,-3.3718116],[-45.2564416,-3.3722896],[-45.2564232,-3.3727125],[-45.2564723,-3.3730986],[-45.2569819,-3.3745879],[-45.2571477,-3.3749863],[-45.2574669,-3.3754643],[-45.2578107,-3.3758443],[-45.258329,-3.3763615],[-45.2599104,-3.3777933],[-45.2611383,-3.3790068],[-45.2618443,-3.3796503],[-45.2623478,-3.3802141],[-45.2627775,-3.3807718],[-45.2629924,-3.381256],[-45.2634774,-3.3827269],[-45.2642387,-3.3851784],[-45.2644966,-3.3856932],[-45.2648035,-3.3862571],[-45.2651289,-3.3866677],[-45.2654236,-3.3869373],[-45.2661972,-3.3876605],[-45.2665226,-3.3879486],[-45.2669769,-3.3885124],[-45.2675172,-3.3891621],[-45.2678119,-3.3893827],[-45.2681495,-3.3897075],[-45.2686223,-3.3902959],[-45.2690275,-3.3907249],[-45.2695125,-3.3910681],[-45.2700343,-3.3914787],[-45.2704641,-3.3918342],[-45.2708263,-3.3924041],[-45.2711333,-3.3927841],[-45.2719975,-3.3939047],[-45.2735639,-3.3960253]]}},{"type":"Feature","properties":{"full_id":"w779090596","osm_id":"779090596","osm_type":"way","highway":"residential","tracktype":"","flood_pron":"","ford":"","addr_subur":"","access":"","tunnel":"","service":"","embankment":"","descriptio":"","destinatio":"","destinat_1":"","alt_name":"","source_nam":"","layer":"","bridge":"","oneway":"","name":"","surface":"unpaved","ref":"","maxspeed":"","lanes":"","IBGE_CD_AD":""},"geometry":{"type":"LineString","coordinates":[[-45.2735639,-3.3960253],[-45.2728094,-3.3966023],[-45.2722015,-3.3970313],[-45.2717902,-3.3972274],[-45.2712315,-3.3975583],[-45.2701141,-3.398208],[-45.2699545,-3.398257],[-45.2697581,-3.3983367],[-45.2696537,-3.398447],[-45.2695493,-3.3985573],[-45.2690029,-3.3988515],[-45.2685731,-3.3991457],[-45.2676031,-3.3997892],[-45.2671672,-3.4000466],[-45.2667988,-3.4003469],[-45.2665042,-3.4005675],[-45.2655218,-3.4011742],[-45.2644536,-3.4017871],[-45.2639624,-3.4020997],[-45.2637353,-3.4022651],[-45.2634713,-3.402498],[-45.2629863,-3.402927],[-45.2627806,-3.4031168]]}},{"type":"Feature","properties":{"full_id":"w779090601","osm_id":"779090601","osm_type":"way","highway":"residential","tracktype":"","flood_pron":"","ford":"","addr_subur":"","access":"","tunnel":"","service":"","embankment":"","descriptio":"","destinatio":"","destinat_1":"","alt_name":"","source_nam":"","layer":"","bridge":"","oneway":"","name":"","surface":"","ref":"","maxspeed":"","lanes":"","IBGE_CD_AD":""},"geometry":{"type":"LineString","coordinates":[[-45.1810491,-3.3607673],[-45.1821488,-3.3623685],[-45.1824707,-3.3641197],[-45.1829374,-3.365089],[-45.1835597,-3.3666741],[-45.1843214,-3.3668937],[-45.1845789,-3.3672471],[-45.1845145,-3.3687894],[-45.1850724,-3.3705244],[-45.1858235,-3.3717883],[-45.1940686,-3.3808518],[-45.1960466,-3.3830868],[-45.1980758,-3.3853795],[-45.2030352,-3.3977309],[-45.2041134,-3.4005944],[-45.2042864,-3.4009224],[-45.2043146,-3.4009934],[-45.2043267,-3.401059],[-45.2043521,-3.4011688],[-45.2043749,-3.4012745],[-45.2044044,-3.4013789],[-45.2045198,-3.4016868],[-45.2045493,-3.4017551],[-45.2045895,-3.4018341],[-45.2046284,-3.401901],[-45.2046753,-3.4019827],[-45.2050039,-3.4028047],[-45.2084988,-3.4116296],[-45.2088046,-3.4124195],[-45.2088583,-3.4126471],[-45.2089495,-3.4129523],[-45.2094792,-3.4140474]]}},{"type":"Feature","properties":{"full_id":"w779090988","osm_id":"779090988","osm_type":"way","highway":"residential","tracktype":"","flood_pron":"","ford":"","addr_subur":"","access":"","tunnel":"","service":"","embankment":"","descriptio":"","destinatio":"","destinat_1":"","alt_name":"","source_nam":"","layer":"","bridge":"","oneway":"","name":"","surface":"","ref":"","maxspeed":"","lanes":"","IBGE_CD_AD":""},"geometry":{"type":"LineString","coordinates":[[-45.0995932,-3.3521883],[-45.0988635,-3.3517947],[-45.0983566,-3.3513314],[-45.0981957,-3.3505067],[-45.0982171,-3.3502068],[-45.0980772,-3.349618]]}},{"type":"Feature","properties":{"full_id":"w779090989","osm_id":"779090989","osm_type":"way","highway":"residential","tracktype":"","flood_pron":"","ford":"","addr_subur":"","access":"","tunnel":"","service":"","embankment":"","descriptio":"","destinatio":"","destinat_1":"","alt_name":"","source_nam":"","layer":"","bridge":"","oneway":"","name":"","surface":"","ref":"","maxspeed":"","lanes":"","IBGE_CD_AD":""},"geometry":{"type":"LineString","coordinates":[[-45.099784,-3.34911],[-45.0998747,-3.3493661],[-45.0996494,-3.3509405],[-45.0995932,-3.3521883]]}},{"type":"Feature","properties":{"full_id":"w779090990","osm_id":"779090990","osm_type":"way","highway":"residential","tracktype":"","flood_pron":"","ford":"","addr_subur":"","access":"","tunnel":"","service":"","embankment":"","descriptio":"","destinatio":"","destinat_1":"","alt_name":"","source_nam":"","layer":"","bridge":"","oneway":"","name":"","surface":"","ref":"","maxspeed":"","lanes":"","IBGE_CD_AD":""},"geometry":{"type":"LineString","coordinates":[[-45.1002466,-3.3450565],[-45.0995153,-3.345612],[-45.0993329,-3.3469348],[-45.0990969,-3.347465],[-45.0989601,-3.347631],[-45.0986919,-3.3477997],[-45.0983003,-3.3478613],[-45.0979168,-3.3478693]]}},{"type":"Feature","properties":{"full_id":"w779090991","osm_id":"779090991","osm_type":"way","highway":"residential","tracktype":"","flood_pron":"","ford":"","addr_subur":"","access":"","tunnel":"","service":"","embankment":"","descriptio":"","destinatio":"","destinat_1":"","alt_name":"","source_nam":"","layer":"","bridge":"","oneway":"","name":"","surface":"","ref":"","maxspeed":"","lanes":"","IBGE_CD_AD":""},"geometry":{"type":"LineString","coordinates":[[-45.1024486,-3.3464501],[-45.1020634,-3.3464341],[-45.1014733,-3.346584],[-45.1005587,-3.3466724],[-45.1002261,-3.3469294],[-45.1001041,-3.3469648]]}},{"type":"Feature","properties":{"full_id":"w779090992","osm_id":"779090992","osm_type":"way","highway":"residential","tracktype":"","flood_pron":"","ford":"","addr_subur":"","access":"","tunnel":"","service":"","embankment":"","descriptio":"","destinatio":"","destinat_1":"","alt_name":"","source_nam":"","layer":"","bridge":"","oneway":"","name":"","surface":"","ref":"","maxspeed":"","lanes":"","IBGE_CD_AD":""},"geometry":{"type":"LineString","coordinates":[[-45.1002466,-3.3450565],[-45.1003951,-3.3445029],[-45.1010013,-3.3379533],[-45.101248,-3.3351257],[-45.1014519,-3.3343759],[-45.1015753,-3.3335994],[-45.1015753,-3.3333209],[-45.1014841,-3.3328015],[-45.1015055,-3.3323945]]}},{"type":"Feature","properties":{"full_id":"w779090993","osm_id":"779090993","osm_type":"way","highway":"residential","tracktype":"","flood_pron":"","ford":"","addr_subur":"","access":"","tunnel":"","service":"","embankment":"","descriptio":"","destinatio":"","destinat_1":"","alt_name":"","source_nam":"","layer":"","bridge":"","oneway":"","name":"","surface":"","ref":"","maxspeed":"","lanes":"","IBGE_CD_AD":""},"geometry":{"type":"LineString","coordinates":[[-45.0997344,-3.3484195],[-45.0995475,-3.3481959],[-45.0993061,-3.3481397],[-45.0991452,-3.347963],[-45.0989601,-3.347631]]}},{"type":"Feature","properties":{"full_id":"w779090994","osm_id":"779090994","osm_type":"way","highway":"residential","tracktype":"","flood_pron":"","ford":"","addr_subur":"","access":"","tunnel":"","service":"","embankment":"","descriptio":"","destinatio":"","destinat_1":"","alt_name":"","source_nam":"","layer":"","bridge":"","oneway":"","name":"","surface":"","ref":"","maxspeed":"","lanes":"","IBGE_CD_AD":""},"geometry":{"type":"LineString","coordinates":[[-45.0996481,-3.3491596],[-45.0995475,-3.3485307],[-45.0997344,-3.3484195],[-45.1000974,-3.3481772],[-45.1002771,-3.3480969],[-45.1006332,-3.3484128]]}},{"type":"Feature","properties":{"full_id":"w779090995","osm_id":"779090995","osm_type":"way","highway":"residential","tracktype":"","flood_pron":"","ford":"","addr_subur":"","access":"","tunnel":"","service":"","embankment":"","descriptio":"","destinatio":"","destinat_1":"","alt_name":"","source_nam":"","layer":"","bridge":"","oneway":"","name":"","surface":"","ref":"","maxspeed":"","lanes":"","IBGE_CD_AD":""},"geometry":{"type":"LineString","coordinates":[[-45.0980772,-3.349618],[-45.0981233,-3.3487904],[-45.0980669,-3.3482147],[-45.0979168,-3.3478693]]}},{"type":"Feature","properties":{"full_id":"w780200115","osm_id":"780200115","osm_type":"way","highway":"unclassified","tracktype":"","flood_pron":"","ford":"","addr_subur":"","access":"","tunnel":"","service":"","embankment":"","descriptio":"","destinatio":"","destinat_1":"","alt_name":"","source_nam":"","layer":"","bridge":"","oneway":"","name":"","surface":"dirt","ref":"","maxspeed":"","lanes":"","IBGE_CD_AD":""},"geometry":{"type":"LineString","coordinates":[[-45.2094792,-3.4140474],[-45.2101457,-3.4135628],[-45.2102181,-3.4135226],[-45.2102651,-3.4135092],[-45.2103603,-3.4134985],[-45.2107278,-3.4134637],[-45.2108109,-3.4134623],[-45.2108914,-3.4134677],[-45.2109504,-3.4134704],[-45.2110094,-3.4134664],[-45.2110805,-3.4134543],[-45.2111408,-3.4134409],[-45.211232,-3.4134061],[-45.2114989,-3.4133231],[-45.2115928,-3.4133044],[-45.2117644,-3.413291],[-45.2118315,-3.4132736],[-45.2118677,-3.4132535],[-45.2118945,-3.4132334],[-45.2119388,-3.4132066],[-45.2119629,-3.4131826],[-45.2119964,-3.4131263],[-45.2120112,-3.4130862],[-45.2120112,-3.413042],[-45.211987,-3.4129724],[-45.2119656,-3.4129295],[-45.2119495,-3.4128894],[-45.2119455,-3.4128318],[-45.2119441,-3.4127742],[-45.2119307,-3.4126082],[-45.2119321,-3.41254],[-45.2119421,-3.4125025],[-45.2120528,-3.4123177],[-45.2120963,-3.4122521],[-45.2121332,-3.4122046],[-45.2121802,-3.4121705],[-45.2128011,-3.4117809],[-45.2141596,-3.4108692],[-45.2153492,-3.4100874],[-45.2158186,-3.4097634],[-45.215895,-3.409726],[-45.2159353,-3.4097019],[-45.2159701,-3.4096617],[-45.2160519,-3.4095573],[-45.2161177,-3.4094421],[-45.2161619,-3.4093632],[-45.2162263,-3.4092882],[-45.2163094,-3.4092199],[-45.2175593,-3.408323],[-45.2176372,-3.4082681],[-45.2176867,-3.4082547],[-45.2177458,-3.4082373],[-45.2178651,-3.4081757],[-45.2179845,-3.4080914],[-45.2182943,-3.4078946],[-45.2186336,-3.4076201],[-45.2186979,-3.4075452],[-45.2187583,-3.4074863],[-45.2191405,-3.4072038],[-45.2191888,-3.4071837],[-45.2193148,-3.4071328],[-45.2194154,-3.4070672],[-45.2194986,-3.4069829],[-45.2195522,-3.4069601],[-45.2196381,-3.4069427],[-45.2197373,-3.4069334],[-45.2198124,-3.4069253],[-45.2198754,-3.4069012],[-45.2199478,-3.4068624],[-45.2201101,-3.4067995],[-45.2201732,-3.4067794],[-45.2202308,-3.4067285],[-45.2202798,-3.4066556],[-45.2203368,-3.406523],[-45.2203576,-3.4064963],[-45.2203918,-3.4064708],[-45.2204441,-3.4064481],[-45.220497,-3.4064313],[-45.2205306,-3.4064092],[-45.2205507,-3.4063764],[-45.2205721,-3.4063236],[-45.2205916,-3.4062941],[-45.2206171,-3.406262],[-45.2206593,-3.4062285],[-45.220715,-3.4061783],[-45.2207619,-3.4061187],[-45.220788,-3.4060886],[-45.2208303,-3.4060471],[-45.2211615,-3.4058195],[-45.2213869,-3.405683],[-45.2221204,-3.405181],[-45.2221982,-3.4051381],[-45.222268,-3.4051073],[-45.2223223,-3.4050879],[-45.2223605,-3.4050698],[-45.222392,-3.4050444],[-45.2224202,-3.4050109],[-45.222449,-3.4049755],[-45.2224832,-3.404932],[-45.2225254,-3.4048931],[-45.2238585,-3.4039774],[-45.224285,-3.4036468],[-45.2248348,-3.4032384],[-45.2256019,-3.4026949],[-45.2277772,-3.4011688],[-45.2291827,-3.4001132],[-45.229465,-3.3998742],[-45.2296867,-3.399738],[-45.2297147,-3.3996983],[-45.2297245,-3.3996573],[-45.2297219,-3.3996286],[-45.2297019,-3.3996039],[-45.2296459,-3.3995754],[-45.2292828,-3.3993593],[-45.2290956,-3.3993007],[-45.2289241,-3.3992264],[-45.2286151,-3.3990733],[-45.2283851,-3.3989382],[-45.2283513,-3.398882],[-45.2283783,-3.3987964],[-45.2285195,-3.3985555],[-45.2287834,-3.3980827],[-45.2290676,-3.3975941],[-45.2294623,-3.3968354],[-45.2296878,-3.3964076],[-45.2299427,-3.3960721],[-45.2301773,-3.3956961],[-45.2305336,-3.39505],[-45.2308832,-3.3944195],[-45.2311922,-3.3938747],[-45.2315508,-3.393278],[-45.2318418,-3.3927669],[-45.2322884,-3.3919519],[-45.232647,-3.3913868],[-45.2330395,-3.390664],[-45.2337071,-3.3894932],[-45.233989,-3.3890519],[-45.2346589,-3.3878586],[-45.23511,-3.3871697],[-45.2352633,-3.386931],[-45.2357185,-3.3862328]]}},{"type":"Feature","properties":{"full_id":"w780482439","osm_id":"780482439","osm_type":"way","highway":"residential","tracktype":"","flood_pron":"","ford":"","addr_subur":"","access":"","tunnel":"","service":"","embankment":"","descriptio":"","destinatio":"","destinat_1":"","alt_name":"","source_nam":"","layer":"","bridge":"","oneway":"","name":"","surface":"","ref":"","maxspeed":"","lanes":"","IBGE_CD_AD":""},"geometry":{"type":"LineString","coordinates":[[-45.2111878,-3.4666083],[-45.2111153,-3.4666846],[-45.2110483,-3.4667475],[-45.2109692,-3.4667943],[-45.2108619,-3.4668358],[-45.210717,-3.4668479],[-45.2105185,-3.4668452],[-45.2103737,-3.4668398]]}},{"type":"Feature","properties":{"full_id":"w788907280","osm_id":"788907280","osm_type":"way","highway":"unclassified","tracktype":"","flood_pron":"","ford":"","addr_subur":"","access":"","tunnel":"","service":"","embankment":"","descriptio":"","destinatio":"","destinat_1":"","alt_name":"","source_nam":"","layer":"","bridge":"","oneway":"","name":"","surface":"unpaved","ref":"","maxspeed":"","lanes":"","IBGE_CD_AD":""},"geometry":{"type":"LineString","coordinates":[[-44.895156,-3.4525179],[-44.8961509,-3.4524298]]}},{"type":"Feature","properties":{"full_id":"w788907282","osm_id":"788907282","osm_type":"way","highway":"unclassified","tracktype":"","flood_pron":"","ford":"","addr_subur":"","access":"","tunnel":"","service":"","embankment":"","descriptio":"","destinatio":"","destinat_1":"","alt_name":"","source_nam":"","layer":"","bridge":"","oneway":"","name":"","surface":"unpaved","ref":"","maxspeed":"","lanes":"","IBGE_CD_AD":""},"geometry":{"type":"LineString","coordinates":[[-44.8961509,-3.4524298],[-44.8982912,-3.4523195],[-44.9004252,-3.4520702]]}},{"type":"Feature","properties":{"full_id":"w789127520","osm_id":"789127520","osm_type":"way","highway":"residential","tracktype":"","flood_pron":"","ford":"","addr_subur":"","access":"","tunnel":"","service":"","embankment":"","descriptio":"","destinatio":"","destinat_1":"","alt_name":"","source_nam":"","layer":"","bridge":"","oneway":"","name":"","surface":"","ref":"","maxspeed":"","lanes":"","IBGE_CD_AD":""},"geometry":{"type":"LineString","coordinates":[[-45.0112572,-3.4009894],[-45.0109541,-3.4014445],[-45.0108656,-3.4017765],[-45.0107744,-3.4021032],[-45.0106564,-3.4024432],[-45.0105268,-3.4026396]]}},{"type":"Feature","properties":{"full_id":"w789127521","osm_id":"789127521","osm_type":"way","highway":"residential","tracktype":"","flood_pron":"","ford":"","addr_subur":"","access":"","tunnel":"","service":"","embankment":"","descriptio":"","destinatio":"","destinat_1":"","alt_name":"","source_nam":"","layer":"","bridge":"","oneway":"","name":"","surface":"","ref":"","maxspeed":"","lanes":"","IBGE_CD_AD":""},"geometry":{"type":"LineString","coordinates":[[-45.0096385,-3.4017674],[-45.0109783,-3.4007618]]}},{"type":"Feature","properties":{"full_id":"w789127522","osm_id":"789127522","osm_type":"way","highway":"residential","tracktype":"","flood_pron":"","ford":"","addr_subur":"","access":"","tunnel":"","service":"","embankment":"","descriptio":"","destinatio":"","destinat_1":"","alt_name":"","source_nam":"","layer":"","bridge":"","oneway":"","name":"","surface":"","ref":"","maxspeed":"","lanes":"","IBGE_CD_AD":""},"geometry":{"type":"LineString","coordinates":[[-45.0107932,-3.4029011],[-45.0105268,-3.4026396],[-45.0096385,-3.4017674],[-45.009495,-3.4016266],[-45.0084812,-3.4010483],[-45.0068986,-3.4008341],[-45.0056541,-3.4007644],[-45.0047743,-3.4004485],[-45.0040877,-3.3999505],[-45.0036317,-3.3999023],[-45.00287,-3.4000576],[-45.0026554,-3.40017],[-45.0025889,-3.4001577],[-45.002017,-3.4000522],[-45.0016201,-3.4000255],[-45.0010514,-3.4001165],[-44.9995172,-3.4005181],[-44.9990881,-3.4003735],[-44.9984551,-3.3998113],[-44.99816,-3.3997042],[-44.9978489,-3.3997791],[-44.9975324,-3.400004],[-44.9971944,-3.4000362],[-44.9937344,-3.4000362],[-44.9935252,-3.4001968],[-44.9932784,-3.4002504],[-44.9925166,-3.3998916],[-44.9922538,-3.3998434],[-44.9919051,-3.3999666],[-44.991374,-3.4006734],[-44.9909878,-3.401573],[-44.9908573,-3.4016169],[-44.9899685,-3.4019158],[-44.9881661,-3.4029653],[-44.9874044,-3.4037472],[-44.9866855,-3.4041113],[-44.9853659,-3.405048]]}},{"type":"Feature","properties":{"full_id":"w789127523","osm_id":"789127523","osm_type":"way","highway":"unclassified","tracktype":"","flood_pron":"","ford":"","addr_subur":"","access":"","tunnel":"","service":"","embankment":"","descriptio":"","destinatio":"","destinat_1":"","alt_name":"","source_nam":"","layer":"","bridge":"","oneway":"","name":"","surface":"unpaved","ref":"","maxspeed":"","lanes":"","IBGE_CD_AD":""},"geometry":{"type":"LineString","coordinates":[[-45.0414348,-3.4418763],[-45.040952,-3.4420209],[-45.040437,-3.4422806],[-45.0401339,-3.4424841],[-45.0398147,-3.4430839],[-45.0393239,-3.4436408],[-45.038892,-3.4440477],[-45.0385782,-3.444195],[-45.0382617,-3.4442753],[-45.0377977,-3.4446073],[-45.0375188,-3.4449045],[-45.0372076,-3.4456648],[-45.0369072,-3.4460182],[-45.0355876,-3.4465002],[-45.0341821,-3.4465966],[-45.0337744,-3.4464787],[-45.0333774,-3.4466073],[-45.0331307,-3.4468],[-45.0328929,-3.4468756],[-45.0328323,-3.4469521],[-45.0322445,-3.4476758],[-45.0320981,-3.4478721],[-45.0315217,-3.4483972],[-45.0310323,-3.4488995],[-45.0309042,-3.4490776],[-45.0306114,-3.4494611],[-45.0304513,-3.4496712],[-45.0302729,-3.4498356],[-45.0298566,-3.4501643],[-45.0295319,-3.4504566],[-45.0293717,-3.4507305],[-45.0291476,-3.4510638],[-45.0287962,-3.4514109],[-45.0284258,-3.4518277]]}},{"type":"Feature","properties":{"full_id":"w789127524","osm_id":"789127524","osm_type":"way","highway":"tertiary","tracktype":"","flood_pron":"","ford":"","addr_subur":"","access":"","tunnel":"","service":"","embankment":"","descriptio":"","destinatio":"","destinat_1":"","alt_name":"","source_nam":"","layer":"","bridge":"","oneway":"","name":"","surface":"","ref":"","maxspeed":"","lanes":"","IBGE_CD_AD":""},"geometry":{"type":"LineString","coordinates":[[-45.0100797,-3.4251962],[-45.0099738,-3.4247477],[-45.0096694,-3.4241467],[-45.0095004,-3.4235656],[-45.0094628,-3.4229124],[-45.0095218,-3.4225536],[-45.0099054,-3.4217825]]}},{"type":"Feature","properties":{"full_id":"w789127525","osm_id":"789127525","osm_type":"way","highway":"residential","tracktype":"","flood_pron":"","ford":"","addr_subur":"","access":"","tunnel":"","service":"","embankment":"","descriptio":"","destinatio":"","destinat_1":"","alt_name":"","source_nam":"","layer":"","bridge":"","oneway":"","name":"","surface":"","ref":"","maxspeed":"","lanes":"","IBGE_CD_AD":""},"geometry":{"type":"LineString","coordinates":[[-45.0473564,-3.342164],[-45.0473356,-3.3424411],[-45.0472981,-3.342838],[-45.0471237,-3.3437404],[-45.0471371,-3.3440457],[-45.0474268,-3.3452666],[-45.0474992,-3.3457486],[-45.0474778,-3.3460993],[-45.0472042,-3.3467045],[-45.0471586,-3.3470258],[-45.0471586,-3.3476952],[-45.0471908,-3.3479362],[-45.0474403,-3.3483593],[-45.0475636,-3.348528],[-45.0476897,-3.3489216],[-45.0477621,-3.3493473],[-45.048084,-3.3495856],[-45.0485373,-3.3496927],[-45.0489906,-3.3498775],[-45.0494197,-3.349832],[-45.0497121,-3.3497517],[-45.0500259,-3.3498025],[-45.0502753,-3.3500033],[-45.0502029,-3.3503354],[-45.0500822,-3.3506674],[-45.0497872,-3.351069],[-45.0495297,-3.3512859],[-45.0494331,-3.3515483],[-45.049299,-3.3519848],[-45.0492856,-3.3523222],[-45.049181,-3.3526917],[-45.0488511,-3.3531576],[-45.0484541,-3.3534361],[-45.0483253,-3.3536797],[-45.0483227,-3.3539876],[-45.0486848,-3.3545017],[-45.0490844,-3.3547508],[-45.0492776,-3.3546624],[-45.0497604,-3.3546838],[-45.0500634,-3.3544321],[-45.050176,-3.3544427],[-45.0503188,-3.3544561],[-45.0503773,-3.3544616],[-45.0508466,-3.3547588],[-45.0509405,-3.3551069],[-45.0509405,-3.3553961],[-45.0506777,-3.3560815],[-45.0506696,-3.3563466],[-45.0507474,-3.3566759],[-45.0509673,-3.3572088],[-45.0515172,-3.3577202],[-45.0518364,-3.3580201],[-45.0523165,-3.3582665],[-45.0527457,-3.3583977],[-45.0536308,-3.3583655],[-45.0540009,-3.3586119],[-45.0548217,-3.3600176],[-45.0552428,-3.3608718],[-45.0556478,-3.361825],[-45.0561306,-3.3623846],[-45.0565812,-3.3626202],[-45.060575,-3.3630674],[-45.061015,-3.3632307],[-45.06352,-3.3661707],[-45.0636998,-3.3665804],[-45.0637508,-3.3684359],[-45.0642872,-3.3701282],[-45.0642108,-3.3708503],[-45.0641611,-3.3713197],[-45.0641933,-3.3718954],[-45.0645232,-3.372463],[-45.0644631,-3.3728471],[-45.064416,-3.3731485],[-45.0639465,-3.3739625],[-45.0636542,-3.374265],[-45.0633806,-3.3744417],[-45.0632412,-3.3746077],[-45.0629139,-3.375162],[-45.0630427,-3.3758903],[-45.0629944,-3.3763428],[-45.0628818,-3.376581]]}},{"type":"Feature","properties":{"full_id":"w791288317","osm_id":"791288317","osm_type":"way","highway":"residential","tracktype":"","flood_pron":"","ford":"","addr_subur":"","access":"","tunnel":"","service":"","embankment":"","descriptio":"","destinatio":"","destinat_1":"","alt_name":"","source_nam":"","layer":"","bridge":"","oneway":"","name":"","surface":"","ref":"","maxspeed":"","lanes":"","IBGE_CD_AD":""},"geometry":{"type":"LineString","coordinates":[[-44.8739084,-3.4201948],[-44.8739845,-3.4199873]]}},{"type":"Feature","properties":{"full_id":"w791288321","osm_id":"791288321","osm_type":"way","highway":"residential","tracktype":"","flood_pron":"","ford":"","addr_subur":"","access":"","tunnel":"","service":"","embankment":"","descriptio":"","destinatio":"","destinat_1":"","alt_name":"","source_nam":"","layer":"","bridge":"","oneway":"","name":"","surface":"","ref":"","maxspeed":"","lanes":"","IBGE_CD_AD":""},"geometry":{"type":"LineString","coordinates":[[-44.8625971,-3.4153366],[-44.8625106,-3.4153914]]}},{"type":"Feature","properties":{"full_id":"w791288322","osm_id":"791288322","osm_type":"way","highway":"residential","tracktype":"","flood_pron":"","ford":"","addr_subur":"","access":"","tunnel":"","service":"","embankment":"","descriptio":"","destinatio":"","destinat_1":"","alt_name":"","source_nam":"","layer":"","bridge":"","oneway":"","name":"","surface":"","ref":"","maxspeed":"","lanes":"","IBGE_CD_AD":""},"geometry":{"type":"LineString","coordinates":[[-44.8655838,-3.4145106],[-44.8655469,-3.4145728],[-44.8655114,-3.414627],[-44.8654725,-3.4146625],[-44.8654282,-3.4146819],[-44.8653746,-3.4147007],[-44.8652934,-3.41471],[-44.8649266,-3.414698]]}},{"type":"Feature","properties":{"full_id":"w801035527","osm_id":"801035527","osm_type":"way","highway":"primary","tracktype":"","flood_pron":"","ford":"","addr_subur":"","access":"","tunnel":"","service":"","embankment":"","descriptio":"","destinatio":"","destinat_1":"","alt_name":"","source_nam":"","layer":"","bridge":"","oneway":"no","name":"Rodovia Deputado João Evangelista","surface":"asphalt","ref":"MA-014","maxspeed":"80","lanes":"2","IBGE_CD_AD":"estadual"},"geometry":{"type":"LineString","coordinates":[[-44.8959955,-3.2912021],[-44.8962682,-3.2903106],[-44.8964607,-3.2897501],[-44.8965931,-3.2894335],[-44.8966639,-3.2892643],[-44.8971023,-3.2884636],[-44.897605,-3.2876255],[-44.9001377,-3.2834027],[-44.9003872,-3.2829007],[-44.9005687,-3.2823722],[-44.9007729,-3.281689],[-44.9009241,-3.2808019],[-44.9011018,-3.2795261],[-44.9016589,-3.2759667],[-44.9031423,-3.2665183],[-44.9033162,-3.2657407],[-44.9035582,-3.2650801],[-44.9038417,-3.2644572],[-44.9042387,-3.2637438],[-44.9048437,-3.2629473],[-44.9055885,-3.2620753],[-44.9060531,-3.2615174],[-44.9229308,-3.2412524],[-44.9236718,-3.2404219],[-44.9242843,-3.239818],[-44.9252674,-3.2389158],[-44.9280356,-3.2363606],[-44.9303846,-3.2341866],[-44.9318296,-3.2328617],[-44.9329662,-3.2318447],[-44.9342416,-3.2307421],[-44.9352193,-3.2298959],[-44.9359569,-3.2292592],[-44.9365208,-3.2287798],[-44.9372886,-3.228117],[-44.9383669,-3.2271818],[-44.9393164,-3.2263623],[-44.9399393,-3.2258227],[-44.9413931,-3.2245754],[-44.942368,-3.2237352],[-44.9430547,-3.2231487],[-44.9432793,-3.2229533],[-44.9438299,-3.2224886]]}},{"type":"Feature","properties":{"full_id":"w837975900","osm_id":"837975900","osm_type":"way","highway":"tertiary","tracktype":"","flood_pron":"","ford":"","addr_subur":"","access":"","tunnel":"","service":"","embankment":"","descriptio":"","destinatio":"","destinat_1":"","alt_name":"","source_nam":"","layer":"","bridge":"","oneway":"","name":"","surface":"unpaved","ref":"","maxspeed":"","lanes":"","IBGE_CD_AD":""},"geometry":{"type":"LineString","coordinates":[[-45.0412872,-3.4643287],[-45.0410271,-3.4640099],[-45.0397396,-3.4637957],[-45.0382966,-3.4634798],[-45.036993,-3.4632763],[-45.036478,-3.4632549],[-45.0358688,-3.4630008],[-45.0352261,-3.4629573],[-45.0346525,-3.4628486],[-45.0340135,-3.462555],[-45.0332765,-3.4620621],[-45.0325794,-3.4615185],[-45.0324341,-3.4613627],[-45.0321836,-3.4608662],[-45.0320638,-3.4606669],[-45.0318641,-3.460482],[-45.0316463,-3.4603769],[-45.030695,-3.459971],[-45.030292,-3.4597029],[-45.0299471,-3.4594927],[-45.0291955,-3.4590397],[-45.0286146,-3.4586809],[-45.028473,-3.4585576],[-45.0282407,-3.4582967],[-45.0281136,-3.4581844],[-45.0279611,-3.4581119],[-45.0277069,-3.4580032],[-45.0274492,-3.457793],[-45.026654,-3.457224],[-45.0265197,-3.457108],[-45.0264217,-3.4569449],[-45.0263563,-3.4567565],[-45.0261022,-3.4562273],[-45.0258916,-3.4559954],[-45.0255249,-3.4556511],[-45.0253034,-3.455401],[-45.0252344,-3.4552706],[-45.0252344,-3.4551691],[-45.0256084,-3.454669],[-45.0262873,-3.4537956],[-45.0265558,-3.4535278],[-45.0267224,-3.4533998],[-45.0268425,-3.4533145],[-45.0270752,-3.4530852],[-45.0271623,-3.4530309],[-45.0272495,-3.4529403],[-45.0278558,-3.452306],[-45.0284258,-3.4518277]]}},{"type":"Feature","properties":{"full_id":"w838568880","osm_id":"838568880","osm_type":"way","highway":"tertiary","tracktype":"","flood_pron":"","ford":"","addr_subur":"","access":"","tunnel":"","service":"","embankment":"","descriptio":"","destinatio":"","destinat_1":"","alt_name":"","source_nam":"","layer":"","bridge":"","oneway":"","name":"","surface":"unpaved","ref":"","maxspeed":"","lanes":"","IBGE_CD_AD":""},"geometry":{"type":"LineString","coordinates":[[-45.0095701,-3.427239],[-45.0096721,-3.4277049],[-45.0099886,-3.4283689],[-45.0101227,-3.4287812],[-45.0101763,-3.4291078],[-45.010187,-3.4293113],[-45.0101602,-3.4296219],[-45.0101763,-3.4303019],[-45.0099617,-3.4307838],[-45.0099242,-3.430982],[-45.0099349,-3.4311533],[-45.0100315,-3.4313675],[-45.0100529,-3.4314585],[-45.0100368,-3.4317423],[-45.0100422,-3.4321064],[-45.0100851,-3.4324599],[-45.0101656,-3.4328508],[-45.0102246,-3.4330007],[-45.0103748,-3.4332095],[-45.0105465,-3.4333541],[-45.0110668,-3.4337022],[-45.011158,-3.4337932],[-45.0113458,-3.4340823],[-45.0115979,-3.4345857],[-45.0119466,-3.435073],[-45.012086,-3.4353086],[-45.0122523,-3.4360689],[-45.012247,-3.436251],[-45.0121719,-3.4365616],[-45.0121558,-3.4368507],[-45.0121987,-3.4369364],[-45.0124133,-3.4376914],[-45.0124777,-3.4380823],[-45.012483,-3.4382055],[-45.0124025,-3.4387249],[-45.0124884,-3.4391051],[-45.0126547,-3.4395763],[-45.0127566,-3.440176],[-45.0127995,-3.4402938],[-45.0128907,-3.4404491],[-45.0131321,-3.4407543],[-45.0134862,-3.4412791],[-45.0136685,-3.4414986],[-45.013926,-3.4419431],[-45.0140333,-3.4420716],[-45.0142425,-3.4422269],[-45.0144196,-3.4423179],[-45.0146288,-3.4423875],[-45.0148273,-3.4423875],[-45.0150955,-3.4423554],[-45.0155193,-3.4422643],[-45.0156427,-3.4422001],[-45.0161147,-3.4418842],[-45.0164795,-3.4416967],[-45.0166243,-3.4415789],[-45.016737,-3.4414397],[-45.0168121,-3.4413058],[-45.0169301,-3.4409953],[-45.0170159,-3.4408346],[-45.0171983,-3.4406044],[-45.0173324,-3.4404919],[-45.0178367,-3.4402242],[-45.0187486,-3.4395602],[-45.0198215,-3.4388587],[-45.0199181,-3.4388213],[-45.0200897,-3.4388213],[-45.0203311,-3.4389337],[-45.0205216,-3.4389926],[-45.0210714,-3.438832],[-45.0213718,-3.438832],[-45.022257,-3.4391425],[-45.0230992,-3.4392229],[-45.023523,-3.4391265],[-45.0236571,-3.4391586],[-45.0241587,-3.4394962],[-45.0242659,-3.4396191]]}},{"type":"Feature","properties":{"full_id":"w838568882","osm_id":"838568882","osm_type":"way","highway":"tertiary","tracktype":"","flood_pron":"","ford":"","addr_subur":"","access":"","tunnel":"","service":"","embankment":"","descriptio":"","destinatio":"","destinat_1":"","alt_name":"","source_nam":"","layer":"","bridge":"","oneway":"","name":"","surface":"unpaved","ref":"","maxspeed":"","lanes":"","IBGE_CD_AD":""},"geometry":{"type":"LineString","coordinates":[[-45.0242659,-3.4396191],[-45.0242955,-3.4398201],[-45.0241399,-3.4401921],[-45.024054,-3.4404705],[-45.0240648,-3.4406312],[-45.0241345,-3.4409418],[-45.0241506,-3.4411452],[-45.0241238,-3.4412952],[-45.0239467,-3.4417182],[-45.0239199,-3.4418199],[-45.0238716,-3.4423608],[-45.0238824,-3.4428802],[-45.0238555,-3.4430355],[-45.0237965,-3.4431586],[-45.0235176,-3.4435495],[-45.023008,-3.4447168],[-45.0229543,-3.4449043],[-45.0228095,-3.4456539],[-45.0228041,-3.4458038],[-45.0228309,-3.4459163],[-45.0228739,-3.4460073],[-45.0229704,-3.4461358],[-45.02348,-3.4466017],[-45.0235873,-3.4467195],[-45.0242847,-3.4477101],[-45.0252127,-3.4491827],[-45.0254166,-3.4494451],[-45.0255668,-3.4495682],[-45.0256687,-3.4496218],[-45.0257975,-3.4496539],[-45.0261193,-3.449686],[-45.0262481,-3.4497235],[-45.0269884,-3.4500341],[-45.0282275,-3.450923],[-45.0283187,-3.4510193],[-45.0283509,-3.451105],[-45.0283402,-3.4514638],[-45.0284258,-3.4518277]]}},{"type":"Feature","properties":{"full_id":"w838568884","osm_id":"838568884","osm_type":"way","highway":"tertiary","tracktype":"","flood_pron":"","ford":"","addr_subur":"","access":"","tunnel":"","service":"","embankment":"","descriptio":"","destinatio":"","destinat_1":"","alt_name":"","source_nam":"","layer":"","bridge":"","oneway":"","name":"","surface":"unpaved","ref":"","maxspeed":"","lanes":"","IBGE_CD_AD":""},"geometry":{"type":"LineString","coordinates":[[-45.0095701,-3.427239],[-45.0096077,-3.4267143],[-45.0096613,-3.4265857],[-45.0099564,-3.4261413],[-45.0100476,-3.4256915],[-45.0100797,-3.4251962]]}},{"type":"Feature","properties":{"full_id":"w893007681","osm_id":"893007681","osm_type":"way","highway":"residential","tracktype":"","flood_pron":"","ford":"","addr_subur":"","access":"","tunnel":"","service":"","embankment":"","descriptio":"","destinatio":"","destinat_1":"","alt_name":"","source_nam":"","layer":"","bridge":"","oneway":"","name":"Travessa Boa Esperança","surface":"","ref":"","maxspeed":"","lanes":"","IBGE_CD_AD":""},"geometry":{"type":"LineString","coordinates":[[-45.0094045,-3.3212218],[-45.009616,-3.3218077]]}},{"type":"Feature","properties":{"full_id":"w930931857","osm_id":"930931857","osm_type":"way","highway":"tertiary","tracktype":"","flood_pron":"","ford":"","addr_subur":"","access":"","tunnel":"","service":"","embankment":"","descriptio":"","destinatio":"","destinat_1":"","alt_name":"","source_nam":"","layer":"","bridge":"","oneway":"","name":"Barragem","surface":"asphalt","ref":"","maxspeed":"40","lanes":"1","IBGE_CD_AD":""},"geometry":{"type":"LineString","coordinates":[[-45.0166056,-3.3209413],[-45.0164903,-3.3209252],[-45.0160034,-3.3208797],[-45.0158398,-3.3208737],[-45.0157003,-3.320873],[-45.0155065,-3.3208884],[-45.0154301,-3.3209018],[-45.0153328,-3.3209232],[-45.0150083,-3.3210216],[-45.0148331,-3.3210755]]}},{"type":"Feature","properties":{"full_id":"w930931858","osm_id":"930931858","osm_type":"way","highway":"tertiary","tracktype":"","flood_pron":"","ford":"","addr_subur":"","access":"","tunnel":"","service":"","embankment":"","descriptio":"","destinatio":"","destinat_1":"","alt_name":"","source_nam":"","layer":"1","bridge":"yes","oneway":"","name":"BARRAGEM","surface":"asphalt","ref":"","maxspeed":"40","lanes":"1","IBGE_CD_AD":""},"geometry":{"type":"LineString","coordinates":[[-45.0148331,-3.3210755],[-45.0147554,-3.3210994]]}},{"type":"Feature","properties":{"full_id":"w976739596","osm_id":"976739596","osm_type":"way","highway":"unclassified","tracktype":"","flood_pron":"","ford":"","addr_subur":"","access":"","tunnel":"","service":"","embankment":"","descriptio":"","destinatio":"","destinat_1":"","alt_name":"","source_nam":"","layer":"","bridge":"","oneway":"","name":"","surface":"","ref":"","maxspeed":"","lanes":"","IBGE_CD_AD":""},"geometry":{"type":"LineString","coordinates":[[-44.9121094,-3.3134796],[-44.9091268,-3.3132975],[-44.9075443,-3.3130833],[-44.9056614,-3.3127941],[-44.9051303,-3.3127298],[-44.9035263,-3.3124728],[-44.9024481,-3.3123496],[-44.9022603,-3.3123175],[-44.9020779,-3.3122639],[-44.9018687,-3.3121461],[-44.9013591,-3.311798],[-44.9004257,-3.3112303],[-44.9001843,-3.3110375],[-44.8996586,-3.3105181],[-44.8991704,-3.3099932],[-44.8983765,-3.3091846],[-44.8971588,-3.3078725],[-44.8964238,-3.3071495],[-44.8952437,-3.3059231],[-44.8946804,-3.3053126],[-44.8945839,-3.3052322],[-44.8945624,-3.3051894],[-44.8938704,-3.3045789],[-44.8928297,-3.3038023],[-44.8924917,-3.3036363],[-44.8902649,-3.3031115]]}},{"type":"Feature","properties":{"full_id":"w976739597","osm_id":"976739597","osm_type":"way","highway":"unclassified","tracktype":"","flood_pron":"","ford":"","addr_subur":"","access":"","tunnel":"","service":"","embankment":"","descriptio":"","destinatio":"","destinat_1":"","alt_name":"","source_nam":"","layer":"","bridge":"","oneway":"","name":"","surface":"","ref":"","maxspeed":"","lanes":"","IBGE_CD_AD":""},"geometry":{"type":"LineString","coordinates":[[-44.919294,-3.3136677],[-44.9188699,-3.313793],[-44.9187275,-3.3138199],[-44.9184149,-3.3138476],[-44.9177783,-3.3138796],[-44.9175805,-3.3138706],[-44.9173775,-3.3138595],[-44.9171864,-3.3138415],[-44.9169389,-3.3137934],[-44.9161053,-3.3135011],[-44.9158424,-3.3134314],[-44.9154937,-3.3133779],[-44.915027,-3.3133672],[-44.9145174,-3.3134314],[-44.9138843,-3.3135493],[-44.9121094,-3.3134796]]}},{"type":"Feature","properties":{"full_id":"w976739598","osm_id":"976739598","osm_type":"way","highway":"unclassified","tracktype":"","flood_pron":"","ford":"","addr_subur":"","access":"","tunnel":"","service":"","embankment":"","descriptio":"","destinatio":"","destinat_1":"","alt_name":"","source_nam":"","layer":"","bridge":"","oneway":"","name":"","surface":"","ref":"","maxspeed":"","lanes":"","IBGE_CD_AD":""},"geometry":{"type":"LineString","coordinates":[[-44.919294,-3.3136677],[-44.9191,-3.3134086],[-44.9189968,-3.3132708],[-44.9188412,-3.3130405]]}},{"type":"Feature","properties":{"full_id":"w976739599","osm_id":"976739599","osm_type":"way","highway":"unclassified","tracktype":"","flood_pron":"","ford":"","addr_subur":"","access":"","tunnel":"","service":"","embankment":"","descriptio":"","destinatio":"","destinat_1":"","alt_name":"","source_nam":"","layer":"","bridge":"","oneway":"","name":"","surface":"","ref":"","maxspeed":"","lanes":"","IBGE_CD_AD":""},"geometry":{"type":"LineString","coordinates":[[-44.919294,-3.3136677],[-44.9197998,-3.3135944],[-44.9199047,-3.3136008],[-44.9199958,-3.3136196],[-44.9200792,-3.3136567],[-44.9201518,-3.3137031],[-44.9203111,-3.3138652],[-44.9205954,-3.3141866],[-44.9214752,-3.3150541],[-44.9218615,-3.3154022],[-44.9225052,-3.315911],[-44.9230149,-3.3163823],[-44.9243185,-3.3177051],[-44.9262873,-3.3201525],[-44.9269578,-3.3210361],[-44.9279932,-3.3222786],[-44.9289427,-3.323264],[-44.9300156,-3.3242762],[-44.9324297,-3.3265148],[-44.933111,-3.3271788],[-44.9333524,-3.327468],[-44.9335616,-3.327784],[-44.9337548,-3.3280357],[-44.9338084,-3.3281482],[-44.933803,-3.3282178],[-44.9337548,-3.3283624],[-44.9335402,-3.3287158],[-44.9322044,-3.3306866],[-44.931228,-3.3321969],[-44.930772,-3.3328556],[-44.930139,-3.3338196],[-44.9299995,-3.3341355],[-44.9287874,-3.337954]]}},{"type":"Feature","properties":{"full_id":"w976740097","osm_id":"976740097","osm_type":"way","highway":"unclassified","tracktype":"","flood_pron":"","ford":"","addr_subur":"","access":"","tunnel":"","service":"","embankment":"","descriptio":"","destinatio":"","destinat_1":"","alt_name":"","source_nam":"","layer":"","bridge":"","oneway":"","name":"","surface":"","ref":"","maxspeed":"","lanes":"","IBGE_CD_AD":""},"geometry":{"type":"LineString","coordinates":[[-44.9246997,-3.3457776],[-44.9254024,-3.3453977],[-44.9261481,-3.3446372],[-44.926824,-3.3440268],[-44.9268884,-3.3438875],[-44.9272263,-3.3428808],[-44.9277628,-3.3411564],[-44.9287874,-3.337954]]}},{"type":"Feature","properties":{"full_id":"w976740098","osm_id":"976740098","osm_type":"way","highway":"unclassified","tracktype":"","flood_pron":"","ford":"","addr_subur":"","access":"","tunnel":"","service":"","embankment":"","descriptio":"","destinatio":"","destinat_1":"","alt_name":"","source_nam":"","layer":"","bridge":"","oneway":"","name":"","surface":"","ref":"","maxspeed":"","lanes":"","IBGE_CD_AD":""},"geometry":{"type":"LineString","coordinates":[[-44.9263734,-3.3517005],[-44.9264431,-3.3488463],[-44.9264038,-3.3486352],[-44.9263439,-3.3484447],[-44.9262715,-3.3482572],[-44.9260569,-3.3476467],[-44.9259711,-3.3473351],[-44.9259608,-3.3471659],[-44.9259604,-3.3468835],[-44.9259158,-3.3467894],[-44.9258584,-3.3467041],[-44.9248177,-3.3459437],[-44.9246997,-3.3457776]]}},{"type":"Feature","properties":{"full_id":"w976744260","osm_id":"976744260","osm_type":"way","highway":"unclassified","tracktype":"","flood_pron":"","ford":"","addr_subur":"","access":"","tunnel":"","service":"","embankment":"","descriptio":"","destinatio":"","destinat_1":"","alt_name":"","source_nam":"","layer":"","bridge":"","oneway":"","name":"","surface":"","ref":"","maxspeed":"","lanes":"","IBGE_CD_AD":""},"geometry":{"type":"LineString","coordinates":[[-44.9263734,-3.3517005],[-44.9302948,-3.3524717],[-44.9309653,-3.3525359],[-44.9315393,-3.3525306],[-44.9316573,-3.3525681],[-44.9318504,-3.3525788],[-44.9329502,-3.3528198],[-44.9350476,-3.3532107],[-44.9360025,-3.3534089],[-44.9363029,-3.3534517],[-44.9366677,-3.3535321],[-44.9374026,-3.3536285],[-44.9375344,-3.353658],[-44.9389315,-3.3539712],[-44.939602,-3.3540784],[-44.9403531,-3.354223],[-44.9421072,-3.3545068],[-44.9438399,-3.3548174],[-44.9440545,-3.354871],[-44.9445427,-3.3550691],[-44.9447787,-3.3551334],[-44.9450308,-3.3551388],[-44.9455619,-3.3550531],[-44.9458087,-3.3550317],[-44.9461949,-3.355037],[-44.9464632,-3.3550209],[-44.9472625,-3.3548067],[-44.9475414,-3.3547799],[-44.9478043,-3.354962],[-44.9480188,-3.3552245],[-44.9488235,-3.355835]]}},{"type":"Feature","properties":{"full_id":"w976744268","osm_id":"976744268","osm_type":"way","highway":"unclassified","tracktype":"","flood_pron":"","ford":"","addr_subur":"","access":"","tunnel":"","service":"","embankment":"","descriptio":"","destinatio":"","destinat_1":"","alt_name":"","source_nam":"","layer":"","bridge":"","oneway":"","name":"","surface":"","ref":"","maxspeed":"","lanes":"","IBGE_CD_AD":""},"geometry":{"type":"LineString","coordinates":[[-44.9470156,-3.3640231],[-44.9476915,-3.3651532],[-44.948008,-3.365753],[-44.9484265,-3.3662833],[-44.9487161,-3.3665511],[-44.9494564,-3.3669903],[-44.9512696,-3.3676865],[-44.9516129,-3.3677615],[-44.9525249,-3.3678686],[-44.9534422,-3.3680079],[-44.9540216,-3.3681364],[-44.954837,-3.368356],[-44.9560393,-3.3685917]]}},{"type":"Feature","properties":{"full_id":"w976744271","osm_id":"976744271","osm_type":"way","highway":"unclassified","tracktype":"","flood_pron":"","ford":"","addr_subur":"","access":"","tunnel":"","service":"","embankment":"","descriptio":"","destinatio":"","destinat_1":"","alt_name":"","source_nam":"","layer":"","bridge":"","oneway":"","name":"","surface":"","ref":"","maxspeed":"","lanes":"","IBGE_CD_AD":""},"geometry":{"type":"LineString","coordinates":[[-44.9601376,-3.3787323],[-44.9599755,-3.3786802],[-44.9599004,-3.3786588],[-44.9596858,-3.3784285],[-44.9595785,-3.3782303],[-44.9592352,-3.3771218],[-44.9588489,-3.3760614],[-44.9587846,-3.3758097],[-44.9587846,-3.3756008],[-44.9588704,-3.3751617],[-44.9589455,-3.3737265],[-44.9590582,-3.372875],[-44.9590903,-3.3725054],[-44.9588543,-3.3718842],[-44.958511,-3.3713005],[-44.9584359,-3.3710381],[-44.9584305,-3.3709417],[-44.9584627,-3.3707649],[-44.9587792,-3.3701384],[-44.9588242,-3.3700069],[-44.9588101,-3.3699099],[-44.9587623,-3.3698032],[-44.9585646,-3.3696992],[-44.9578404,-3.3693993],[-44.9563295,-3.3686929],[-44.9561997,-3.368642],[-44.9560393,-3.3685917]]}},{"type":"Feature","properties":{"full_id":"w976744273","osm_id":"976744273","osm_type":"way","highway":"unclassified","tracktype":"","flood_pron":"","ford":"","addr_subur":"","access":"","tunnel":"","service":"","embankment":"","descriptio":"","destinatio":"","destinat_1":"","alt_name":"","source_nam":"","layer":"","bridge":"","oneway":"","name":"","surface":"","ref":"","maxspeed":"","lanes":"","IBGE_CD_AD":""},"geometry":{"type":"LineString","coordinates":[[-44.9598063,-3.3788836],[-44.9598414,-3.3787986],[-44.9599004,-3.3786588]]}},{"type":"Feature","properties":{"full_id":"w976744274","osm_id":"976744274","osm_type":"way","highway":"unclassified","tracktype":"","flood_pron":"","ford":"","addr_subur":"","access":"","tunnel":"","service":"","embankment":"","descriptio":"","destinatio":"","destinat_1":"","alt_name":"","source_nam":"","layer":"","bridge":"","oneway":"","name":"","surface":"","ref":"","maxspeed":"","lanes":"","IBGE_CD_AD":""},"geometry":{"type":"LineString","coordinates":[[-44.9598063,-3.3788836],[-44.9599111,-3.3788355],[-44.9601376,-3.3787323]]}},{"type":"Feature","properties":{"full_id":"w978766206","osm_id":"978766206","osm_type":"way","highway":"unclassified","tracktype":"","flood_pron":"","ford":"","addr_subur":"","access":"","tunnel":"","service":"","embankment":"","descriptio":"","destinatio":"","destinat_1":"","alt_name":"","source_nam":"","layer":"","bridge":"","oneway":"","name":"","surface":"unpaved","ref":"","maxspeed":"","lanes":"","IBGE_CD_AD":""},"geometry":{"type":"LineString","coordinates":[[-44.9191,-3.3134086],[-44.9193413,-3.3131554],[-44.9196744,-3.3130007],[-44.919899,-3.3129505],[-44.9202553,-3.3128654],[-44.92048,-3.3127649],[-44.9210411,-3.3124781],[-44.9215186,-3.3121622],[-44.9220711,-3.3115784],[-44.922688,-3.3111018],[-44.922806,-3.3110375],[-44.9241793,-3.3097843],[-44.9245709,-3.3093559],[-44.9246675,-3.3092327],[-44.9247694,-3.3091417],[-44.9250698,-3.3089168]]}},{"type":"Feature","properties":{"full_id":"w1014064163","osm_id":"1014064163","osm_type":"way","highway":"tertiary","tracktype":"","flood_pron":"","ford":"","addr_subur":"","access":"","tunnel":"","service":"","embankment":"","descriptio":"","destinatio":"","destinat_1":"","alt_name":"","source_nam":"","layer":"","bridge":"","oneway":"","name":"","surface":"unpaved","ref":"","maxspeed":"","lanes":"","IBGE_CD_AD":""},"geometry":{"type":"LineString","coordinates":[[-45.0107932,-3.4029011],[-45.0108039,-3.4030805],[-45.0107095,-3.4032539],[-45.0106281,-3.4035246],[-45.0106281,-3.4039757],[-45.0106643,-3.404508],[-45.0107637,-3.4052749],[-45.0108576,-3.4056214],[-45.0108683,-3.4059427],[-45.0107315,-3.4062051],[-45.0108993,-3.4066554],[-45.0109083,-3.406908],[-45.0106491,-3.4073063],[-45.0106893,-3.4077574],[-45.0105666,-3.4079614],[-45.0107837,-3.4085089],[-45.010812,-3.4088103],[-45.0110552,-3.4089719],[-45.0111298,-3.4091208],[-45.0111659,-3.4093238],[-45.011175,-3.4098584],[-45.0112066,-3.4103592],[-45.0112089,-3.4105825],[-45.0111727,-3.4107697],[-45.0111072,-3.4109208],[-45.011062,-3.4110246],[-45.0110462,-3.4111283],[-45.0110823,-3.4112682],[-45.0111298,-3.4114283],[-45.0111252,-3.4115907],[-45.0110868,-3.4117915],[-45.0110642,-3.4119426],[-45.0110507,-3.4122516],[-45.0110077,-3.412687],[-45.0108134,-3.4138779],[-45.0107908,-3.4142118],[-45.0108225,-3.4144328],[-45.0109309,-3.4146674],[-45.010995,-3.4147945],[-45.0109713,-3.4149644],[-45.0109473,-3.4153152],[-45.0107999,-3.4156869],[-45.0107682,-3.4158448],[-45.0106507,-3.4160749],[-45.0105875,-3.4162599],[-45.0105016,-3.4169907],[-45.0103344,-3.4184613],[-45.0102304,-3.4192057],[-45.0102657,-3.4195344],[-45.0103569,-3.4203528],[-45.0103617,-3.4208509],[-45.0103726,-3.4212248],[-45.0102923,-3.4214627],[-45.0099054,-3.4217825]]}},{"type":"Feature","properties":{"full_id":"w1015870209","osm_id":"1015870209","osm_type":"way","highway":"unclassified","tracktype":"","flood_pron":"","ford":"","addr_subur":"","access":"","tunnel":"","service":"","embankment":"","descriptio":"","destinatio":"","destinat_1":"","alt_name":"","source_nam":"","layer":"","bridge":"","oneway":"","name":"","surface":"unpaved","ref":"","maxspeed":"","lanes":"","IBGE_CD_AD":""},"geometry":{"type":"LineString","coordinates":[[-45.2627806,-3.4031168],[-45.2625064,-3.4024361],[-45.2620585,-3.4016358],[-45.2617891,-3.4011951],[-45.2615911,-3.400871],[-45.2613573,-3.4004109],[-45.2611561,-3.4000804],[-45.2610392,-3.3999573],[-45.2608932,-3.399873],[-45.2604842,-3.3997304],[-45.2599745,-3.3995133],[-45.2592279,-3.3991537],[-45.2584911,-3.3988491],[-45.2578386,-3.3985898],[-45.2575627,-3.3984278],[-45.2573323,-3.398295],[-45.2571245,-3.398201],[-45.2568161,-3.3980746],[-45.2565889,-3.3980163],[-45.2564039,-3.3980325],[-45.2561994,-3.3980001],[-45.2560631,-3.3979547],[-45.2557255,-3.3978057],[-45.2554431,-3.3977085],[-45.2552191,-3.3976015],[-45.2550211,-3.397527],[-45.254849,-3.3974395],[-45.2545829,-3.3973423],[-45.2539953,-3.3970799],[-45.253265,-3.3967558],[-45.2527489,-3.3965582],[-45.2524437,-3.3963864],[-45.25221,-3.3962082],[-45.2520347,-3.3960624],[-45.2518984,-3.3959619],[-45.2517815,-3.3958907],[-45.2516777,-3.3958582],[-45.2515283,-3.3958582],[-45.2514245,-3.3958712],[-45.2513758,-3.3958712],[-45.2513238,-3.395868],[-45.2512557,-3.3958907],[-45.2511615,-3.3958939],[-45.2510057,-3.3958907],[-45.2508726,-3.3958809],[-45.2506649,-3.395842],[-45.2504669,-3.3957708],[-45.2502527,-3.3956638],[-45.2501326,-3.395518],[-45.249967,-3.3952296],[-45.2498631,-3.3950708],[-45.2496197,-3.3947014],[-45.2494379,-3.3942575],[-45.2493178,-3.3939497],[-45.2491198,-3.3935155],[-45.2489672,-3.3932854],[-45.2488147,-3.3931299],[-45.2485809,-3.3929095],[-45.24837,-3.3927508],[-45.2474286,-3.3921416],[-45.2472079,-3.3919342],[-45.2468383,-3.3913557],[-45.2466755,-3.3912148],[-45.2461756,-3.3908519],[-45.2458283,-3.3905959],[-45.245653,-3.3903983],[-45.245468,-3.3902557],[-45.2449778,-3.3899349],[-45.2443027,-3.389653],[-45.2439449,-3.389534],[-45.2436903,-3.3894939],[-45.2435041,-3.3894456],[-45.2432964,-3.389384],[-45.2431081,-3.3893127],[-45.2426569,-3.3891734],[-45.2423193,-3.3890794],[-45.2420532,-3.3889822],[-45.2418389,-3.3888688],[-45.241365,-3.3885999],[-45.2409365,-3.3882855],[-45.2406087,-3.388049],[-45.2404301,-3.3879161],[-45.2402873,-3.3878092],[-45.2401445,-3.3877801],[-45.2398361,-3.3877476],[-45.2391447,-3.3876828],[-45.2387909,-3.3876375],[-45.2384825,-3.3876213],[-45.2380605,-3.3876018],[-45.237908,-3.3875824],[-45.2377424,-3.3875208],[-45.2375347,-3.3873977],[-45.2372393,-3.3871352],[-45.2369926,-3.3869959],[-45.2367037,-3.3868209],[-45.2364837,-3.3866934],[-45.2363346,-3.3865867],[-45.2362135,-3.386526],[-45.2360285,-3.3864094],[-45.2359019,-3.3863397],[-45.2358224,-3.3862973],[-45.2357688,-3.3862684],[-45.2357185,-3.3862328],[-45.2356211,-3.3861647],[-45.2354329,-3.3860578],[-45.234891,-3.3856007],[-45.234407,-3.3852271],[-45.2341556,-3.3850614],[-45.2337253,-3.3846883],[-45.2334674,-3.3845462],[-45.2330876,-3.384261],[-45.2328571,-3.3840601],[-45.2326689,-3.3837847],[-45.2325553,-3.3834477],[-45.2324644,-3.3830686],[-45.2324124,-3.3826181],[-45.2324092,-3.3824788],[-45.2323767,-3.3823038],[-45.2322793,-3.3820025],[-45.2321787,-3.3818502],[-45.2320262,-3.3816655],[-45.2318346,-3.3814516],[-45.2316431,-3.3812345],[-45.2315198,-3.381053],[-45.2314224,-3.3808878],[-45.2313153,-3.3807193],[-45.2311757,-3.3805443],[-45.2310329,-3.3803985],[-45.2308056,-3.3801522],[-45.2306693,-3.3800161],[-45.2305297,-3.3798638],[-45.2302513,-3.37959],[-45.2301709,-3.3794294],[-45.2301084,-3.3792243],[-45.2300461,-3.3789435],[-45.230028,-3.3786714],[-45.2300298,-3.3783505],[-45.2301207,-3.3780265],[-45.2302538,-3.3777511],[-45.2303183,-3.3775387],[-45.2303642,-3.3772747],[-45.2304129,-3.376941],[-45.2303869,-3.3766234],[-45.23027,-3.3762378],[-45.2301175,-3.3758749],[-45.2299386,-3.3756748],[-45.2295689,-3.375324],[-45.2294293,-3.3751976],[-45.2291826,-3.3750129],[-45.2288872,-3.3747245],[-45.2287022,-3.3744783],[-45.2284425,-3.3741186],[-45.2282056,-3.3738723],[-45.227657,-3.3734348]]}},{"type":"Feature","properties":{"full_id":"w1083106195","osm_id":"1083106195","osm_type":"way","highway":"tertiary","tracktype":"","flood_pron":"","ford":"","addr_subur":"","access":"","tunnel":"","service":"","embankment":"","descriptio":"","destinatio":"","destinat_1":"","alt_name":"","source_nam":"","layer":"","bridge":"","oneway":"no","name":"Barragem","surface":"asphalt","ref":"","maxspeed":"40","lanes":"1","IBGE_CD_AD":""},"geometry":{"type":"LineString","coordinates":[[-45.0147554,-3.3210994],[-45.0146773,-3.3211235]]}},{"type":"Feature","properties":{"full_id":"w1131217637","osm_id":"1131217637","osm_type":"way","highway":"unclassified","tracktype":"","flood_pron":"","ford":"","addr_subur":"","access":"","tunnel":"","service":"","embankment":"","descriptio":"","destinatio":"","destinat_1":"","alt_name":"","source_nam":"","layer":"","bridge":"","oneway":"","name":"","surface":"unpaved","ref":"","maxspeed":"","lanes":"","IBGE_CD_AD":""},"geometry":{"type":"LineString","coordinates":[[-45.0414133,-3.4642402],[-45.0412872,-3.4643287]]}},{"type":"Feature","properties":{"full_id":"w1140675107","osm_id":"1140675107","osm_type":"way","highway":"track","tracktype":"","flood_pron":"","ford":"","addr_subur":"","access":"","tunnel":"","service":"","embankment":"","descriptio":"","destinatio":"","destinat_1":"","alt_name":"","source_nam":"","layer":"","bridge":"","oneway":"","name":"","surface":"","ref":"","maxspeed":"","lanes":"","IBGE_CD_AD":""},"geometry":{"type":"LineString","coordinates":[[-45.1288426,-3.3735126],[-45.1342457,-3.3705581],[-45.1348358,-3.3705995],[-45.135142,-3.3706441],[-45.1353621,-3.3706791],[-45.1358022,-3.3707014],[-45.1360383,-3.3707492],[-45.1362777,-3.3707681],[-45.1365459,-3.370827],[-45.1368973,-3.370993],[-45.1371011,-3.3711697],[-45.1371494,-3.3716276],[-45.1372004,-3.3719329],[-45.1373854,-3.3724095],[-45.1375759,-3.372704],[-45.1378843,-3.3729825],[-45.1381579,-3.3733868],[-45.1384637,-3.3738527],[-45.1385227,-3.3740829],[-45.1386353,-3.3743962],[-45.1389787,-3.3746613],[-45.1393059,-3.3751272],[-45.1394615,-3.3754565],[-45.1396707,-3.3757082],[-45.14036,-3.3757457],[-45.1407006,-3.3756922],[-45.1408991,-3.3757591],[-45.1410708,-3.3759197],[-45.1412076,-3.3761393],[-45.1415563,-3.3762892],[-45.1420283,-3.376316],[-45.1423878,-3.3763749],[-45.1426882,-3.3766855],[-45.1428974,-3.3769854],[-45.1430315,-3.3773014],[-45.1431173,-3.3774941],[-45.1432568,-3.3776414],[-45.1438066,-3.377952],[-45.1442599,-3.3781742],[-45.1446059,-3.3782974],[-45.1447803,-3.3782947],[-45.1455662,-3.3783536],[-45.1459283,-3.3783563],[-45.1461723,-3.3783884],[-45.1465586,-3.3784179],[-45.1467758,-3.3784955],[-45.1470736,-3.3786267],[-45.1473096,-3.3786937],[-45.1477844,-3.3787312],[-45.1480848,-3.3787553],[-45.148353,-3.3787338],[-45.1487178,-3.378699],[-45.148935,-3.3786642],[-45.1490396,-3.3785973],[-45.1491603,-3.3785411],[-45.149383,-3.3785571],[-45.1497585,-3.3785973],[-45.1501098,-3.3785893],[-45.1503566,-3.3785545],[-45.1505658,-3.3784099],[-45.1508287,-3.3781769],[-45.1510406,-3.378027],[-45.1513839,-3.3778288],[-45.1537013,-3.379588]]}},{"type":"Feature","properties":{"full_id":"w1140675108","osm_id":"1140675108","osm_type":"way","highway":"unclassified","tracktype":"","flood_pron":"","ford":"","addr_subur":"","access":"","tunnel":"","service":"","embankment":"","descriptio":"","destinatio":"","destinat_1":"","alt_name":"","source_nam":"","layer":"","bridge":"","oneway":"","name":"","surface":"","ref":"","maxspeed":"","lanes":"","IBGE_CD_AD":""},"geometry":{"type":"LineString","coordinates":[[-45.1583409,-3.3889709],[-45.158165,-3.3887294],[-45.1580815,-3.3885136],[-45.1579981,-3.3882864],[-45.1578388,-3.3878888],[-45.1576755,-3.3876763],[-45.1573981,-3.3874714],[-45.1571274,-3.3872395],[-45.1568365,-3.3869693],[-45.15655,-3.3865572],[-45.1563854,-3.3863366],[-45.1561717,-3.3860936],[-45.1551829,-3.3844315],[-45.155084,-3.3842182],[-45.1550904,-3.3840335],[-45.1551382,-3.3838902],[-45.1552116,-3.3837597],[-45.1552677,-3.3834222],[-45.1551792,-3.3830688],[-45.1551256,-3.3827234],[-45.1549941,-3.3823592],[-45.1548278,-3.3819924],[-45.1546052,-3.3816417],[-45.1544872,-3.3813525],[-45.154278,-3.3809027],[-45.1539964,-3.3802975],[-45.1537013,-3.379588]]}},{"type":"Feature","properties":{"full_id":"w1140675509","osm_id":"1140675509","osm_type":"way","highway":"unclassified","tracktype":"","flood_pron":"","ford":"","addr_subur":"","access":"","tunnel":"","service":"","embankment":"","descriptio":"","destinatio":"","destinat_1":"","alt_name":"","source_nam":"","layer":"","bridge":"","oneway":"","name":"","surface":"","ref":"","maxspeed":"","lanes":"","IBGE_CD_AD":""},"geometry":{"type":"LineString","coordinates":[[-45.227657,-3.3734348],[-45.2271376,-3.3728256],[-45.2267935,-3.3723979],[-45.225995,-3.3713999],[-45.2248459,-3.369906]]}},{"type":"Feature","properties":{"full_id":"w1234774965","osm_id":"1234774965","osm_type":"way","highway":"residential","tracktype":"","flood_pron":"","ford":"","addr_subur":"","access":"","tunnel":"","service":"","embankment":"","descriptio":"","destinatio":"","destinat_1":"","alt_name":"","source_nam":"","layer":"","bridge":"","oneway":"","name":"","surface":"","ref":"","maxspeed":"","lanes":"","IBGE_CD_AD":""},"geometry":{"type":"LineString","coordinates":[[-45.2628256,-3.4033403],[-45.2627806,-3.4031168]]}},{"type":"Feature","properties":{"full_id":"w1234774981","osm_id":"1234774981","osm_type":"way","highway":"residential","tracktype":"","flood_pron":"","ford":"","addr_subur":"","access":"","tunnel":"","service":"","embankment":"","descriptio":"","destinatio":"","destinat_1":"","alt_name":"","source_nam":"","layer":"","bridge":"","oneway":"","name":"","surface":"unpaved","ref":"","maxspeed":"","lanes":"","IBGE_CD_AD":""},"geometry":{"type":"LineString","coordinates":[[-45.249286,-3.3672986],[-45.2490163,-3.3679698],[-45.2489466,-3.368425],[-45.2489573,-3.3686606],[-45.2490581,-3.3691996],[-45.24907,-3.3695227],[-45.24911,-3.3699903],[-45.2492139,-3.3702787],[-45.2492691,-3.370525],[-45.2492788,-3.3708101],[-45.2492399,-3.3713221],[-45.249149,-3.3719086],[-45.2490971,-3.3724368],[-45.2490614,-3.3727576],[-45.2490646,-3.373046],[-45.24911,-3.37337],[-45.2492204,-3.3737978],[-45.24936,-3.374245],[-45.2494054,-3.3745496],[-45.2494833,-3.3747569],[-45.2495288,-3.3749805],[-45.2495612,-3.3751782],[-45.249571,-3.3753175],[-45.2496132,-3.3755897],[-45.2496424,-3.3758522],[-45.2496521,-3.3761147],[-45.2496327,-3.3765068],[-45.2495872,-3.3768081],[-45.2495385,-3.3770998],[-45.2494249,-3.3775372],[-45.2493697,-3.3777543],[-45.2492724,-3.3780784],[-45.2492255,-3.3783208],[-45.2490906,-3.3786487],[-45.2489835,-3.3788431],[-45.2488017,-3.3791185],[-45.2486004,-3.3793777],[-45.2484446,-3.3795981],[-45.2482856,-3.3797601],[-45.2481622,-3.3799157],[-45.2480421,-3.3800129],[-45.2478668,-3.380123],[-45.2477467,-3.3801781],[-45.2475779,-3.3802365],[-45.2473767,-3.3802786],[-45.2472468,-3.380298],[-45.2471202,-3.380311],[-45.2469969,-3.3803142],[-45.2468508,-3.3803175],[-45.2467112,-3.3803175],[-45.2465619,-3.3803239],[-45.2464029,-3.3803175],[-45.2461562,-3.3803272],[-45.2459744,-3.3803401],[-45.2457861,-3.3803499],[-45.2455686,-3.3803628],[-45.2452895,-3.3803855],[-45.24502,-3.3804114],[-45.2446013,-3.3804633],[-45.2442767,-3.3805022],[-45.2439683,-3.3805411],[-45.2437443,-3.3805864],[-45.2434642,-3.3807091],[-45.2428794,-3.3809822],[-45.2426375,-3.3810595],[-45.2424589,-3.3811016],[-45.2422142,-3.3811911],[-45.2416312,-3.3813998],[-45.241404,-3.3815164],[-45.2410274,-3.3818275],[-45.240534,-3.382239],[-45.2403522,-3.3824464],[-45.2401477,-3.3826117],[-45.2396822,-3.3829475],[-45.2395642,-3.3830653],[-45.2393817,-3.3832468],[-45.2390051,-3.3836097],[-45.2381839,-3.3842318],[-45.2369471,-3.3852169],[-45.2367167,-3.3853789],[-45.236074,-3.3859298],[-45.2358143,-3.3861793],[-45.2357688,-3.3862684]]}},{"type":"Feature","properties":{"full_id":"w1242262436","osm_id":"1242262436","osm_type":"way","highway":"residential","tracktype":"","flood_pron":"","ford":"","addr_subur":"","access":"","tunnel":"","service":"","embankment":"","descriptio":"","destinatio":"","destinat_1":"","alt_name":"","source_nam":"","layer":"","bridge":"","oneway":"","name":"","surface":"","ref":"","maxspeed":"","lanes":"","IBGE_CD_AD":""},"geometry":{"type":"LineString","coordinates":[[-44.9349779,-3.4611657],[-44.935171,-3.4611175],[-44.9359596,-3.4607695],[-44.9368447,-3.4602394],[-44.9370218,-3.4601055],[-44.9371559,-3.4599556],[-44.9377781,-3.459056],[-44.9382234,-3.4586008],[-44.9387545,-3.4581939],[-44.9400956,-3.4569034],[-44.9403692,-3.4567053],[-44.9406347,-3.4565018],[-44.9408278,-3.4563572],[-44.9411202,-3.4560788],[-44.9413401,-3.4558378],[-44.941957,-3.4552595],[-44.9423272,-3.4550239],[-44.9428958,-3.4547133],[-44.9430675,-3.4546651],[-44.943384,-3.4546437],[-44.9442315,-3.4547347],[-44.9454117,-3.4549275],[-44.9459481,-3.4550828],[-44.9464041,-3.4552863],[-44.947874,-3.4556343],[-44.9485713,-3.4557789],[-44.9488074,-3.4558592],[-44.949435,-3.4561912],[-44.9502933,-3.4565928],[-44.9507547,-3.456716],[-44.9508512,-3.4566999]]}},{"type":"Feature","properties":{"full_id":"w1242262438","osm_id":"1242262438","osm_type":"way","highway":"residential","tracktype":"","flood_pron":"","ford":"","addr_subur":"","access":"","tunnel":"","service":"","embankment":"","descriptio":"","destinatio":"","destinat_1":"","alt_name":"","source_nam":"","layer":"","bridge":"","oneway":"","name":"","surface":"","ref":"","maxspeed":"","lanes":"","IBGE_CD_AD":""},"geometry":{"type":"LineString","coordinates":[[-44.9528361,-3.4535674],[-44.9528468,-3.4529731],[-44.9527504,-3.4528787]]}},{"type":"Feature","properties":{"full_id":"w1242262439","osm_id":"1242262439","osm_type":"way","highway":"residential","tracktype":"","flood_pron":"","ford":"","addr_subur":"","access":"","tunnel":"","service":"","embankment":"","descriptio":"","destinatio":"","destinat_1":"","alt_name":"","source_nam":"","layer":"","bridge":"","oneway":"","name":"","surface":"","ref":"","maxspeed":"","lanes":"","IBGE_CD_AD":""},"geometry":{"type":"LineString","coordinates":[[-44.9349779,-3.4611657],[-44.9346721,-3.4610961],[-44.9342484,-3.4608337],[-44.9339909,-3.4606035],[-44.9339104,-3.4605017],[-44.9337709,-3.4602715],[-44.9336207,-3.4599395],[-44.9332452,-3.458815],[-44.9331594,-3.4586115],[-44.9328912,-3.458151],[-44.9326712,-3.4576156],[-44.9325049,-3.4570962],[-44.9324298,-3.4569837],[-44.9322045,-3.4568391],[-44.9321026,-3.456732],[-44.9320597,-3.4566035],[-44.9320597,-3.4561966],[-44.9320114,-3.4559342],[-44.9319738,-3.4558485],[-44.9318719,-3.455479],[-44.9317968,-3.4552916],[-44.9315715,-3.4549596],[-44.9314213,-3.4548097],[-44.9310297,-3.4545206],[-44.9303377,-3.4541243],[-44.9297262,-3.4538887],[-44.9288893,-3.4536263],[-44.9285996,-3.4534871],[-44.9283475,-3.4534336],[-44.9282241,-3.4533532],[-44.9279237,-3.4530105],[-44.9275053,-3.4524804],[-44.9272907,-3.4522609],[-44.9270171,-3.4518968],[-44.9269045,-3.4517147],[-44.9262822,-3.4504778],[-44.9262178,-3.4502743],[-44.9262446,-3.4498084],[-44.9262178,-3.4492623],[-44.9262393,-3.4491123],[-44.9264485,-3.4486036],[-44.9265826,-3.4483787],[-44.9266202,-3.4482824],[-44.926942,-3.4478379],[-44.9272478,-3.4470079],[-44.9275643,-3.4462262],[-44.9276072,-3.4460816],[-44.9276072,-3.4459692]]}},{"type":"Feature","properties":{"full_id":"w1242262441","osm_id":"1242262441","osm_type":"way","highway":"residential","tracktype":"","flood_pron":"","ford":"","addr_subur":"","access":"","tunnel":"","service":"","embankment":"","descriptio":"","destinatio":"","destinat_1":"","alt_name":"","source_nam":"","layer":"","bridge":"","oneway":"","name":"","surface":"","ref":"","maxspeed":"","lanes":"","IBGE_CD_AD":""},"geometry":{"type":"LineString","coordinates":[[-44.9528361,-3.4535674],[-44.9527288,-3.4543385],[-44.9525196,-3.4546277],[-44.9524015,-3.4548311],[-44.952246,-3.4553131],[-44.9520636,-3.4556986],[-44.9519992,-3.4557789],[-44.951908,-3.4558539],[-44.9517417,-3.4559342],[-44.951613,-3.4559342],[-44.9514145,-3.4558592],[-44.9513072,-3.4558592],[-44.9510765,-3.456127],[-44.9508512,-3.4566999]]}},{"type":"Feature","properties":{"full_id":"w1242266346","osm_id":"1242266346","osm_type":"way","highway":"unclassified","tracktype":"","flood_pron":"","ford":"","addr_subur":"","access":"","tunnel":"","service":"","embankment":"","descriptio":"","destinatio":"","destinat_1":"","alt_name":"","source_nam":"","layer":"","bridge":"","oneway":"","name":"","surface":"unpaved","ref":"","maxspeed":"","lanes":"","IBGE_CD_AD":""},"geometry":{"type":"LineString","coordinates":[[-45.0838298,-3.3280995],[-45.0829607,-3.327661],[-45.0821775,-3.3272808],[-45.0815821,-3.3266488],[-45.0814158,-3.3265578],[-45.0811368,-3.326697],[-45.0808686,-3.3268952],[-45.0804877,-3.3269112],[-45.0800693,-3.3268791],[-45.0793129,-3.326606]]}},{"type":"Feature","properties":{"full_id":"w1242266349","osm_id":"1242266349","osm_type":"way","highway":"residential","tracktype":"","flood_pron":"","ford":"","addr_subur":"","access":"","tunnel":"","service":"","embankment":"","descriptio":"","destinatio":"","destinat_1":"","alt_name":"","source_nam":"","layer":"","bridge":"","oneway":"","name":"","surface":"","ref":"","maxspeed":"","lanes":"","IBGE_CD_AD":""},"geometry":{"type":"LineString","coordinates":[[-45.1001041,-3.3469648],[-45.0993329,-3.3469348]]}},{"type":"Feature","properties":{"full_id":"w1242266354","osm_id":"1242266354","osm_type":"way","highway":"residential","tracktype":"","flood_pron":"","ford":"","addr_subur":"","access":"","tunnel":"","service":"","embankment":"","descriptio":"","destinatio":"","destinat_1":"","alt_name":"","source_nam":"","layer":"","bridge":"","oneway":"","name":"","surface":"","ref":"","maxspeed":"","lanes":"","IBGE_CD_AD":""},"geometry":{"type":"LineString","coordinates":[[-45.0503022,-3.3543568],[-45.0502914,-3.3542711],[-45.0504685,-3.3537409]]}},{"type":"Feature","properties":{"full_id":"w1242266355","osm_id":"1242266355","osm_type":"way","highway":"residential","tracktype":"","flood_pron":"","ford":"","addr_subur":"","access":"","tunnel":"","service":"","embankment":"","descriptio":"","destinatio":"","destinat_1":"","alt_name":"","source_nam":"","layer":"","bridge":"","oneway":"","name":"","surface":"","ref":"","maxspeed":"","lanes":"","IBGE_CD_AD":""},"geometry":{"type":"LineString","coordinates":[[-45.0856805,-3.3455633],[-45.0856269,-3.3458686],[-45.08582,-3.3461256],[-45.0859702,-3.346222]]}},{"type":"Feature","properties":{"full_id":"w1242266357","osm_id":"1242266357","osm_type":"way","highway":"residential","tracktype":"","flood_pron":"","ford":"","addr_subur":"","access":"","tunnel":"","service":"","embankment":"","descriptio":"","destinatio":"","destinat_1":"","alt_name":"","source_nam":"","layer":"","bridge":"","oneway":"","name":"","surface":"","ref":"","maxspeed":"","lanes":"","IBGE_CD_AD":""},"geometry":{"type":"LineString","coordinates":[[-45.0886148,-3.3468807],[-45.0896126,-3.3471859],[-45.0906372,-3.3477857],[-45.091281,-3.347925],[-45.091356,-3.3478982],[-45.0917155,-3.3476787],[-45.092209,-3.3474805],[-45.0931746,-3.3469718],[-45.0934106,-3.3468647],[-45.0939632,-3.3467575],[-45.0945533,-3.3466826],[-45.0949824,-3.3466612],[-45.095315,-3.3467093],[-45.0958031,-3.3467146],[-45.0963664,-3.346886],[-45.0966883,-3.3468914],[-45.0969941,-3.3469825],[-45.0972596,-3.347232],[-45.0975895,-3.3473627],[-45.0977504,-3.3475233],[-45.0979168,-3.3478693]]}},{"type":"Feature","properties":{"full_id":"w1242266361","osm_id":"1242266361","osm_type":"way","highway":"residential","tracktype":"","flood_pron":"","ford":"","addr_subur":"","access":"","tunnel":"","service":"","embankment":"","descriptio":"","destinatio":"","destinat_1":"","alt_name":"","source_nam":"","layer":"","bridge":"","oneway":"","name":"","surface":"","ref":"","maxspeed":"","lanes":"","IBGE_CD_AD":""},"geometry":{"type":"LineString","coordinates":[[-45.0503022,-3.3543568],[-45.0503188,-3.3544561]]}},{"type":"Feature","properties":{"full_id":"w1242266363","osm_id":"1242266363","osm_type":"way","highway":"residential","tracktype":"","flood_pron":"","ford":"","addr_subur":"","access":"","tunnel":"","service":"","embankment":"","descriptio":"","destinatio":"","destinat_1":"","alt_name":"","source_nam":"","layer":"","bridge":"","oneway":"","name":"","surface":"unpaved","ref":"","maxspeed":"","lanes":"","IBGE_CD_AD":""},"geometry":{"type":"LineString","coordinates":[[-45.0848061,-3.3377766],[-45.0851655,-3.3382164],[-45.0851655,-3.3395118],[-45.0851977,-3.3405775],[-45.0851012,-3.3409898],[-45.0852835,-3.341595],[-45.0851709,-3.3421573],[-45.0851655,-3.342484],[-45.0852782,-3.3426821],[-45.0853426,-3.3427571],[-45.0852406,-3.3429445],[-45.085128,-3.3435925],[-45.0851763,-3.344444],[-45.0852192,-3.344594],[-45.0853747,-3.3449582],[-45.0856805,-3.3455633]]}},{"type":"Feature","properties":{"full_id":"w1242266366","osm_id":"1242266366","osm_type":"way","highway":"residential","tracktype":"","flood_pron":"","ford":"","addr_subur":"","access":"","tunnel":"","service":"","embankment":"","descriptio":"","destinatio":"","destinat_1":"","alt_name":"","source_nam":"","layer":"","bridge":"","oneway":"","name":"","surface":"","ref":"","maxspeed":"","lanes":"","IBGE_CD_AD":""},"geometry":{"type":"LineString","coordinates":[[-45.0695658,-3.3114712],[-45.0693298,-3.3114551],[-45.0691474,-3.3114712],[-45.0688201,-3.3112784],[-45.0687129,-3.3111659]]}},{"type":"Feature","properties":{"full_id":"w1242266369","osm_id":"1242266369","osm_type":"way","highway":"residential","tracktype":"","flood_pron":"","ford":"","addr_subur":"","access":"","tunnel":"","service":"","embankment":"","descriptio":"","destinatio":"","destinat_1":"","alt_name":"","source_nam":"","layer":"","bridge":"","oneway":"","name":"","surface":"","ref":"","maxspeed":"","lanes":"","IBGE_CD_AD":""},"geometry":{"type":"LineString","coordinates":[[-45.0503022,-3.3543568],[-45.050176,-3.3544427]]}},{"type":"Feature","properties":{"full_id":"w1242266370","osm_id":"1242266370","osm_type":"way","highway":"residential","tracktype":"","flood_pron":"","ford":"","addr_subur":"","access":"","tunnel":"","service":"","embankment":"","descriptio":"","destinatio":"","destinat_1":"","alt_name":"","source_nam":"","layer":"","bridge":"","oneway":"","name":"","surface":"","ref":"","maxspeed":"","lanes":"","IBGE_CD_AD":""},"geometry":{"type":"LineString","coordinates":[[-45.0831968,-3.3358219],[-45.0835669,-3.336818],[-45.0837922,-3.3372411],[-45.0839049,-3.3373964],[-45.0840605,-3.3375678],[-45.0841999,-3.337632],[-45.0843984,-3.3376642],[-45.0848061,-3.3377766]]}},{"type":"Feature","properties":{"full_id":"w1242266373","osm_id":"1242266373","osm_type":"way","highway":"track","tracktype":"","flood_pron":"","ford":"","addr_subur":"","access":"","tunnel":"","service":"","embankment":"","descriptio":"","destinatio":"","destinat_1":"","alt_name":"","source_nam":"","layer":"","bridge":"","oneway":"","name":"","surface":"unpaved","ref":"","maxspeed":"","lanes":"","IBGE_CD_AD":""},"geometry":{"type":"LineString","coordinates":[[-45.0504685,-3.3537409],[-45.0505758,-3.353275],[-45.0505758,-3.3526377],[-45.0506791,-3.3522455],[-45.050683,-3.3522307],[-45.050683,-3.3520486],[-45.0506294,-3.3518291],[-45.0506294,-3.3517273],[-45.0507367,-3.3512132],[-45.0507367,-3.3510847],[-45.0506723,-3.3507901],[-45.0505114,-3.3503724],[-45.0502753,-3.3500033]]}},{"type":"Feature","properties":{"full_id":"w1242266377","osm_id":"1242266377","osm_type":"way","highway":"residential","tracktype":"","flood_pron":"","ford":"","addr_subur":"","access":"","tunnel":"","service":"","embankment":"","descriptio":"","destinatio":"","destinat_1":"","alt_name":"","source_nam":"","layer":"","bridge":"","oneway":"","name":"","surface":"","ref":"","maxspeed":"","lanes":"","IBGE_CD_AD":""},"geometry":{"type":"LineString","coordinates":[[-45.0503022,-3.3543568],[-45.0506026,-3.3541211],[-45.050726,-3.354089]]}},{"type":"Feature","properties":{"full_id":"w1242266382","osm_id":"1242266382","osm_type":"way","highway":"residential","tracktype":"","flood_pron":"","ford":"","addr_subur":"","access":"","tunnel":"","service":"","embankment":"","descriptio":"","destinatio":"","destinat_1":"","alt_name":"","source_nam":"","layer":"","bridge":"","oneway":"","name":"","surface":"","ref":"","maxspeed":"","lanes":"","IBGE_CD_AD":""},"geometry":{"type":"LineString","coordinates":[[-45.050726,-3.354089],[-45.0506026,-3.3538909],[-45.0504685,-3.3537409]]}},{"type":"Feature","properties":{"full_id":"w1242266384","osm_id":"1242266384","osm_type":"way","highway":"residential","tracktype":"","flood_pron":"","ford":"","addr_subur":"","access":"","tunnel":"","service":"","embankment":"","descriptio":"","destinatio":"","destinat_1":"","alt_name":"","source_nam":"","layer":"","bridge":"","oneway":"","name":"","surface":"unpaved","ref":"","maxspeed":"","lanes":"","IBGE_CD_AD":""},"geometry":{"type":"LineString","coordinates":[[-45.0863725,-3.3347616],[-45.0864744,-3.3349437],[-45.0866407,-3.3351632],[-45.0866783,-3.3351847],[-45.0867212,-3.3351847],[-45.0868017,-3.3351418],[-45.0869572,-3.3349972],[-45.0878906,-3.3347402],[-45.0885773,-3.3344938],[-45.088749,-3.3344188],[-45.0895482,-3.3339422],[-45.0898379,-3.3337279],[-45.0901973,-3.3335459],[-45.090487,-3.3333316],[-45.0905836,-3.3332781],[-45.0907874,-3.3332407],[-45.0915974,-3.3331817],[-45.0920803,-3.3330639],[-45.092268,-3.3330639],[-45.0923216,-3.3330425],[-45.0924129,-3.3329622],[-45.0926274,-3.3328925],[-45.0927669,-3.3328122],[-45.0930512,-3.3326944],[-45.09458,-3.332191]]}},{"type":"Feature","properties":{"full_id":"w1242266391","osm_id":"1242266391","osm_type":"way","highway":"residential","tracktype":"","flood_pron":"","ford":"","addr_subur":"","access":"","tunnel":"","service":"","embankment":"","descriptio":"","destinatio":"","destinat_1":"","alt_name":"","source_nam":"","layer":"","bridge":"","oneway":"","name":"","surface":"unpaved","ref":"","maxspeed":"","lanes":"","IBGE_CD_AD":""},"geometry":{"type":"LineString","coordinates":[[-45.0831968,-3.3358219],[-45.0839424,-3.3356184],[-45.0841785,-3.3355274],[-45.0844521,-3.3353774],[-45.0846076,-3.3353078],[-45.0846398,-3.3352489],[-45.0848007,-3.3350722],[-45.0851816,-3.3348473],[-45.0855142,-3.3347991],[-45.0856322,-3.3347991],[-45.0860882,-3.334858],[-45.0863725,-3.3347616]]}},{"type":"Feature","properties":{"full_id":"w1242266392","osm_id":"1242266392","osm_type":"way","highway":"residential","tracktype":"","flood_pron":"","ford":"","addr_subur":"","access":"","tunnel":"","service":"","embankment":"","descriptio":"","destinatio":"","destinat_1":"","alt_name":"","source_nam":"","layer":"","bridge":"","oneway":"","name":"","surface":"","ref":"","maxspeed":"","lanes":"","IBGE_CD_AD":""},"geometry":{"type":"LineString","coordinates":[[-45.1015055,-3.3323945],[-45.1013553,-3.3323838],[-45.1011837,-3.3324373],[-45.1008779,-3.3324962],[-45.0998211,-3.3332245],[-45.0998908,-3.3335459],[-45.0997889,-3.3336958],[-45.0996065,-3.3338083],[-45.0990808,-3.3339582],[-45.0989789,-3.3340386],[-45.0988126,-3.3342153],[-45.0985873,-3.3345152],[-45.098539,-3.334558],[-45.0984049,-3.3346062],[-45.098142,-3.3346598],[-45.0979704,-3.3346491],[-45.0976807,-3.3345687],[-45.0972891,-3.334301],[-45.0970262,-3.3341617],[-45.0968277,-3.3341028],[-45.0964737,-3.3340546],[-45.0963396,-3.3339368],[-45.0960177,-3.3334602],[-45.0953472,-3.3331121],[-45.0950307,-3.3328443],[-45.0949073,-3.3326676],[-45.0947303,-3.3323014],[-45.09458,-3.332191]]}},{"type":"Feature","properties":{"full_id":"w1242266394","osm_id":"1242266394","osm_type":"way","highway":"residential","tracktype":"","flood_pron":"","ford":"","addr_subur":"","access":"","tunnel":"","service":"","embankment":"","descriptio":"","destinatio":"","destinat_1":"","alt_name":"","source_nam":"","layer":"","bridge":"","oneway":"","name":"","surface":"","ref":"","maxspeed":"","lanes":"","IBGE_CD_AD":""},"geometry":{"type":"LineString","coordinates":[[-45.0886148,-3.3468807],[-45.088926,-3.3467308],[-45.0888884,-3.3467094],[-45.0885666,-3.3466612],[-45.087896,-3.3466183],[-45.0874561,-3.3465969],[-45.0870538,-3.3465112],[-45.0863725,-3.3462595],[-45.0859702,-3.346222]]}},{"type":"Feature","properties":{"full_id":"w1242266398","osm_id":"1242266398","osm_type":"way","highway":"residential","tracktype":"","flood_pron":"","ford":"","addr_subur":"","access":"","tunnel":"","service":"","embankment":"","descriptio":"","destinatio":"","destinat_1":"","alt_name":"","source_nam":"","layer":"","bridge":"","oneway":"","name":"","surface":"","ref":"","maxspeed":"","lanes":"","IBGE_CD_AD":""},"geometry":{"type":"LineString","coordinates":[[-45.050726,-3.354089],[-45.0509137,-3.3542925],[-45.0509566,-3.3544157],[-45.0508466,-3.3547588]]}},{"type":"Feature","properties":{"full_id":"w1242266405","osm_id":"1242266405","osm_type":"way","highway":"residential","tracktype":"","flood_pron":"","ford":"","addr_subur":"","access":"","tunnel":"","service":"","embankment":"","descriptio":"","destinatio":"","destinat_1":"","alt_name":"","source_nam":"","layer":"","bridge":"","oneway":"","name":"","surface":"","ref":"","maxspeed":"","lanes":"","IBGE_CD_AD":""},"geometry":{"type":"LineString","coordinates":[[-45.0776858,-3.3264314],[-45.0773764,-3.3262626]]}},{"type":"Feature","properties":{"full_id":"w1242377440","osm_id":"1242377440","osm_type":"way","highway":"unclassified","tracktype":"","flood_pron":"","ford":"","addr_subur":"","access":"","tunnel":"","service":"","embankment":"","descriptio":"","destinatio":"","destinat_1":"","alt_name":"","source_nam":"","layer":"","bridge":"","oneway":"","name":"","surface":"unpaved","ref":"","maxspeed":"","lanes":"","IBGE_CD_AD":""},"geometry":{"type":"LineString","coordinates":[[-45.0626629,-3.540303],[-45.0649148,-3.5406849],[-45.0682086,-3.541231],[-45.069142,-3.5411507],[-45.0694209,-3.5410169],[-45.07007,-3.5405029],[-45.0707889,-3.5402887],[-45.0713199,-3.5400264],[-45.0720549,-3.5398871],[-45.0737071,-3.5391376],[-45.074957,-3.5386021],[-45.0750623,-3.5385801]]}},{"type":"Feature","properties":{"full_id":"w1242377441","osm_id":"1242377441","osm_type":"way","highway":"residential","tracktype":"","flood_pron":"","ford":"","addr_subur":"","access":"","tunnel":"","service":"","embankment":"","descriptio":"","destinatio":"","destinat_1":"","alt_name":"","source_nam":"","layer":"","bridge":"","oneway":"","name":"","surface":"unpaved","ref":"","maxspeed":"","lanes":"","IBGE_CD_AD":""},"geometry":{"type":"LineString","coordinates":[[-45.1094234,-3.5677708],[-45.1095843,-3.5678275]]}},{"type":"Feature","properties":{"full_id":"w1242377445","osm_id":"1242377445","osm_type":"way","highway":"residential","tracktype":"","flood_pron":"","ford":"","addr_subur":"","access":"","tunnel":"","service":"","embankment":"","descriptio":"","destinatio":"","destinat_1":"","alt_name":"","source_nam":"","layer":"","bridge":"","oneway":"","name":"","surface":"","ref":"","maxspeed":"","lanes":"","IBGE_CD_AD":""},"geometry":{"type":"LineString","coordinates":[[-45.0750623,-3.5385801],[-45.0751287,-3.5385694],[-45.0755686,-3.5382053],[-45.0759602,-3.5372683],[-45.0761104,-3.5370327],[-45.0770223,-3.5362082],[-45.0772047,-3.536069],[-45.0786746,-3.5353515],[-45.0794417,-3.5348108],[-45.0802105,-3.5340114]]}},{"type":"Feature","properties":{"full_id":"w1242377446","osm_id":"1242377446","osm_type":"way","highway":"residential","tracktype":"","flood_pron":"","ford":"","addr_subur":"","access":"","tunnel":"","service":"","embankment":"","descriptio":"","destinatio":"","destinat_1":"","alt_name":"","source_nam":"","layer":"","bridge":"","oneway":"","name":"","surface":"unpaved","ref":"","maxspeed":"","lanes":"","IBGE_CD_AD":""},"geometry":{"type":"LineString","coordinates":[[-45.0815445,-3.5365568],[-45.0817591,-3.5370541],[-45.0819844,-3.5376913],[-45.08214,-3.5378894],[-45.0822741,-3.5380982],[-45.0823814,-3.5382802],[-45.0826496,-3.5385533],[-45.0827623,-3.5387193],[-45.0832021,-3.5396509],[-45.0833523,-3.5400578],[-45.0833953,-3.5401328],[-45.0834435,-3.540181],[-45.0835776,-3.5402559],[-45.083862,-3.5403523],[-45.0840229,-3.540438],[-45.084334,-3.5406896],[-45.0844413,-3.5408342],[-45.0845003,-3.5410376],[-45.0845593,-3.5415837],[-45.0846022,-3.541814],[-45.0846505,-3.5419692],[-45.0848115,-3.5423547],[-45.0855357,-3.543538],[-45.0857717,-3.5440199],[-45.0859326,-3.5442287],[-45.0860292,-3.5442715],[-45.0872791,-3.5444803],[-45.0878906,-3.5446249],[-45.0911307,-3.5451924],[-45.0918603,-3.5452567],[-45.092386,-3.5453477],[-45.0931156,-3.5453638],[-45.0935877,-3.5454548],[-45.0937915,-3.5454708],[-45.0941885,-3.5456261],[-45.0954169,-3.5458189],[-45.0957817,-3.5459099],[-45.0960767,-3.5460651],[-45.0964737,-3.5462311],[-45.0966883,-3.5463757],[-45.096978,-3.546622],[-45.0972086,-3.5469057],[-45.0974447,-3.5471413],[-45.0975895,-3.547393],[-45.0980616,-3.5488065],[-45.0986946,-3.549192],[-45.0991774,-3.5495989],[-45.0993115,-3.5497702],[-45.0995851,-3.5501932],[-45.1003844,-3.5511837],[-45.100717,-3.5517994],[-45.1008725,-3.5519815],[-45.1010281,-3.5521153],[-45.1014787,-3.5523884],[-45.1020044,-3.5525597],[-45.1025516,-3.5528863],[-45.1027983,-3.5530523],[-45.1030666,-3.5532665],[-45.1034421,-3.553668],[-45.1035977,-3.5538019],[-45.1037478,-3.5538822],[-45.1039785,-3.5539464],[-45.1043648,-3.5539518],[-45.1053465,-3.5538019],[-45.1055986,-3.5538019],[-45.1059097,-3.5538554],[-45.1065749,-3.5541285],[-45.1070202,-3.5544765],[-45.1071167,-3.5545889],[-45.1078677,-3.5559756],[-45.1079589,-3.5565807],[-45.1083076,-3.557282],[-45.1085758,-3.5578496],[-45.1086027,-3.5581066],[-45.1084417,-3.5587598],[-45.1080555,-3.5591881],[-45.1078409,-3.5594826],[-45.1077068,-3.5599163],[-45.1077068,-3.5601251],[-45.107857,-3.5610514],[-45.107857,-3.5617313],[-45.1080609,-3.5624167],[-45.1080823,-3.5625773],[-45.108093,-3.5630431],[-45.1080609,-3.564146],[-45.1080716,-3.564644],[-45.1081467,-3.5648314],[-45.1082325,-3.5649652],[-45.1087904,-3.5656452],[-45.1094234,-3.5677708]]}},{"type":"Feature","properties":{"full_id":"w1242377775","osm_id":"1242377775","osm_type":"way","highway":"residential","tracktype":"","flood_pron":"","ford":"","addr_subur":"","access":"","tunnel":"","service":"","embankment":"","descriptio":"","destinatio":"","destinat_1":"","alt_name":"","source_nam":"","layer":"","bridge":"","oneway":"","name":"","surface":"","ref":"","maxspeed":"","lanes":"","IBGE_CD_AD":""},"geometry":{"type":"LineString","coordinates":[[-45.0361941,-3.5458246],[-45.0357649,-3.5458085],[-45.0355999,-3.5457342]]}},{"type":"Feature","properties":{"full_id":"w1242377776","osm_id":"1242377776","osm_type":"way","highway":"residential","tracktype":"","flood_pron":"","ford":"","addr_subur":"","access":"","tunnel":"","service":"","embankment":"","descriptio":"","destinatio":"","destinat_1":"","alt_name":"","source_nam":"","layer":"","bridge":"","oneway":"","name":"","surface":"","ref":"","maxspeed":"","lanes":"","IBGE_CD_AD":""},"geometry":{"type":"LineString","coordinates":[[-45.0367126,-3.5454194],[-45.0365374,-3.545589],[-45.0363497,-3.5457336],[-45.0361941,-3.5458246]]}},{"type":"Feature","properties":{"full_id":"w1242380040","osm_id":"1242380040","osm_type":"way","highway":"residential","tracktype":"","flood_pron":"","ford":"","addr_subur":"","access":"","tunnel":"","service":"","embankment":"","descriptio":"","destinatio":"","destinat_1":"","alt_name":"","source_nam":"","layer":"","bridge":"","oneway":"","name":"","surface":"unpaved","ref":"","maxspeed":"","lanes":"","IBGE_CD_AD":""},"geometry":{"type":"LineString","coordinates":[[-44.974519,-3.4301768],[-44.9745191,-3.4297604],[-44.974739,-3.4285288],[-44.9749643,-3.4278863],[-44.9750555,-3.4275114],[-44.9752647,-3.4269277],[-44.9754632,-3.4261727],[-44.9755973,-3.4257497],[-44.9756188,-3.4256854]]}},{"type":"Feature","properties":{"full_id":"w1242380042","osm_id":"1242380042","osm_type":"way","highway":"residential","tracktype":"","flood_pron":"","ford":"","addr_subur":"","access":"","tunnel":"","service":"","embankment":"","descriptio":"","destinatio":"","destinat_1":"","alt_name":"","source_nam":"","layer":"","bridge":"","oneway":"","name":"","surface":"unpaved","ref":"","maxspeed":"","lanes":"","IBGE_CD_AD":""},"geometry":{"type":"LineString","coordinates":[[-44.9853659,-3.405048],[-44.9852962,-3.4053157],[-44.9852264,-3.4054175],[-44.9848026,-3.4058191],[-44.9846256,-3.4060279],[-44.9845666,-3.4061297],[-44.9844003,-3.4065581],[-44.9841106,-3.4069597],[-44.9839926,-3.4072435],[-44.9836117,-3.4076611],[-44.9834937,-3.4078325],[-44.9834133,-3.4079128],[-44.9830163,-3.4081217],[-44.9828929,-3.4082073],[-44.9827266,-3.4084911],[-44.9826408,-3.4087589],[-44.9825979,-3.4089838],[-44.9825979,-3.4092194],[-44.9826354,-3.4094015],[-44.9827159,-3.4096371],[-44.9827427,-3.4097977],[-44.9827159,-3.4107455],[-44.9826783,-3.410858],[-44.982614,-3.4109383],[-44.9825174,-3.4110079],[-44.9821687,-3.41119],[-44.9820775,-3.411281],[-44.9820453,-3.4113613],[-44.9820346,-3.4114738],[-44.9820614,-3.4116237],[-44.9820614,-3.4117415],[-44.9819863,-3.4119718],[-44.9819112,-3.4124376],[-44.9818361,-3.4126679],[-44.9817288,-3.4133372],[-44.9817288,-3.4135354],[-44.9818468,-3.4138995],[-44.981981,-3.4145421],[-44.9822277,-3.4151365],[-44.9826461,-3.4158058],[-44.9826515,-3.4158647],[-44.9825979,-3.416277],[-44.9825979,-3.4164377],[-44.9826622,-3.4167268],[-44.9826515,-3.4173641],[-44.982673,-3.4174926],[-44.9827588,-3.417755],[-44.9828017,-3.418087],[-44.9829305,-3.4184832],[-44.9830163,-3.418692],[-44.9830163,-3.4188366],[-44.9829787,-3.4191365],[-44.9829948,-3.4194364],[-44.9829466,-3.4195435],[-44.9828339,-3.4196399],[-44.9827588,-3.4196773],[-44.9823565,-3.4198005],[-44.9820292,-3.4197898],[-44.9818468,-3.419838],[-44.9812299,-3.4201807],[-44.9809456,-3.4205769],[-44.9807204,-3.4208821],[-44.9805594,-3.4210214],[-44.9803985,-3.4210696],[-44.9797869,-3.4209036],[-44.9791968,-3.42085],[-44.9789179,-3.4208768],[-44.9786282,-3.4208768],[-44.9781186,-3.4210856],[-44.9776707,-3.4215722],[-44.9773032,-3.4220335],[-44.9770564,-3.4227724],[-44.9768901,-3.4230723],[-44.9768687,-3.4231954],[-44.9769813,-3.423838],[-44.9769438,-3.424004],[-44.976756,-3.4243414],[-44.9765414,-3.4244806],[-44.9762839,-3.4246198],[-44.976064,-3.4247965],[-44.9759889,-3.4249197],[-44.9756778,-3.4256158],[-44.9756188,-3.4256854]]}},{"type":"Feature","properties":{"full_id":"w1242380048","osm_id":"1242380048","osm_type":"way","highway":"track","tracktype":"","flood_pron":"","ford":"","addr_subur":"","access":"","tunnel":"","service":"","embankment":"","descriptio":"","destinatio":"","destinat_1":"","alt_name":"","source_nam":"","layer":"","bridge":"","oneway":"","name":"","surface":"unpaved","ref":"","maxspeed":"","lanes":"","IBGE_CD_AD":""},"geometry":{"type":"LineString","coordinates":[[-44.9609256,-3.4447019],[-44.9610246,-3.443967],[-44.96106,-3.4434724],[-44.9610707,-3.443158],[-44.9610785,-3.4426214],[-44.9610114,-3.4423376],[-44.960939,-3.4421395],[-44.9609095,-3.4419895],[-44.9609336,-3.4418262],[-44.9611268,-3.4417004],[-44.9614245,-3.4416093],[-44.9617329,-3.4415585],[-44.9621299,-3.441438],[-44.9622629,-3.4413513],[-44.962461,-3.4412065],[-44.9627477,-3.4409026],[-44.9628787,-3.4407401]]}},{"type":"Feature","properties":{"full_id":"w1242380126","osm_id":"1242380126","osm_type":"way","highway":"unclassified","tracktype":"","flood_pron":"","ford":"","addr_subur":"","access":"","tunnel":"","service":"","embankment":"","descriptio":"","destinatio":"","destinat_1":"","alt_name":"","source_nam":"","layer":"","bridge":"","oneway":"","name":"","surface":"","ref":"","maxspeed":"","lanes":"","IBGE_CD_AD":""},"geometry":{"type":"LineString","coordinates":[[-45.0100797,-3.4251962],[-45.0105813,-3.4251989]]}},{"type":"Feature","properties":{"full_id":"w1242564819","osm_id":"1242564819","osm_type":"way","highway":"unclassified","tracktype":"","flood_pron":"","ford":"","addr_subur":"","access":"","tunnel":"","service":"","embankment":"","descriptio":"","destinatio":"","destinat_1":"","alt_name":"","source_nam":"","layer":"","bridge":"","oneway":"","name":"","surface":"unpaved","ref":"","maxspeed":"","lanes":"","IBGE_CD_AD":""},"geometry":{"type":"LineString","coordinates":[[-45.0413328,-3.5410544],[-45.0418505,-3.5407224],[-45.0430414,-3.5398068],[-45.0441778,-3.5387672],[-45.0449377,-3.5382247],[-45.0458591,-3.5375795],[-45.0460992,-3.5375473],[-45.0503638,-3.5382595],[-45.054878,-3.5389903],[-45.0586009,-3.5396141],[-45.0626629,-3.540303]]}},{"type":"Feature","properties":{"full_id":"w1242571113","osm_id":"1242571113","osm_type":"way","highway":"residential","tracktype":"","flood_pron":"","ford":"","addr_subur":"","access":"","tunnel":"","service":"","embankment":"","descriptio":"","destinatio":"","destinat_1":"","alt_name":"","source_nam":"","layer":"","bridge":"","oneway":"","name":"","surface":"unpaved","ref":"","maxspeed":"","lanes":"","IBGE_CD_AD":""},"geometry":{"type":"LineString","coordinates":[[-45.0995932,-3.3521883],[-45.0994027,-3.3539823],[-45.0991666,-3.3562797],[-45.099049,-3.3583837],[-45.0988129,-3.3608525],[-45.0988129,-3.3618378],[-45.0987164,-3.362459],[-45.0985554,-3.3635515],[-45.0982389,-3.3662453]]}},{"type":"Feature","properties":{"full_id":"w1242574349","osm_id":"1242574349","osm_type":"way","highway":"residential","tracktype":"","flood_pron":"","ford":"","addr_subur":"","access":"","tunnel":"","service":"","embankment":"","descriptio":"","destinatio":"","destinat_1":"","alt_name":"","source_nam":"","layer":"","bridge":"","oneway":"","name":"","surface":"","ref":"","maxspeed":"","lanes":"","IBGE_CD_AD":""},"geometry":{"type":"LineString","coordinates":[[-45.0538802,-3.2749195],[-45.0539929,-3.2749999]]}},{"type":"Feature","properties":{"full_id":"w1242574354","osm_id":"1242574354","osm_type":"way","highway":"residential","tracktype":"","flood_pron":"","ford":"","addr_subur":"","access":"","tunnel":"","service":"","embankment":"","descriptio":"","destinatio":"","destinat_1":"","alt_name":"","source_nam":"","layer":"","bridge":"","oneway":"","name":"","surface":"","ref":"","maxspeed":"","lanes":"","IBGE_CD_AD":""},"geometry":{"type":"LineString","coordinates":[[-45.0538802,-3.2749195],[-45.0537676,-3.2749838]]}},{"type":"Feature","properties":{"full_id":"w1242576418","osm_id":"1242576418","osm_type":"way","highway":"residential","tracktype":"","flood_pron":"","ford":"","addr_subur":"","access":"","tunnel":"","service":"","embankment":"","descriptio":"","destinatio":"","destinat_1":"","alt_name":"","source_nam":"","layer":"","bridge":"","oneway":"","name":"","surface":"","ref":"","maxspeed":"","lanes":"","IBGE_CD_AD":""},"geometry":{"type":"LineString","coordinates":[[-45.1302049,-3.3581909],[-45.1305053,-3.3582605],[-45.1309988,-3.3584212]]}},{"type":"Feature","properties":{"full_id":"w1242576424","osm_id":"1242576424","osm_type":"way","highway":"residential","tracktype":"","flood_pron":"","ford":"","addr_subur":"","access":"","tunnel":"","service":"","embankment":"","descriptio":"","destinatio":"","destinat_1":"","alt_name":"","source_nam":"","layer":"","bridge":"","oneway":"","name":"","surface":"","ref":"","maxspeed":"","lanes":"","IBGE_CD_AD":""},"geometry":{"type":"LineString","coordinates":[[-45.1302049,-3.3581909],[-45.13006,-3.3577089],[-45.1305911,-3.3570181],[-45.1306394,-3.3569699]]}},{"type":"Feature","properties":{"full_id":"w1242576425","osm_id":"1242576425","osm_type":"way","highway":"residential","tracktype":"","flood_pron":"","ford":"","addr_subur":"","access":"","tunnel":"","service":"","embankment":"","descriptio":"","destinatio":"","destinat_1":"","alt_name":"","source_nam":"","layer":"","bridge":"","oneway":"","name":"","surface":"","ref":"","maxspeed":"","lanes":"","IBGE_CD_AD":""},"geometry":{"type":"LineString","coordinates":[[-45.1302049,-3.3581909],[-45.1301834,-3.3582445],[-45.1301298,-3.3587372],[-45.1300922,-3.3589085],[-45.1300922,-3.3591227],[-45.1301137,-3.3591763],[-45.1300922,-3.3593851],[-45.1301727,-3.3597225],[-45.1309554,-3.3608769]]}},{"type":"Feature","properties":{"full_id":"w1242576429","osm_id":"1242576429","osm_type":"way","highway":"residential","tracktype":"","flood_pron":"","ford":"","addr_subur":"","access":"","tunnel":"","service":"","embankment":"","descriptio":"","destinatio":"","destinat_1":"","alt_name":"","source_nam":"","layer":"","bridge":"","oneway":"","name":"","surface":"","ref":"","maxspeed":"","lanes":"","IBGE_CD_AD":""},"geometry":{"type":"LineString","coordinates":[[-45.1321726,-3.3598125],[-45.1309988,-3.3584212]]}},{"type":"Feature","properties":{"full_id":"w1242576496","osm_id":"1242576496","osm_type":"way","highway":"residential","tracktype":"","flood_pron":"","ford":"","addr_subur":"","access":"","tunnel":"","service":"","embankment":"","descriptio":"","destinatio":"","destinat_1":"","alt_name":"","source_nam":"","layer":"","bridge":"","oneway":"","name":"","surface":"","ref":"","maxspeed":"","lanes":"","IBGE_CD_AD":""},"geometry":{"type":"LineString","coordinates":[[-45.1288426,-3.3735126],[-45.1265145,-3.3742837],[-45.1245274,-3.373648],[-45.123716,-3.3734179],[-45.1165527,-3.3713866],[-45.1150078,-3.3710118],[-45.1137686,-3.3704174],[-45.1117044,-3.3697079],[-45.1112929,-3.3694588],[-45.1110221,-3.3691401],[-45.1105232,-3.3681681],[-45.1102656,-3.3679272],[-45.1095039,-3.3676969],[-45.1088923,-3.3673489],[-45.107916,-3.3673542],[-45.1064569,-3.3678522],[-45.1054913,-3.3679647],[-45.1045956,-3.3678576],[-45.1004686,-3.3668108],[-45.0982389,-3.3662453],[-45.0956798,-3.3655067],[-45.0936306,-3.3650086],[-45.0927725,-3.3647457],[-45.0907446,-3.3641678],[-45.0899184,-3.3639644],[-45.0895,-3.3639644],[-45.0889958,-3.3640554],[-45.08825,-3.3638573],[-45.0877941,-3.3635895],[-45.0873649,-3.3631236],[-45.0862598,-3.3619187],[-45.0860186,-3.3616611],[-45.0858737,-3.3615063],[-45.0856859,-3.3611904],[-45.0855947,-3.3607299],[-45.0854766,-3.3598998],[-45.0843176,-3.3576319],[-45.0842858,-3.3575696]]}},{"type":"Feature","properties":{"full_id":"w1242593909","osm_id":"1242593909","osm_type":"way","highway":"unclassified","tracktype":"","flood_pron":"","ford":"","addr_subur":"","access":"","tunnel":"","service":"","embankment":"","descriptio":"","destinatio":"","destinat_1":"","alt_name":"","source_nam":"","layer":"","bridge":"","oneway":"","name":"","surface":"unpaved","ref":"","maxspeed":"","lanes":"","IBGE_CD_AD":""},"geometry":{"type":"LineString","coordinates":[[-45.0858468,-3.3805703],[-45.0854284,-3.3797834],[-45.0848597,-3.3794139],[-45.0843877,-3.3792908],[-45.0837117,-3.3791623],[-45.0834006,-3.3790444],[-45.0828803,-3.3787767],[-45.082199,-3.3786053],[-45.0818396,-3.3784714],[-45.0812227,-3.3787044],[-45.0809142,-3.378616],[-45.0807935,-3.3783911],[-45.0808284,-3.378126],[-45.0810188,-3.3776304]]}},{"type":"Feature","properties":{"full_id":"w1242593910","osm_id":"1242593910","osm_type":"way","highway":"residential","tracktype":"","flood_pron":"","ford":"","addr_subur":"","access":"","tunnel":"","service":"","embankment":"","descriptio":"","destinatio":"","destinat_1":"","alt_name":"","source_nam":"","layer":"","bridge":"","oneway":"","name":"","surface":"unpaved","ref":"","maxspeed":"","lanes":"","IBGE_CD_AD":""},"geometry":{"type":"LineString","coordinates":[[-45.0642108,-3.3708503],[-45.0638688,-3.3706956],[-45.0632251,-3.3707492]]}},{"type":"Feature","properties":{"full_id":"w1242593911","osm_id":"1242593911","osm_type":"way","highway":"residential","tracktype":"","flood_pron":"","ford":"","addr_subur":"","access":"","tunnel":"","service":"","embankment":"","descriptio":"","destinatio":"","destinat_1":"","alt_name":"","source_nam":"","layer":"","bridge":"","oneway":"","name":"","surface":"unpaved","ref":"","maxspeed":"","lanes":"","IBGE_CD_AD":""},"geometry":{"type":"LineString","coordinates":[[-45.0858468,-3.3805703],[-45.0868124,-3.3805649],[-45.0879443,-3.380324],[-45.0882232,-3.3803829],[-45.088706,-3.3807095],[-45.0891352,-3.3807738],[-45.0902027,-3.3810951],[-45.0906587,-3.3811272],[-45.0910396,-3.3811004],[-45.0916296,-3.3810629],[-45.091973,-3.3808755],[-45.0922412,-3.3806774],[-45.092327,-3.380581],[-45.0923646,-3.380506],[-45.0924611,-3.3801954],[-45.0925362,-3.3800401],[-45.0927079,-3.3798313],[-45.0930834,-3.3794618],[-45.0937164,-3.3790816],[-45.0939203,-3.3789316],[-45.0940758,-3.3787656],[-45.0941885,-3.3786103],[-45.0943011,-3.3784229],[-45.0945533,-3.3779035],[-45.0949127,-3.3772502],[-45.0949502,-3.3771538],[-45.0949985,-3.3770895],[-45.0953686,-3.3763773],[-45.0958461,-3.3755366],[-45.0965595,-3.3741817],[-45.0966078,-3.3741175],[-45.0969672,-3.3734481],[-45.097552,-3.3723075],[-45.09767,-3.3721093],[-45.0977075,-3.3720129],[-45.0981742,-3.3711722],[-45.1004686,-3.3668108]]}},{"type":"Feature","properties":{"full_id":"w1242593914","osm_id":"1242593914","osm_type":"way","highway":"residential","tracktype":"","flood_pron":"","ford":"","addr_subur":"","access":"","tunnel":"","service":"","embankment":"","descriptio":"","destinatio":"","destinat_1":"","alt_name":"","source_nam":"","layer":"","bridge":"","oneway":"","name":"","surface":"unpaved","ref":"","maxspeed":"","lanes":"","IBGE_CD_AD":""},"geometry":{"type":"LineString","coordinates":[[-45.0644631,-3.3728471],[-45.0647646,-3.3731857],[-45.0650704,-3.3736409],[-45.0659234,-3.3746851],[-45.0663418,-3.3751564],[-45.06661,-3.3753331],[-45.0670552,-3.3752742],[-45.067538,-3.3750439],[-45.0677204,-3.374985],[-45.0686002,-3.3749903],[-45.068847,-3.3750546],[-45.0692439,-3.3752474],[-45.0694853,-3.3753866],[-45.0696141,-3.3754348],[-45.0697911,-3.3754402],[-45.0702417,-3.375317],[-45.0705475,-3.3752956],[-45.0711698,-3.3754669],[-45.0713253,-3.3754616],[-45.0717652,-3.3753759],[-45.0720978,-3.3754241],[-45.0725913,-3.3754509],[-45.0727576,-3.3755151],[-45.0737769,-3.3760185],[-45.0740505,-3.3760988],[-45.0740987,-3.3761417],[-45.0747693,-3.3764416],[-45.0749249,-3.3764898],[-45.0752038,-3.3767093],[-45.0754184,-3.3768432],[-45.0755686,-3.3768967],[-45.0760353,-3.3769771],[-45.0763196,-3.3770681],[-45.0766737,-3.3770092],[-45.0769419,-3.3769021],[-45.0772798,-3.376795],[-45.0774086,-3.3767736],[-45.0776661,-3.3767843],[-45.0779557,-3.3768646],[-45.0786531,-3.3771752],[-45.0791627,-3.377368],[-45.0796724,-3.3774055],[-45.0805092,-3.3774269],[-45.0808257,-3.3774911],[-45.0810188,-3.3776304]]}},{"type":"Feature","properties":{"full_id":"w1242611894","osm_id":"1242611894","osm_type":"way","highway":"residential","tracktype":"","flood_pron":"","ford":"","addr_subur":"","access":"","tunnel":"","service":"","embankment":"","descriptio":"","destinatio":"","destinat_1":"","alt_name":"","source_nam":"","layer":"","bridge":"","oneway":"","name":"","surface":"unpaved","ref":"","maxspeed":"","lanes":"","IBGE_CD_AD":""},"geometry":{"type":"LineString","coordinates":[[-45.2432821,-3.3597357],[-45.2454033,-3.3618281],[-45.2459968,-3.362471],[-45.2468365,-3.3634857],[-45.2471363,-3.363826],[-45.2471774,-3.3640025],[-45.2477203,-3.3649037],[-45.2478719,-3.3651621],[-45.2481275,-3.3658522],[-45.2483706,-3.3662903],[-45.2487747,-3.3667503],[-45.249286,-3.3672986],[-45.2497122,-3.3675381],[-45.2507791,-3.3682535],[-45.2510853,-3.3684016],[-45.2517514,-3.3686789],[-45.2521207,-3.3689058],[-45.2525279,-3.3692524],[-45.2529225,-3.3695139],[-45.2534623,-3.3697503],[-45.2541063,-3.369952],[-45.2549365,-3.3701662],[-45.2558077,-3.3705129],[-45.2560437,-3.3705673]]}},{"type":"Feature","properties":{"full_id":"w1288439952","osm_id":"1288439952","osm_type":"way","highway":"residential","tracktype":"","flood_pron":"","ford":"","addr_subur":"","access":"","tunnel":"","service":"","embankment":"","descriptio":"","destinatio":"","destinat_1":"","alt_name":"","source_nam":"","layer":"","bridge":"","oneway":"","name":"","surface":"","ref":"","maxspeed":"","lanes":"","IBGE_CD_AD":""},"geometry":{"type":"LineString","coordinates":[[-45.0793129,-3.326606],[-45.0776858,-3.3264314]]}},{"type":"Feature","properties":{"full_id":"w1288439954","osm_id":"1288439954","osm_type":"way","highway":"residential","tracktype":"","flood_pron":"","ford":"","addr_subur":"","access":"","tunnel":"","service":"","embankment":"","descriptio":"","destinatio":"","destinat_1":"","alt_name":"","source_nam":"","layer":"","bridge":"","oneway":"","name":"","surface":"unpaved","ref":"","maxspeed":"","lanes":"","IBGE_CD_AD":""},"geometry":{"type":"LineString","coordinates":[[-45.0863725,-3.3347616],[-45.0862518,-3.3343412],[-45.0855195,-3.3325685],[-45.0853318,-3.3318536],[-45.0845003,-3.3296472],[-45.0840444,-3.3285762],[-45.0838298,-3.3280995]]}},{"type":"Feature","properties":{"full_id":"w1288439955","osm_id":"1288439955","osm_type":"way","highway":"residential","tracktype":"","flood_pron":"","ford":"","addr_subur":"","access":"","tunnel":"","service":"","embankment":"","descriptio":"","destinatio":"","destinat_1":"","alt_name":"","source_nam":"","layer":"","bridge":"","oneway":"","name":"","surface":"","ref":"","maxspeed":"","lanes":"","IBGE_CD_AD":""},"geometry":{"type":"LineString","coordinates":[[-45.1000974,-3.3481772],[-45.099974,-3.3479041],[-45.1000786,-3.3472615],[-45.1001041,-3.3469648]]}},{"type":"Feature","properties":{"full_id":"w1288440873","osm_id":"1288440873","osm_type":"way","highway":"unclassified","tracktype":"","flood_pron":"","ford":"","addr_subur":"","access":"","tunnel":"","service":"","embankment":"","descriptio":"","destinatio":"","destinat_1":"","alt_name":"","source_nam":"","layer":"","bridge":"","oneway":"","name":"","surface":"","ref":"","maxspeed":"","lanes":"","IBGE_CD_AD":""},"geometry":{"type":"LineString","coordinates":[[-44.9470156,-3.3640231],[-44.9473536,-3.3631127],[-44.947477,-3.3629199],[-44.9477505,-3.3625772],[-44.948228,-3.3622184],[-44.9486464,-3.361715],[-44.9491239,-3.3608102],[-44.9492526,-3.360189],[-44.9493385,-3.3592464],[-44.949081,-3.3574899],[-44.9488235,-3.3568473],[-44.9488235,-3.355835]]}},{"type":"Feature","properties":{"full_id":"w1548197016","osm_id":"1548197016","osm_type":"way","highway":"track","tracktype":"","flood_pron":"","ford":"","addr_subur":"","access":"","tunnel":"","service":"","embankment":"","descriptio":"","destinatio":"","destinat_1":"","alt_name":"","source_nam":"","layer":"","bridge":"","oneway":"","name":"","surface":"","ref":"","maxspeed":"","lanes":"","IBGE_CD_AD":""},"geometry":{"type":"LineString","coordinates":[[-44.9609256,-3.4447019],[-44.9608334,-3.444982],[-44.96067,-3.4451872],[-44.9604972,-3.445285],[-44.9603991,-3.4454062],[-44.9602403,-3.4456347],[-44.9600862,-3.4457745],[-44.9598901,-3.4460122],[-44.9596752,-3.4461148],[-44.9592082,-3.446278],[-44.9582602,-3.4465763],[-44.957415,-3.4468467],[-44.9572646,-3.4469034],[-44.9572037,-3.4469926],[-44.9571671,-3.4471996],[-44.9571711,-3.4474066],[-44.9572484,-3.4476825],[-44.9572484,-3.4478935],[-44.9572484,-3.4480883],[-44.9571061,-3.4482628],[-44.9569231,-3.4484617],[-44.9567849,-3.4486078],[-44.956728,-3.4487417],[-44.9567158,-3.4488391],[-44.9565857,-3.4489365],[-44.9564231,-3.4490582],[-44.9563337,-3.4492002],[-44.9562442,-3.4493139],[-44.9561019,-3.4494478],[-44.956045,-3.4495492],[-44.9560044,-3.4497562],[-44.9559149,-3.4499307],[-44.9557686,-3.4500768],[-44.9556466,-3.4502797],[-44.9556263,-3.4504583],[-44.9555084,-3.4506733],[-44.955236,-3.4509006],[-44.9549677,-3.4511522],[-44.9546262,-3.451416],[-44.9543212,-3.451558],[-44.9540611,-3.4516879],[-44.9537887,-3.4518096],[-44.9536545,-3.4518989],[-44.9536626,-3.4519922],[-44.9537236,-3.4523493],[-44.9537277,-3.4524832],[-44.9537074,-3.452609],[-44.9536423,-3.4526699],[-44.9534309,-3.4527064],[-44.9532724,-3.4527064],[-44.9530203,-3.4527673],[-44.9527504,-3.4528787]]}},{"type":"Feature","properties":{"full_id":"1","osm_id":"","osm_type":"","highway":"","tracktype":"","flood_pron":"","ford":"","addr_subur":"","access":"","tunnel":"","service":"","embankment":"","descriptio":"","destinatio":"","destinat_1":"","alt_name":"","source_nam":"","layer":"","bridge":"","oneway":"","name":"","surface":"","ref":"","maxspeed":"","lanes":"","IBGE_CD_AD":""},"geometry":{"type":"LineString","coordinates":[[-44.990704,-3.401669],[-44.990099,-3.4014337],[-44.9899242,-3.4013329],[-44.9897023,-3.4011917],[-44.9893729,-3.4010707],[-44.9891309,-3.4009564],[-44.9889762,-3.4007749],[-44.988835,-3.4005127],[-44.988667,-3.400311],[-44.9884451,-3.4000219],[-44.9881964,-3.3996723],[-44.9879611,-3.3993832],[-44.9876989,-3.3991479],[-44.9874703,-3.3988857],[-44.9872619,-3.3987849],[-44.98704,-3.398758],[-44.9868114,-3.3987176],[-44.9865627,-3.3985294],[-44.9863811,-3.3983344],[-44.9862198,-3.3981327],[-44.9859778,-3.3980655],[-44.9855811,-3.3981058],[-44.9852853,-3.3981462],[-44.9849491,-3.3981529],[-44.984539,-3.3980857],[-44.9841827,-3.3979714],[-44.9838802,-3.3977226],[-44.9837457,-3.3974537],[-44.9836449,-3.3970234],[-44.9836382,-3.3967074],[-44.9834566,-3.3964183],[-44.9831339,-3.3961293],[-44.9827978,-3.3959276],[-44.9826835,-3.3957528],[-44.9825356,-3.3955242],[-44.9823944,-3.3952553],[-44.9821994,-3.3950737],[-44.9819036,-3.3949057],[-44.9817288,-3.3946973],[-44.9815473,-3.3943477],[-44.9813725,-3.3941258],[-44.9811708,-3.3940586],[-44.9808078,-3.3942199],[-44.9806061,-3.3944014],[-44.980317,-3.3946502],[-44.9800884,-3.3947309],[-44.9799674,-3.3945628],[-44.9795775,-3.394314],[-44.9791673,-3.3940182],[-44.9789051,-3.3936888],[-44.9786564,-3.3932989],[-44.9785018,-3.393077],[-44.9781118,-3.3928619],[-44.9777421,-3.3925997],[-44.9773118,-3.3922165],[-44.9768614,-3.391887],[-44.9765185,-3.3916719],[-44.9763235,-3.3913223],[-44.9761151,-3.3910601],[-44.9757453,-3.3909256],[-44.9755033,-3.3908584],[-44.9753756,-3.3907576],[-44.9752747,-3.390529],[-44.9752142,-3.3903945],[-44.9751672,-3.3899239],[-44.9752814,-3.3893323],[-44.9754226,-3.3885793],[-44.9754562,-3.3881961],[-44.9755033,-3.3870397],[-44.9754092,-3.3864481],[-44.9753151,-3.3860044],[-44.9752411,-3.385722],[-44.9745755,-3.3849556],[-44.9739234,-3.3841825],[-44.9735267,-3.3837724],[-44.9732578,-3.383611],[-44.973036,-3.3836043],[-44.9726259,-3.3837925],[-44.9722494,-3.383927],[-44.9717519,-3.3838866],[-44.9713081,-3.3837992],[-44.9709653,-3.3835841],[-44.9705014,-3.3830799],[-44.9700039,-3.3826025],[-44.9693383,-3.3819168],[-44.9690358,-3.3816613],[-44.9687198,-3.3813453],[-44.9683836,-3.3808344],[-44.9680139,-3.3803167],[-44.9677517,-3.3798327],[-44.9671063,-3.3789385],[-44.9667365,-3.3782931],[-44.9663802,-3.3780174],[-44.9661112,-3.3778158],[-44.9658692,-3.3776813],[-44.9656406,-3.3774594],[-44.9653717,-3.3770224],[-44.9651297,-3.3766056],[-44.9648003,-3.3768006],[-44.9635767,-3.3774057],[-44.963059,-3.3778023],[-44.9626623,-3.3779838],[-44.9621917,-3.3782259],[-44.9612707,-3.3786561],[-44.9606253,-3.3787772],[-44.9602336,-3.3788007],[-44.9601311,-3.3787351]]}},{"type":"Feature","properties":{"full_id":"2","osm_id":"","osm_type":"","highway":"","tracktype":"","flood_pron":"","ford":"","addr_subur":"","access":"","tunnel":"","service":"","embankment":"","descriptio":"","destinatio":"","destinat_1":"","alt_name":"","source_nam":"","layer":"","bridge":"","oneway":"","name":"","surface":"","ref":"","maxspeed":"","lanes":"","IBGE_CD_AD":""},"geometry":{"type":"LineString","coordinates":[[-45.0603646,-3.2833137],[-45.0595982,-3.2838515],[-45.0592351,-3.285223],[-45.0589528,-3.2865273],[-45.058267,-3.2893913],[-45.0575275,-3.2912468],[-45.0573527,-3.2926452],[-45.0570031,-3.2936133],[-45.0567476,-3.2945142],[-45.0564518,-3.2952672],[-45.056277,-3.2959395],[-45.056277,-3.2968942],[-45.0563846,-3.2977144],[-45.0570838,-3.2985211],[-45.0577292,-3.2992203],[-45.059141,-3.3000002],[-45.060499,-3.3008607],[-45.0612117,-3.3016272],[-45.0615882,-3.3021381],[-45.0620453,-3.3024205],[-45.0629193,-3.302918],[-45.063,-3.3034558],[-45.063,-3.3040475],[-45.0628924,-3.3049887],[-45.062879,-3.3056341],[-45.0628521,-3.3060644],[-45.063,-3.3063736],[-45.0632824,-3.3070325],[-45.0632824,-3.3075972],[-45.0636185,-3.3079065],[-45.0643446,-3.3083098],[-45.0651514,-3.3089418],[-45.0660254,-3.3094931],[-45.0664019,-3.3098024],[-45.0670876,-3.3101654],[-45.067854,-3.3105284],[-45.0682843,-3.3109318],[-45.0686339,-3.3110125],[-45.0691583,-3.3108108],[-45.0693196,-3.3107974],[-45.0694272,-3.3113352],[-45.0695886,-3.3119268],[-45.0696155,-3.3126395],[-45.0696961,-3.3130025],[-45.0701802,-3.3133656],[-45.0704895,-3.3136345],[-45.0705298,-3.3139841],[-45.0701667,-3.3145757],[-45.0698709,-3.314885],[-45.069723,-3.315369],[-45.069723,-3.3157052],[-45.0699247,-3.3160682],[-45.0699382,-3.3164985],[-45.0700592,-3.3169422],[-45.0702609,-3.3173994],[-45.0703819,-3.3178969],[-45.0703953,-3.3181658],[-45.0704222,-3.3186364],[-45.0704222,-3.3192146],[-45.0704895,-3.319981],[-45.0704491,-3.3204516],[-45.0696692,-3.3202903],[-45.0687415,-3.3202768],[-45.0677465,-3.3196583],[-45.0665767,-3.3195373],[-45.0657564,-3.3194163],[-45.0638471,-3.3194432],[-45.0624353,-3.3196717],[-45.0610907,-3.3194701],[-45.0598402,-3.3204382],[-45.0582267,-3.3222399],[-45.0570838,-3.3233828],[-45.0561425,-3.3243779],[-45.0547441,-3.3241493],[-45.052176,-3.3230064],[-45.0509658,-3.322603],[-45.049796,-3.3221593],[-45.0485186,-3.3233156],[-45.0474698,-3.3244182],[-45.0465555,-3.3253325],[-45.0458025,-3.3258973],[-45.0441352,-3.32622],[-45.0430058,-3.3264351],[-45.0423469,-3.3262603],[-45.0420242,-3.3263141],[-45.0416208,-3.3268116],[-45.0407334,-3.3274167],[-45.0394022,-3.3277394],[-45.0384341,-3.3277797],[-45.0370088,-3.3279276],[-45.0368206,-3.328331],[-45.0371836,-3.3289092],[-45.0372643,-3.3297428],[-45.0371567,-3.3302],[-45.0366458,-3.3306168],[-45.0364575,-3.3307647],[-45.0363365,-3.3318001],[-45.0364844,-3.332553],[-45.0365382,-3.3332657],[-45.0362962,-3.3335481],[-45.0352743,-3.3339514],[-45.0345482,-3.3342472],[-45.0341717,-3.3343548]]}},{"type":"Feature","properties":{"full_id":"3","osm_id":"","osm_type":"","highway":"","tracktype":"","flood_pron":"","ford":"","addr_subur":"","access":"","tunnel":"","service":"","embankment":"","descriptio":"","destinatio":"","destinat_1":"","alt_name":"","source_nam":"","layer":"","bridge":"","oneway":"","name":"","surface":"","ref":"","maxspeed":"","lanes":"","IBGE_CD_AD":""},"geometry":{"type":"LineString","coordinates":[[-45.070439,-3.3189726],[-45.0708693,-3.3188616],[-45.070997,-3.3188583],[-45.0711685,-3.3189826],[-45.0713433,-3.3191171],[-45.0715719,-3.3192213],[-45.0718408,-3.3192247],[-45.0721702,-3.3191205],[-45.0724358,-3.3190431],[-45.0726206,-3.319107],[-45.0729669,-3.3192179],[-45.0733165,-3.3193356],[-45.0736224,-3.3194364],[-45.0739014,-3.3194734],[-45.0740829,-3.3195339],[-45.0743955,-3.3196684],[-45.074846,-3.3200617],[-45.075014,-3.3202768],[-45.0751384,-3.3204449],[-45.0754544,-3.3207205],[-45.0758611,-3.3210567],[-45.0761065,-3.3209693],[-45.0764494,-3.3208886],[-45.0768931,-3.3208012],[-45.0773234,-3.3207743],[-45.0776932,-3.3208214],[-45.0778881,-3.3209693],[-45.0779016,-3.321292],[-45.0779016,-3.3214063],[-45.0781234,-3.3214735],[-45.0784663,-3.3215945],[-45.0785806,-3.3217626],[-45.0783453,-3.322166],[-45.0780226,-3.3225357],[-45.0776797,-3.3229862],[-45.0770276,-3.3238467],[-45.0768124,-3.3242098],[-45.0763956,-3.3245997],[-45.0760527,-3.3248552],[-45.0761536,-3.3252115],[-45.0763889,-3.325514],[-45.0766108,-3.3256821],[-45.0768461,-3.3258502],[-45.077115,-3.3260721],[-45.0773251,-3.3262368]]}},{"type":"Feature","properties":{"full_id":"4","osm_id":"","osm_type":"","highway":"","tracktype":"","flood_pron":"","ford":"","addr_subur":"","access":"","tunnel":"","service":"","embankment":"","descriptio":"","destinatio":"","destinat_1":"","alt_name":"","source_nam":"","layer":"","bridge":"","oneway":"","name":"","surface":"","ref":"","maxspeed":"","lanes":"","IBGE_CD_AD":""},"geometry":{"type":"LineString","coordinates":[[-45.2024388,-3.3962368],[-45.2020892,-3.3965461],[-45.2017463,-3.3968083],[-45.2013093,-3.3970974],[-45.2006908,-3.397494],[-45.2003412,-3.3978033],[-45.1999983,-3.3979176],[-45.1996084,-3.3978571],[-45.1992991,-3.3978369],[-45.1989831,-3.3977495],[-45.1985596,-3.39781],[-45.1981696,-3.3979512],[-45.19782,-3.398247],[-45.1973293,-3.3987714],[-45.1970603,-3.3990403],[-45.1966838,-3.3994235],[-45.1963141,-3.3998404],[-45.1961124,-3.4001026],[-45.1959779,-3.4002975],[-45.1957493,-3.4004723],[-45.1953661,-3.4006471],[-45.1950838,-3.4010303],[-45.1948148,-3.4013867],[-45.1946737,-3.4017564],[-45.194593,-3.4019716],[-45.194156,-3.4020724],[-45.1933963,-3.4020657],[-45.1927979,-3.4019514],[-45.1923811,-3.4018102],[-45.19185,-3.4015951],[-45.1915407,-3.4014606],[-45.1911643,-3.4013598],[-45.1909155,-3.4011446],[-45.1905592,-3.4010102],[-45.190102,-3.4009833],[-45.1897659,-3.4007144],[-45.1893289,-3.4002975],[-45.1890062,-3.3998807],[-45.1881591,-3.3988722],[-45.1878364,-3.3987512],[-45.187117,-3.3987714],[-45.1866128,-3.3988521],[-45.1851001,-3.4000858],[-45.1831639,-3.4012959],[-45.1806629,-3.402506],[-45.1782964,-3.4028556],[-45.176656,-3.4027481],[-45.1739399,-3.4029901],[-45.1728373,-3.403259],[-45.1713045,-3.403501],[-45.169933,-3.4028825],[-45.1692338,-3.4011614],[-45.1682925,-3.4000858],[-45.1672706,-3.3993328],[-45.1658992,-3.3980151],[-45.1647159,-3.3969394],[-45.1638016,-3.3958637],[-45.1628066,-3.3946804],[-45.1613544,-3.3931476],[-45.1602787,-3.3915879]]}},{"type":"Feature","properties":{"full_id":"5","osm_id":"","osm_type":"","highway":"","tracktype":"","flood_pron":"","ford":"","addr_subur":"","access":"","tunnel":"","service":"","embankment":"","descriptio":"","destinatio":"","destinat_1":"","alt_name":"","source_nam":"","layer":"","bridge":"","oneway":"","name":"","surface":"","ref":"","maxspeed":"","lanes":"","IBGE_CD_AD":""},"geometry":{"type":"LineString","coordinates":[[-45.1960721,-3.3831068],[-45.1964284,-3.3826866],[-45.1967007,-3.3823],[-45.1969729,-3.382021],[-45.1972284,-3.3816647],[-45.1973528,-3.3814227],[-45.1974738,-3.3812243],[-45.1975679,-3.380989],[-45.1976587,-3.3807268],[-45.1978032,-3.3805016],[-45.1981696,-3.3803873],[-45.198536,-3.3801083],[-45.1988655,-3.3797688],[-45.2008992,-3.3789519],[-45.2015043,-3.3789116],[-45.20219,-3.3788713],[-45.2029968,-3.3788444],[-45.2044489,-3.3783603],[-45.2050943,-3.3781721],[-45.2043145,-3.376935],[-45.2035077,-3.3751871],[-45.2025396,-3.373197],[-45.2020018,-3.3722289],[-45.200684,-3.370723],[-45.1998504,-3.3696473],[-45.1991781,-3.3687599],[-45.1988554,-3.3683296],[-45.1992588,-3.3677917],[-45.1989092,-3.3663396],[-45.1987747,-3.3654521],[-45.198694,-3.3642958],[-45.1991781,-3.3623327],[-45.1997428,-3.3611763],[-45.200684,-3.3606116],[-45.201195,-3.359993],[-45.2011681,-3.3587022],[-45.2006034,-3.3578417],[-45.2004958,-3.3569408],[-45.2004958,-3.3564702],[-45.2004958,-3.3559323],[-45.2003613,-3.355529],[-45.2001731,-3.3549911],[-45.2000521,-3.3545877],[-45.2000655,-3.3542247],[-45.2003748,-3.3536465],[-45.2010605,-3.353028],[-45.2020286,-3.3528397],[-45.2034405,-3.3525708],[-45.2040993,-3.3523154],[-45.2049061,-3.3521406],[-45.2059549,-3.3515489],[-45.2066944,-3.3513607],[-45.2075415,-3.3508497],[-45.208671,-3.350406],[-45.2095315,-3.3502581],[-45.2105938,-3.3497337],[-45.2114812,-3.3496127],[-45.2118039,-3.3496261],[-45.2125434,-3.3500699],[-45.2141704,-3.3516431],[-45.2146578,-3.3522649],[-45.2147284,-3.3523355]]}},{"type":"Feature","properties":{"full_id":"6","osm_id":"","osm_type":"","highway":"","tracktype":"","flood_pron":"","ford":"","addr_subur":"","access":"","tunnel":"","service":"","embankment":"","descriptio":"","destinatio":"","destinat_1":"","alt_name":"","source_nam":"","layer":"","bridge":"","oneway":"","name":"","surface":"","ref":"","maxspeed":"","lanes":"","IBGE_CD_AD":""},"geometry":{"type":"LineString","coordinates":[[-45.1401735,-3.3535289],[-45.1406172,-3.3534616],[-45.1409332,-3.3533776],[-45.1412055,-3.35327],[-45.1414711,-3.3531725],[-45.1416761,-3.353065],[-45.1420156,-3.3529776],[-45.1425333,-3.3528935],[-45.1425871,-3.3523826],[-45.1424661,-3.3515758],[-45.142224,-3.3509304],[-45.1418072,-3.3502447],[-45.1415383,-3.349532],[-45.1415383,-3.3486177],[-45.141619,-3.3476361],[-45.1415517,-3.3471117],[-45.140745,-3.3461705],[-45.1405433,-3.345794],[-45.1410005,-3.3450276],[-45.1412828,-3.3444225],[-45.1415383,-3.3436292],[-45.141861,-3.3427687],[-45.142224,-3.3419888],[-45.1426678,-3.3414106],[-45.142977,-3.3410341],[-45.143488,-3.3407518],[-45.1436628,-3.3404828],[-45.1438443,-3.3401887],[-45.1439603,-3.3400929],[-45.1440779,-3.3400274]]}},{"type":"Feature","properties":{"full_id":"7","osm_id":"","osm_type":"","highway":"","tracktype":"","flood_pron":"","ford":"","addr_subur":"","access":"","tunnel":"","service":"","embankment":"","descriptio":"","destinatio":"","destinat_1":"","alt_name":"","source_nam":"","layer":"","bridge":"","oneway":"","name":"","surface":"","ref":"","maxspeed":"","lanes":"","IBGE_CD_AD":""},"geometry":{"type":"LineString","coordinates":[[-44.9745217,-3.4301881],[-44.9741453,-3.4306923],[-44.9738293,-3.4312301],[-44.9735872,-3.4315865],[-44.9733721,-3.4318285],[-44.973204,-3.4319697],[-44.9728746,-3.4320772],[-44.9726393,-3.4321512],[-44.9725653,-3.4323462],[-44.9725183,-3.4325478],[-44.9723771,-3.4326957],[-44.9721418,-3.4328705],[-44.9719401,-3.4329916],[-44.971651,-3.4331865],[-44.9713619,-3.4332941],[-44.9712207,-3.4334689],[-44.9710594,-3.4338118],[-44.9708779,-3.4339866],[-44.9705484,-3.4341479],[-44.9701921,-3.4344034],[-44.9698829,-3.4347194],[-44.969661,-3.4349278],[-44.9693988,-3.4353446],[-44.9693517,-3.4355194],[-44.9690761,-3.4357278],[-44.9687399,-3.4360774],[-44.9686458,-3.4362926],[-44.9685248,-3.4364405],[-44.9682357,-3.4367699],[-44.9681147,-3.4370119],[-44.9679601,-3.4371329],[-44.9677315,-3.4371329],[-44.9674827,-3.4371128],[-44.9672474,-3.4372741],[-44.966992,-3.4373951],[-44.966723,-3.4375498],[-44.9664474,-3.4376573],[-44.9662793,-3.4377313],[-44.965849,-3.4378321],[-44.9655936,-3.4380271],[-44.9652843,-3.4382826],[-44.9649145,-3.4386927],[-44.9646389,-3.4390356],[-44.9642086,-3.4393784],[-44.9638389,-3.4398289],[-44.963375,-3.4402188],[-44.9630993,-3.4406087],[-44.9628708,-3.4407634]]}}]}