{"type":"FeatureCollection","name":"Massas d'agua","features":[{"type":"Feature","properties":{"fid":1,"gid":24131.0,"esp_cd":6253.0,"cod_snisb":null,"cod_sar":null,"nmoriginal":null,"nmalternat":null,"nmgenerico":null,"nmligacao":null,"nmespecifi":null,"detipomass":"Natural","dedominial":"Estadual","dedominio":"Corpo Hídrico Estadual","defiscaliz":null,"nmemp":null,"fonmemp":null,"dtreserv":null,"fodtreserv":null,"nuvolumhm3":null,"fonuvolume":null,"nuperimkm":2.73068344070341,"nuareakm2":0.205521745437422,"nuareaha":20.5521745437422,"nucompgeom":1.69860178141326,"usoprinc":null,"fousoprinc":null,"detipoapr":null,"detipomda":null,"salinidade":null,"regime":null,"nmriocomp":null,"nmufe":"MARANHÃO","nmmun":"CAJARI","defonte":null,"desatelite":"157-104_20050621","deversao":"bho_massa_dagua","deobs":null,"nuvzreg":null,"nuvzlago":null,"nuvzdeflu":null,"cdtipooper":null,"detipooper":null,"fovzlago":null,"fovzdeflu":null,"fovzreg":null,"cobarprin":null,"cotrecho":null,"nuvzrecebe":null,"nuvztransf":null,"deobsvazao":null,"cocda2013":null,"cocda2017":null},"geometry":{"type":"MultiPolygon","coordinates":[[[[-45.0430184,-3.4410342],[-45.0427737,-3.4411981],[-45.0423657,-3.4411571],[-45.0417537,-3.4411162],[-45.0413865,-3.4411162],[-45.0412233,-3.441444],[-45.0414681,-3.4418127],[-45.0421209,-3.4421815],[-45.0431001,-3.4424273],[-45.0437121,-3.4425912],[-45.0438345,-3.4430828],[-45.0435489,-3.4434926],[-45.0424066,-3.4436156],[-45.0411826,-3.4436566],[-45.0405299,-3.4435747],[-45.0401219,-3.4436566],[-45.0400811,-3.4440254],[-45.0404483,-3.4443532],[-45.0411827,-3.4444761],[-45.0415907,-3.4448858],[-45.042121,-3.4451726],[-45.0433858,-3.4453364],[-45.0446098,-3.4455003],[-45.0450547,-3.4457511],[-45.0452157,-3.446216],[-45.0453969,-3.446398],[-45.0455074,-3.4463197],[-45.0455482,-3.4462378],[-45.0456297,-3.4456232],[-45.0457521,-3.4450495],[-45.0459968,-3.44423],[-45.0460376,-3.4433695],[-45.0458744,-3.4427549],[-45.045548,-3.4421403],[-45.044936,-3.4418535],[-45.04412,-3.4410341],[-45.0438752,-3.4407063],[-45.0437528,-3.4402966],[-45.043508,-3.4401327],[-45.0432224,-3.4402147],[-45.0431816,-3.4407064],[-45.0430184,-3.4410342]]]]}},{"type":"Feature","properties":{"fid":2,"gid":46952.0,"esp_cd":49407.0,"cod_snisb":null,"cod_sar":null,"nmoriginal":null,"nmalternat":null,"nmgenerico":null,"nmligacao":null,"nmespecifi":null,"detipomass":"Natural","dedominial":"Estadual","dedominio":"Corpo Hídrico Estadual","defiscaliz":null,"nmemp":null,"fonmemp":null,"dtreserv":null,"fodtreserv":null,"nuvolumhm3":null,"fonuvolume":null,"nuperimkm":7.09492778637868,"nuareakm2":0.997186404987733,"nuareaha":99.7186404987733,"nucompgeom":2.00359026697569,"usoprinc":null,"fousoprinc":null,"detipoapr":null,"detipomda":"Lago/Lagoa","salinidade":null,"regime":"Permanente","nmriocomp":null,"nmufe":"MARANHÃO","nmmun":"CAJARI","defonte":null,"desatelite":null,"deversao":"hid_massa_dagua_a_bc250k_2015","deobs":null,"nuvzreg":null,"nuvzlago":null,"nuvzdeflu":null,"cdtipooper":null,"detipooper":null,"fovzlago":null,"fovzdeflu":null,"fovzreg":null,"cobarprin":null,"cotrecho":null,"nuvzrecebe":null,"nuvztransf":null,"deobsvazao":null,"cocda2013":null,"cocda2017":null},"geometry":{"type":"MultiPolygon","coordinates":[[[[-45.1848497,-3.3524192],[-45.1831158,-3.3541525],[-45.1826382,-3.3546299],[-45.1826912,-3.3556027],[-45.1820897,-3.3558857],[-45.1815235,-3.3565223],[-45.1816729,-3.3568154],[-45.1818563,-3.3568698],[-45.1821213,-3.3567883],[-45.1825358,-3.3564147],[-45.1829232,-3.3562109],[-45.1832833,-3.3561837],[-45.1836638,-3.3562585],[-45.183956,-3.3565302],[-45.1842019,-3.3570965],[-45.1844669,-3.3573682],[-45.1848474,-3.357898],[-45.1849086,-3.3583327],[-45.1848271,-3.3587946],[-45.1842699,-3.3591573],[-45.1840049,-3.3598569],[-45.1839913,-3.3603052],[-45.1840049,-3.3607264],[-45.1839097,-3.3612086],[-45.1839301,-3.3615686],[-45.1839913,-3.3617452],[-45.1843174,-3.3618267],[-45.1848271,-3.3616433],[-45.1852959,-3.3610796],[-45.1856289,-3.3606177],[-45.1859346,-3.3602849],[-45.1862029,-3.3599928],[-45.1863356,-3.3599452],[-45.1867365,-3.3599249],[-45.1870015,-3.3599452],[-45.1872325,-3.3603392],[-45.1872124,-3.3612113],[-45.1875981,-3.3613515],[-45.1879136,-3.361807],[-45.1877383,-3.3624378],[-45.1873176,-3.363454],[-45.1873176,-3.3644002],[-45.1866165,-3.3652412],[-45.1856349,-3.3656968],[-45.1854947,-3.3665027],[-45.1862309,-3.3672737],[-45.1870722,-3.3667831],[-45.1880187,-3.3665027],[-45.1892457,-3.3667831],[-45.1897715,-3.3678343],[-45.1892807,-3.36836],[-45.1887549,-3.3688506],[-45.1885796,-3.3694463],[-45.1895962,-3.3696916],[-45.1906128,-3.3693061],[-45.1914892,-3.3695164],[-45.1920852,-3.3702172],[-45.1928915,-3.3711984],[-45.1933121,-3.3701121],[-45.1929966,-3.3695164],[-45.1924007,-3.3689207],[-45.1921203,-3.3682198],[-45.1923656,-3.3676241],[-45.192576,-3.3670634],[-45.1922955,-3.3666779],[-45.1920501,-3.3662925],[-45.1920151,-3.3658019],[-45.1916645,-3.3649609],[-45.1914301,-3.3643986],[-45.1917697,-3.3636993],[-45.1920785,-3.3630633],[-45.1919099,-3.3622976],[-45.1914191,-3.3611412],[-45.1913841,-3.3605455],[-45.1913841,-3.3595643],[-45.1908198,-3.3580735],[-45.189733,-3.3575479],[-45.1887515,-3.3570573],[-45.1880504,-3.3566368],[-45.1876998,-3.3557957],[-45.1881205,-3.3553402],[-45.1884269,-3.3550084],[-45.187805,-3.3544291],[-45.187209,-3.3542889],[-45.1868456,-3.3542034],[-45.185947,-3.3541838],[-45.1856335,-3.3533496],[-45.1856578,-3.3527788],[-45.1854634,-3.3524995],[-45.1848497,-3.3524192]]]]}},{"type":"Feature","properties":{"fid":3,"gid":48386.0,"esp_cd":49377.0,"cod_snisb":null,"cod_sar":null,"nmoriginal":null,"nmalternat":null,"nmgenerico":null,"nmligacao":null,"nmespecifi":null,"detipomass":"Natural","dedominial":"Estadual","dedominio":"Corpo Hídrico Estadual","defiscaliz":null,"nmemp":null,"fonmemp":null,"dtreserv":null,"fodtreserv":null,"nuvolumhm3":null,"fonuvolume":null,"nuperimkm":3.47508114076168,"nuareakm2":0.514711426290504,"nuareaha":51.4711426290504,"nucompgeom":1.36594166723186,"usoprinc":null,"fousoprinc":null,"detipoapr":null,"detipomda":"Lago/Lagoa","salinidade":null,"regime":"Permanente","nmriocomp":null,"nmufe":"MARANHÃO","nmmun":"CAJARI, MONÇÃO","defonte":null,"desatelite":null,"deversao":"hid_massa_dagua_a_bc250k_2015","deobs":null,"nuvzreg":null,"nuvzlago":null,"nuvzdeflu":null,"cdtipooper":null,"detipooper":null,"fovzlago":null,"fovzdeflu":null,"fovzreg":null,"cobarprin":null,"cotrecho":null,"nuvzrecebe":null,"nuvztransf":null,"deobsvazao":null,"cocda2013":null,"cocda2017":null},"geometry":{"type":"MultiPolygon","coordinates":[[[[-45.1256449,-3.5103073],[-45.1251421,-3.5100095],[-45.1247259,-3.510034],[-45.1242117,-3.5100095],[-45.1236976,-3.509618],[-45.1233304,-3.5091042],[-45.1230366,-3.5082233],[-45.1228407,-3.5071222],[-45.1226693,-3.5065839],[-45.1220573,-3.5061435],[-45.1215431,-3.5059967],[-45.1209517,-3.5058475],[-45.120462,-3.5054805],[-45.1202662,-3.5052113],[-45.1199724,-3.5048932],[-45.1193603,-3.5047709],[-45.1187238,-3.5045752],[-45.1185524,-3.5046486],[-45.1185034,-3.5048443],[-45.1185279,-3.5050645],[-45.1186503,-3.5052113],[-45.1189196,-3.5054071],[-45.1189196,-3.5057986],[-45.1186993,-3.5059454],[-45.1183076,-3.5059209],[-45.1180383,-3.5059209],[-45.1178179,-3.5059943],[-45.1177935,-3.5063369],[-45.1178179,-3.5068018],[-45.1179403,-3.5075114],[-45.1180872,-3.5080252],[-45.1183565,-3.5083922],[-45.1185524,-3.5087837],[-45.1186258,-3.509322],[-45.1186993,-3.5098603],[-45.1188462,-3.5101539],[-45.1192634,-3.5106286],[-45.1196061,-3.5109711],[-45.1200958,-3.5111669],[-45.1203651,-3.5115339],[-45.1203896,-3.5119254],[-45.1202917,-3.5124637],[-45.1203896,-3.5129286],[-45.1209771,-3.5134424],[-45.1213689,-3.5135648],[-45.1221062,-3.5135085],[-45.1225469,-3.5135085],[-45.1227428,-3.5138755],[-45.1227672,-3.5144383],[-45.1229142,-3.5147808],[-45.1231345,-3.515001],[-45.1236242,-3.5150744],[-45.123869,-3.5147563],[-45.1240404,-3.5140957],[-45.1238934,-3.5135329],[-45.1241138,-3.5129946],[-45.1246456,-3.5128174],[-45.1256449,-3.5103073]]]]}},{"type":"Feature","properties":{"fid":4,"gid":14428.0,"esp_cd":6414.0,"cod_snisb":null,"cod_sar":null,"nmoriginal":null,"nmalternat":null,"nmgenerico":null,"nmligacao":null,"nmespecifi":null,"detipomass":"Natural","dedominial":"Estadual","dedominio":"Corpo Hídrico Estadual","defiscaliz":null,"nmemp":null,"fonmemp":null,"dtreserv":null,"fodtreserv":null,"nuvolumhm3":null,"fonuvolume":null,"nuperimkm":3.93431157571407,"nuareakm2":0.2126619640649,"nuareaha":21.26619640649,"nucompgeom":2.4058743872789,"usoprinc":null,"fousoprinc":null,"detipoapr":null,"detipomda":null,"salinidade":null,"regime":null,"nmriocomp":null,"nmufe":"MARANHÃO","nmmun":"CAJARI","defonte":null,"desatelite":"157-104_20050621","deversao":"bho_massa_dagua","deobs":null,"nuvzreg":null,"nuvzlago":null,"nuvzdeflu":null,"cdtipooper":null,"detipooper":null,"fovzlago":null,"fovzdeflu":null,"fovzreg":null,"cobarprin":null,"cotrecho":null,"nuvzrecebe":null,"nuvztransf":null,"deobsvazao":null,"cocda2013":null,"cocda2017":null},"geometry":{"type":"MultiPolygon","coordinates":[[[[-45.1402331,-3.3886805],[-45.1403269,-3.3893394],[-45.1407019,-3.3896688],[-45.1410769,-3.3897158],[-45.1414987,-3.3894804],[-45.1420142,-3.389245],[-45.1427641,-3.3894332],[-45.1430454,-3.3900449],[-45.1432329,-3.3902331],[-45.1435141,-3.390139],[-45.1435609,-3.3893389],[-45.1431858,-3.3886801],[-45.1425764,-3.3879272],[-45.141639,-3.3874568],[-45.1414514,-3.3867038],[-45.1413106,-3.3855744],[-45.14117,-3.3850567],[-45.1401855,-3.383598],[-45.1394823,-3.3825157],[-45.1390134,-3.3810568],[-45.1388727,-3.3802098],[-45.1383571,-3.3797863],[-45.1380758,-3.3789863],[-45.1382163,-3.3783745],[-45.1383568,-3.377998],[-45.1381224,-3.377245],[-45.137841,-3.3761627],[-45.1372786,-3.3758333],[-45.1370911,-3.3757863],[-45.1369974,-3.3760216],[-45.1369975,-3.3765393],[-45.1372319,-3.377151],[-45.1374262,-3.3781008],[-45.1374932,-3.37904],[-45.1376269,-3.3795096],[-45.1378943,-3.3804487],[-45.1381617,-3.3815892],[-45.1385627,-3.3825954],[-45.1387633,-3.383803],[-45.1390306,-3.3844067],[-45.1397656,-3.3848762],[-45.1404339,-3.3859495],[-45.1405677,-3.3868887],[-45.1403674,-3.3880963],[-45.1402331,-3.3886805]]]]}},{"type":"Feature","properties":{"fid":5,"gid":15575.0,"esp_cd":32736.0,"cod_snisb":null,"cod_sar":null,"nmoriginal":null,"nmalternat":null,"nmgenerico":null,"nmligacao":null,"nmespecifi":null,"detipomass":"Natural","dedominial":"Estadual","dedominio":"Corpo Hídrico Estadual","defiscaliz":null,"nmemp":null,"fonmemp":null,"dtreserv":null,"fodtreserv":null,"nuvolumhm3":null,"fonuvolume":null,"nuperimkm":1.62414553255714,"nuareakm2":0.055670634001948,"nuareaha":5.56706340019475,"nucompgeom":1.94115835959755,"usoprinc":null,"fousoprinc":null,"detipoapr":null,"detipomda":null,"salinidade":null,"regime":null,"nmriocomp":null,"nmufe":"MARANHÃO","nmmun":"CAJARI","defonte":null,"desatelite":"157-104_20050621","deversao":"bho_massa_dagua_20","deobs":"Atualizada geometria em 09/2016","nuvzreg":null,"nuvzlago":null,"nuvzdeflu":null,"cdtipooper":null,"detipooper":null,"fovzlago":null,"fovzdeflu":null,"fovzreg":null,"cobarprin":null,"cotrecho":null,"nuvzrecebe":null,"nuvztransf":null,"deobsvazao":null,"cocda2013":null,"cocda2017":null},"geometry":{"type":"MultiPolygon","coordinates":[[[[-45.0531179,-3.3499026],[-45.0526391,-3.3499026],[-45.0523107,-3.3498202],[-45.0521192,-3.349724],[-45.0517361,-3.3496966],[-45.0515583,-3.3496966],[-45.0512299,-3.3497378],[-45.05097,-3.3497241],[-45.0506419,-3.3495673],[-45.0504999,-3.3494382],[-45.0503376,-3.3493363],[-45.0502091,-3.3493363],[-45.050128,-3.3494314],[-45.0501145,-3.3495809],[-45.0501753,-3.3497031],[-45.0502449,-3.3497516],[-45.0505596,-3.3499577],[-45.0508469,-3.3501638],[-45.0511205,-3.3503012],[-45.0515036,-3.3503837],[-45.0518593,-3.3504661],[-45.0523518,-3.3505897],[-45.0526117,-3.3507409],[-45.052899,-3.3508646],[-45.0533095,-3.3509607],[-45.0535557,-3.3510294],[-45.0537746,-3.3510706],[-45.0540072,-3.3510981],[-45.0542671,-3.3510981],[-45.0543492,-3.3510294],[-45.0543766,-3.3509469],[-45.0543629,-3.350837],[-45.0542945,-3.3507408],[-45.0542398,-3.3505484],[-45.054185,-3.3502736],[-45.054185,-3.3499713],[-45.0541987,-3.3497377],[-45.054226,-3.3492155],[-45.0542807,-3.3489681],[-45.0544038,-3.3487757],[-45.054527,-3.3486383],[-45.0547595,-3.3483497],[-45.0548005,-3.3480336],[-45.0547321,-3.3478275],[-45.0544996,-3.3477176],[-45.0541849,-3.3477726],[-45.0541028,-3.34791],[-45.0540071,-3.3482398],[-45.0539524,-3.3486109],[-45.053925,-3.3490369],[-45.0538293,-3.3493667],[-45.0536651,-3.3496415],[-45.0534052,-3.3498476],[-45.0531179,-3.3499026]]]]}},{"type":"Feature","properties":{"fid":6,"gid":55391.0,"esp_cd":6318.0,"cod_snisb":null,"cod_sar":null,"nmoriginal":null,"nmalternat":null,"nmgenerico":null,"nmligacao":null,"nmespecifi":null,"detipomass":"Natural","dedominial":"Estadual","dedominio":"Corpo Hídrico Estadual","defiscaliz":null,"nmemp":null,"fonmemp":null,"dtreserv":null,"fodtreserv":null,"nuvolumhm3":null,"fonuvolume":null,"nuperimkm":2.95157906625378,"nuareakm2":0.327056384088034,"nuareaha":32.7056384088034,"nucompgeom":1.45543298866845,"usoprinc":null,"fousoprinc":null,"detipoapr":null,"detipomda":null,"salinidade":null,"regime":null,"nmriocomp":null,"nmufe":"MARANHÃO","nmmun":"CAJARI","defonte":null,"desatelite":"157-104_20050621","deversao":"bho_massa_dagua","deobs":null,"nuvzreg":null,"nuvzlago":null,"nuvzdeflu":null,"cdtipooper":null,"detipooper":null,"fovzlago":null,"fovzdeflu":null,"fovzreg":null,"cobarprin":null,"cotrecho":null,"nuvzrecebe":null,"nuvztransf":null,"deobsvazao":null,"cocda2013":null,"cocda2017":null},"geometry":{"type":"MultiPolygon","coordinates":[[[[-44.9068298,-3.3681407],[-44.9072732,-3.3681407],[-44.9077799,-3.3680453],[-44.9082867,-3.3675682],[-44.9086668,-3.3672819],[-44.908713,-3.3671182],[-44.9086818,-3.3668518],[-44.9085259,-3.3666638],[-44.9074293,-3.3655943],[-44.9072298,-3.3653538],[-44.9071899,-3.3649129],[-44.9075092,-3.3640312],[-44.9081476,-3.3637507],[-44.9082673,-3.3634301],[-44.9081477,-3.3631094],[-44.9077487,-3.3628288],[-44.9074694,-3.3625082],[-44.9075094,-3.3621875],[-44.9074421,-3.3618883],[-44.906642,-3.3602075],[-44.9059094,-3.3591836],[-44.9051073,-3.3584928],[-44.9046719,-3.358078],[-44.9043551,-3.3580183],[-44.9041768,-3.3581177],[-44.9040184,-3.3585156],[-44.9038835,-3.3594416],[-44.90363,-3.3601415],[-44.9032499,-3.3602687],[-44.9030916,-3.3605232],[-44.9032182,-3.3610322],[-44.9041049,-3.3620822],[-44.9044849,-3.3625277],[-44.9047066,-3.3630685],[-44.9048015,-3.3639912],[-44.9047381,-3.3650093],[-44.9050547,-3.3654547],[-44.9054364,-3.3661998],[-44.9059748,-3.3664544],[-44.9062598,-3.3666135],[-44.9063231,-3.3669635],[-44.9061964,-3.367218],[-44.906038,-3.3675361],[-44.906133,-3.367727],[-44.9064814,-3.3678543],[-44.9068298,-3.3681407]]]]}},{"type":"Feature","properties":{"fid":7,"gid":57526.0,"esp_cd":6428.0,"cod_snisb":null,"cod_sar":null,"nmoriginal":null,"nmalternat":null,"nmgenerico":null,"nmligacao":null,"nmespecifi":null,"detipomass":"Natural","dedominial":"Estadual","dedominio":"Corpo Hídrico Estadual","defiscaliz":null,"nmemp":null,"fonmemp":null,"dtreserv":null,"fodtreserv":null,"nuvolumhm3":null,"fonuvolume":null,"nuperimkm":30.339280556843,"nuareakm2":5.52707158446511,"nuareaha":552.707158446511,"nucompgeom":3.63920769093077,"usoprinc":null,"fousoprinc":null,"detipoapr":null,"detipomda":null,"salinidade":null,"regime":null,"nmriocomp":null,"nmufe":"MARANHÃO","nmmun":"CAJARI","defonte":null,"desatelite":"157-104_20050621","deversao":"bho_massa_dagua","deobs":null,"nuvzreg":null,"nuvzlago":null,"nuvzdeflu":null,"cdtipooper":null,"detipooper":null,"fovzlago":null,"fovzdeflu":null,"fovzreg":null,"cobarprin":null,"cotrecho":null,"nuvzrecebe":null,"nuvztransf":null,"deobsvazao":null,"cocda2013":null,"cocda2017":null},"geometry":{"type":"MultiPolygon","coordinates":[[[[-45.1718581,-3.3467973],[-45.1713904,-3.3468444],[-45.1712501,-3.3466566],[-45.1707356,-3.3465627],[-45.1705486,-3.3467506],[-45.1705019,-3.3470794],[-45.1702213,-3.3474082],[-45.1699407,-3.3477839],[-45.1699408,-3.3483475],[-45.1702215,-3.3486762],[-45.1707827,-3.3486761],[-45.1710166,-3.3485352],[-45.1710632,-3.3479246],[-45.1712035,-3.3475489],[-45.1717179,-3.3473609],[-45.1723259,-3.347173],[-45.172513,-3.3473608],[-45.1724664,-3.3481122],[-45.1721859,-3.3485819],[-45.1716714,-3.3488168],[-45.1712505,-3.3489578],[-45.1709232,-3.3492397],[-45.1705602,-3.3495001],[-45.1700269,-3.3499688],[-45.1695602,-3.3503036],[-45.1694269,-3.3506384],[-45.169427,-3.351174],[-45.1697604,-3.3513078],[-45.1704272,-3.3517094],[-45.1708274,-3.3526466],[-45.1708276,-3.35345],[-45.1704943,-3.3540526],[-45.1698943,-3.3541197],[-45.1690276,-3.3545215],[-45.1682942,-3.3545216],[-45.1674274,-3.3543209],[-45.1671606,-3.3535845],[-45.1671605,-3.352982],[-45.1669604,-3.3527142],[-45.1662937,-3.3527813],[-45.1658271,-3.35325],[-45.1652271,-3.3538527],[-45.1646271,-3.3539867],[-45.164227,-3.3539198],[-45.1640936,-3.353652],[-45.1645603,-3.3532502],[-45.1645602,-3.3531163],[-45.1647602,-3.3526477],[-45.1645601,-3.3523129],[-45.1644934,-3.3518443],[-45.16496,-3.3513087],[-45.1650932,-3.3505722],[-45.1654931,-3.3500365],[-45.1661598,-3.3497017],[-45.1665597,-3.3488982],[-45.1664263,-3.3482957],[-45.1664262,-3.3477601],[-45.1658261,-3.3476263],[-45.1652261,-3.3476934],[-45.1647594,-3.3480282],[-45.1647595,-3.3484968],[-45.1646929,-3.3491663],[-45.1643597,-3.349702],[-45.163693,-3.3503046],[-45.163093,-3.3506395],[-45.1624929,-3.3505726],[-45.1624262,-3.3499701],[-45.1622927,-3.3493006],[-45.1620926,-3.3487651],[-45.1616926,-3.3487651],[-45.161426,-3.3493008],[-45.1613594,-3.3496355],[-45.1613594,-3.3501042],[-45.1614262,-3.3506397],[-45.1611595,-3.3509076],[-45.1604262,-3.3513094],[-45.1596928,-3.3514434],[-45.1590261,-3.3515105],[-45.1586927,-3.3511758],[-45.1582259,-3.3509081],[-45.1577592,-3.3508412],[-45.1572925,-3.3509082],[-45.1566925,-3.351377],[-45.1562925,-3.3515779],[-45.1557591,-3.3513102],[-45.155359,-3.3509755],[-45.1548256,-3.3509756],[-45.1540256,-3.3511096],[-45.1534255,-3.3512436],[-45.1531145,-3.3516136],[-45.1529721,-3.3519111],[-45.1526045,-3.352824],[-45.1519987,-3.3535677],[-45.1515948,-3.3539058],[-45.1515275,-3.3544467],[-45.151595,-3.3555284],[-45.1511239,-3.3564749],[-45.150114,-3.3566103],[-45.1489694,-3.3564753],[-45.147892,-3.355529],[-45.1475552,-3.3547177],[-45.1478245,-3.3542444],[-45.147757,-3.353636],[-45.1473531,-3.3535685],[-45.1468145,-3.3535685],[-45.1462758,-3.3537714],[-45.1458046,-3.3541772],[-45.1457231,-3.3547945],[-45.1454973,-3.3550242],[-45.1451892,-3.3549894],[-45.1450928,-3.3547828],[-45.1450873,-3.3545431],[-45.145049,-3.3542229],[-45.1447037,-3.3538243],[-45.1445758,-3.3533108],[-45.1443456,-3.3530028],[-45.1442944,-3.3526177],[-45.1441154,-3.3521813],[-45.1439364,-3.3520273],[-45.1435528,-3.3517449],[-45.1434761,-3.3514368],[-45.1431948,-3.3512828],[-45.1430158,-3.3512058],[-45.1428112,-3.3507951],[-45.1427856,-3.3505897],[-45.14253,-3.35041],[-45.1424788,-3.3500763],[-45.142223,-3.3494858],[-45.1422229,-3.3491521],[-45.1422996,-3.3486643],[-45.1425297,-3.3484589],[-45.1430154,-3.3482021],[-45.14345,-3.3482533],[-45.1437824,-3.3479966],[-45.144038,-3.3476628],[-45.1442936,-3.347406],[-45.1443959,-3.3471236],[-45.1443958,-3.3469439],[-45.1439868,-3.3469952],[-45.1437056,-3.3471237],[-45.1434755,-3.3472521],[-45.1431431,-3.3473805],[-45.1427852,-3.3474062],[-45.142504,-3.3476116],[-45.1421972,-3.3478171],[-45.1418648,-3.3478941],[-45.1416859,-3.3480482],[-45.1414302,-3.3482023],[-45.1409445,-3.3483307],[-45.1408166,-3.3485361],[-45.1407144,-3.3489469],[-45.1406122,-3.3494091],[-45.1406635,-3.3500765],[-45.1408936,-3.3504873],[-45.1409704,-3.3509494],[-45.1412006,-3.3513601],[-45.1416126,-3.3519587],[-45.1418171,-3.3522411],[-45.1418939,-3.3525749],[-45.1419706,-3.3528059],[-45.1422264,-3.3530883],[-45.1423031,-3.353268],[-45.1422775,-3.3535761],[-45.1423287,-3.3538841],[-45.1424822,-3.3540638],[-45.1426867,-3.3541151],[-45.1428401,-3.3541408],[-45.1430447,-3.3541664],[-45.1431981,-3.3542691],[-45.1432748,-3.3544745],[-45.1433004,-3.3546285],[-45.1434538,-3.3547055],[-45.1436072,-3.3547825],[-45.1436584,-3.3548852],[-45.143684,-3.3550906],[-45.1434028,-3.3553217],[-45.1431215,-3.3553217],[-45.142917,-3.3553218],[-45.1428659,-3.3554245],[-45.1428148,-3.3555528],[-45.1429682,-3.3558609],[-45.1431472,-3.3560919],[-45.1435139,-3.3563212],[-45.1438064,-3.3567779],[-45.1441638,-3.3571041],[-45.1445862,-3.3572671],[-45.1449111,-3.3575607],[-45.1453375,-3.3578299],[-45.145565,-3.357993],[-45.145565,-3.3581561],[-45.145565,-3.3582866],[-45.1453051,-3.3584498],[-45.1452077,-3.3585477],[-45.1449153,-3.3587108],[-45.1447853,-3.3588087],[-45.1447854,-3.3590045],[-45.1450778,-3.3592328],[-45.1453702,-3.3592328],[-45.1455002,-3.3594938],[-45.1454678,-3.3601136],[-45.1457278,-3.3605377],[-45.1458903,-3.3607987],[-45.1461503,-3.3610923],[-45.1467352,-3.3612879],[-45.1468976,-3.3615489],[-45.1469952,-3.3618751],[-45.1473201,-3.3621035],[-45.1478725,-3.3621686],[-45.1482949,-3.3624296],[-45.1485224,-3.3626579],[-45.1485874,-3.3630168],[-45.1488799,-3.3634735],[-45.1493023,-3.3639628],[-45.1496273,-3.3642563],[-45.1498873,-3.3646804],[-45.1500822,-3.3646478],[-45.1501147,-3.3644194],[-45.1500496,-3.3641258],[-45.1499521,-3.3637995],[-45.1498871,-3.3633428],[-45.149887,-3.3629513],[-45.1500819,-3.3627882],[-45.1504718,-3.3627228],[-45.1508617,-3.3625923],[-45.1510719,-3.3626286],[-45.1513968,-3.3627917],[-45.1517218,-3.3630853],[-45.1520792,-3.3633788],[-45.1524041,-3.3634114],[-45.1528915,-3.3633787],[-45.1537038,-3.363346],[-45.1539637,-3.3634438],[-45.1542887,-3.3637047],[-45.1544187,-3.3639331],[-45.1543537,-3.3641615],[-45.1542888,-3.3644877],[-45.1542888,-3.3647487],[-45.1544838,-3.3649118],[-45.1547112,-3.3648465],[-45.1548736,-3.364716],[-45.155101,-3.3642919],[-45.1554258,-3.3634762],[-45.1558806,-3.3628889],[-45.1563354,-3.3627257],[-45.1564329,-3.3626278],[-45.1564003,-3.3623342],[-45.1561404,-3.362269],[-45.155848,-3.3622364],[-45.1552956,-3.3617797],[-45.1545482,-3.3612579],[-45.1542882,-3.3609316],[-45.1542881,-3.3603118],[-45.1540606,-3.3594962],[-45.1540605,-3.3587784],[-45.1542229,-3.3584522],[-45.1544827,-3.3581585],[-45.1548726,-3.3579627],[-45.1551325,-3.35793],[-45.1554249,-3.3580931],[-45.1556849,-3.3580278],[-45.1563346,-3.3578646],[-45.1571145,-3.3580276],[-45.1576344,-3.3585495],[-45.1577969,-3.3592672],[-45.157797,-3.3595935],[-45.157797,-3.3598871],[-45.1575697,-3.3602786],[-45.1576997,-3.360507],[-45.158122,-3.3605395],[-45.1585444,-3.3605395],[-45.1589668,-3.3607678],[-45.1592593,-3.3611592],[-45.1594219,-3.3615833],[-45.1595519,-3.3619422],[-45.1598118,-3.3622031],[-45.1599094,-3.362562],[-45.1599095,-3.3632471],[-45.1599095,-3.3635407],[-45.1599096,-3.3637691],[-45.1599096,-3.3638996],[-45.1600396,-3.3642911],[-45.1600397,-3.3646173],[-45.1598448,-3.3649436],[-45.1597149,-3.3652373],[-45.1598449,-3.3654656],[-45.1599749,-3.3657266],[-45.1599749,-3.3661507],[-45.15978,-3.3664117],[-45.1596176,-3.3666728],[-45.1595852,-3.366999],[-45.1597477,-3.3673578],[-45.1603325,-3.3673251],[-45.1610148,-3.3671619],[-45.1613396,-3.3667051],[-45.1614695,-3.3657916],[-45.1614043,-3.3648781],[-45.1612418,-3.3644214],[-45.1610793,-3.3640625],[-45.1610467,-3.3635405],[-45.1612741,-3.3633774],[-45.1615752,-3.3630836],[-45.1618027,-3.3630184],[-45.1623875,-3.3629204],[-45.1627774,-3.3630834],[-45.1631023,-3.363116],[-45.1632323,-3.3632791],[-45.1633623,-3.3634422],[-45.1636547,-3.3633117],[-45.1637846,-3.3631811],[-45.1638495,-3.3627896],[-45.1640769,-3.362496],[-45.1645317,-3.3622675],[-45.1651816,-3.3621695],[-45.1657014,-3.3621694],[-45.1664486,-3.3620062],[-45.1668385,-3.3617125],[-45.1671634,-3.3615167],[-45.1675207,-3.3612883],[-45.1677481,-3.3611577],[-45.1679106,-3.3613208],[-45.1679757,-3.3619407],[-45.1681382,-3.3623648],[-45.1682033,-3.3627889],[-45.1682034,-3.3633761],[-45.1682685,-3.3638981],[-45.1684634,-3.3641265],[-45.1687559,-3.3641916],[-45.1689833,-3.3639959],[-45.1690157,-3.3637349],[-45.169308,-3.3631149],[-45.1694704,-3.3623972],[-45.1694053,-3.3621035],[-45.1693403,-3.3617773],[-45.1694377,-3.361451],[-45.1696001,-3.3611248],[-45.16973,-3.360668],[-45.1699249,-3.3606027],[-45.1701849,-3.3607332],[-45.1703799,-3.3610268],[-45.1709648,-3.3616792],[-45.1709974,-3.3621685],[-45.170965,-3.3627231],[-45.1709651,-3.363082],[-45.1709326,-3.3634409],[-45.1709327,-3.3638977],[-45.1709978,-3.3644523],[-45.1710303,-3.3648111],[-45.1709979,-3.36517],[-45.1707705,-3.3654637],[-45.1704456,-3.3654637],[-45.1701857,-3.3656921],[-45.1697958,-3.3656922],[-45.1694709,-3.365627],[-45.1690485,-3.3653987],[-45.1686586,-3.3655619],[-45.1685612,-3.3657903],[-45.1686262,-3.3660513],[-45.1688212,-3.3661491],[-45.1690162,-3.3663448],[-45.1689837,-3.3666711],[-45.1692788,-3.3670482],[-45.1695713,-3.3674723],[-45.1696038,-3.3677659],[-45.1695714,-3.3680269],[-45.169409,-3.3682553],[-45.169344,-3.3685816],[-45.1693116,-3.3689404],[-45.1693116,-3.369234],[-45.1693767,-3.3694298],[-45.1697665,-3.3693318],[-45.1701564,-3.369136],[-45.1705138,-3.369136],[-45.1708387,-3.3693643],[-45.1711963,-3.3701472],[-45.1712613,-3.3704082],[-45.1712614,-3.3707344],[-45.1712939,-3.3709302],[-45.1715538,-3.3709954],[-45.1717488,-3.371028],[-45.1719762,-3.3707669],[-45.172236,-3.3703428],[-45.1723335,-3.3700817],[-45.1726259,-3.3700817],[-45.1728533,-3.3702448],[-45.1728534,-3.3705384],[-45.1730159,-3.3709625],[-45.173081,-3.371615],[-45.1730811,-3.371876],[-45.1730811,-3.372137],[-45.1730162,-3.3723328],[-45.1730487,-3.372659],[-45.1731462,-3.3729852],[-45.1731463,-3.3734093],[-45.1729839,-3.3736051],[-45.1727565,-3.373703],[-45.1725616,-3.3740619],[-45.1723342,-3.3742577],[-45.1717493,-3.3742252],[-45.1715219,-3.37416],[-45.1713919,-3.37416],[-45.171197,-3.3742579],[-45.1711321,-3.3745842],[-45.1710671,-3.3748452],[-45.1707747,-3.3750084],[-45.1706448,-3.3752368],[-45.1707424,-3.375563],[-45.1710023,-3.3756935],[-45.1713815,-3.3758056],[-45.1717269,-3.3758055],[-45.1719911,-3.3759279],[-45.1720927,-3.3760503],[-45.1722553,-3.3762543],[-45.1724585,-3.3762746],[-45.1726616,-3.3762746],[-45.1728039,-3.3763154],[-45.1728445,-3.3765806],[-45.1728446,-3.3767642],[-45.1727633,-3.3769886],[-45.1727837,-3.377111],[-45.172865,-3.3771314],[-45.1730203,-3.3770318],[-45.1731441,-3.3769074],[-45.1734744,-3.3766171],[-45.1738046,-3.3762025],[-45.1744239,-3.3759951],[-45.1747955,-3.3756633],[-45.1751257,-3.3752901],[-45.1751257,-3.3749999],[-45.1747953,-3.3747098],[-45.1747126,-3.3740879],[-45.1744235,-3.3737148],[-45.1739029,-3.3731461],[-45.173593,-3.3726795],[-45.173567,-3.3719795],[-45.173851,-3.3715646],[-45.174253,-3.3715287],[-45.1747207,-3.3716226],[-45.1753287,-3.3716225],[-45.1757028,-3.3711058],[-45.1758429,-3.3698377],[-45.1757961,-3.369462],[-45.1754686,-3.3691333],[-45.1749074,-3.3690865],[-45.1747203,-3.3690395],[-45.1744864,-3.3688517],[-45.1742993,-3.3687578],[-45.1742524,-3.3684761],[-45.1743459,-3.3678186],[-45.1745328,-3.367208],[-45.1750005,-3.3668322],[-45.1756085,-3.3665033],[-45.176123,-3.366785],[-45.176123,-3.3669729],[-45.1761231,-3.3672547],[-45.1762167,-3.3675834],[-45.1766376,-3.3675833],[-45.1770117,-3.3673015],[-45.1776197,-3.3669256],[-45.1783213,-3.3670664],[-45.1786955,-3.3673951],[-45.1789295,-3.3679116],[-45.1789764,-3.3685222],[-45.1791167,-3.368757],[-45.1793039,-3.3693205],[-45.1796315,-3.3705885],[-45.1798655,-3.3713399],[-45.180193,-3.3719034],[-45.1803803,-3.3726547],[-45.1804739,-3.3730305],[-45.1807078,-3.3734061],[-45.1808481,-3.373547],[-45.1811287,-3.3733121],[-45.1811754,-3.3728425],[-45.1811752,-3.3717623],[-45.1812219,-3.3710578],[-45.1811282,-3.3704473],[-45.180754,-3.3700717],[-45.1806604,-3.369649],[-45.1808473,-3.3690384],[-45.181315,-3.3687096],[-45.1817826,-3.3681929],[-45.181876,-3.3678172],[-45.1816889,-3.3675354],[-45.1813615,-3.3671598],[-45.1810339,-3.3665493],[-45.1807532,-3.365657],[-45.1808933,-3.3648586],[-45.1811738,-3.364295],[-45.181314,-3.3635435],[-45.1812204,-3.36298],[-45.1807994,-3.3627922],[-45.1801914,-3.3626984],[-45.1797704,-3.3624167],[-45.1793909,-3.3616836],[-45.1791102,-3.361308],[-45.1791568,-3.3605565],[-45.1792971,-3.3601808],[-45.1796244,-3.3600398],[-45.1797179,-3.3594763],[-45.1796242,-3.3588188],[-45.1792967,-3.3579735],[-45.1787821,-3.3575978],[-45.1782676,-3.3572692],[-45.1777532,-3.3575041],[-45.1773322,-3.3574572],[-45.177145,-3.3568467],[-45.1768642,-3.3560014],[-45.1768641,-3.3554848],[-45.1767704,-3.3545925],[-45.1773316,-3.353841],[-45.1778459,-3.3531834],[-45.1785006,-3.3526667],[-45.1784538,-3.352197],[-45.1779393,-3.3520562],[-45.177378,-3.3520094],[-45.1773312,-3.3518685],[-45.1770973,-3.3515398],[-45.1771907,-3.3508353],[-45.1771438,-3.3503657],[-45.1769099,-3.3498021],[-45.1770969,-3.3491446],[-45.1775177,-3.3489097],[-45.1775177,-3.348487],[-45.177424,-3.3480644],[-45.1773304,-3.3475947],[-45.1770498,-3.3474539],[-45.1764418,-3.347454],[-45.1762078,-3.3470783],[-45.1762078,-3.3467026],[-45.1761142,-3.346233],[-45.1757867,-3.3460922],[-45.1755061,-3.3458104],[-45.1753189,-3.3455757],[-45.1750383,-3.3454818],[-45.1748045,-3.3456227],[-45.1746643,-3.3460924],[-45.1743837,-3.3464212],[-45.1741966,-3.3466091],[-45.1741967,-3.3470317],[-45.1740097,-3.3472666],[-45.1735887,-3.3471258],[-45.1734016,-3.346891],[-45.1732612,-3.3465623],[-45.1735418,-3.3461865],[-45.1735885,-3.3458578],[-45.1733546,-3.345576],[-45.1733078,-3.3453412],[-45.1732142,-3.3450125],[-45.1727932,-3.3449656],[-45.1725594,-3.3452004],[-45.1723256,-3.3455762],[-45.1722322,-3.3460458],[-45.1721855,-3.3464216],[-45.1718581,-3.3467973]],[[-45.1652795,-3.35741],[-45.1656582,-3.3576001],[-45.1658475,-3.3578535],[-45.1661631,-3.3579802],[-45.1666364,-3.3582336],[-45.1671098,-3.3586454],[-45.1672677,-3.3592157],[-45.1670468,-3.3595325],[-45.1666367,-3.3598178],[-45.1662266,-3.3602614],[-45.1659743,-3.3608317],[-45.1655325,-3.3610853],[-45.1649331,-3.3614339],[-45.1643336,-3.3616558],[-45.163955,-3.3620678],[-45.1632609,-3.3621629],[-45.1625667,-3.3619413],[-45.162188,-3.3614977],[-45.1619355,-3.3610225],[-45.1618723,-3.3605156],[-45.1618407,-3.3601671],[-45.1614935,-3.3598186],[-45.1607993,-3.3593435],[-45.1605152,-3.3586465],[-45.1603573,-3.3581713],[-45.1603888,-3.3578544],[-45.1606412,-3.357696],[-45.1613038,-3.3576008],[-45.1619034,-3.3576641],[-45.162219,-3.3580126],[-45.162503,-3.3585194],[-45.1628817,-3.3588362],[-45.1634181,-3.3588361],[-45.1636389,-3.3584876],[-45.1637966,-3.3581073],[-45.1639859,-3.3576637],[-45.1643329,-3.3574419],[-45.1647116,-3.3574418],[-45.1652795,-3.35741]]]]}},{"type":"Feature","properties":{"fid":8,"gid":39394.0,"esp_cd":6416.0,"cod_snisb":null,"cod_sar":null,"nmoriginal":"Lago do Jacareí","nmalternat":null,"nmgenerico":"Lago","nmligacao":"do","nmespecifi":"Jacareí","detipomass":"Natural","dedominial":"Estadual","dedominio":"Corpo Hídrico Estadual","defiscaliz":null,"nmemp":null,"fonmemp":null,"dtreserv":null,"fodtreserv":null,"nuvolumhm3":null,"fonuvolume":null,"nuperimkm":71.9333874071665,"nuareakm2":10.5100349078722,"nuareaha":1051.00349078722,"nucompgeom":6.25716404615675,"usoprinc":null,"fousoprinc":null,"detipoapr":null,"detipomda":null,"salinidade":null,"regime":null,"nmriocomp":null,"nmufe":"MARANHÃO","nmmun":"CAJARI, MONÇÃO","defonte":"Carta 1:100000","desatelite":"157-104_20050621","deversao":"bho_massa_dagua","deobs":"Tipo de Reservatório alterado para Natural","nuvzreg":null,"nuvzlago":null,"nuvzdeflu":null,"cdtipooper":null,"detipooper":null,"fovzlago":null,"fovzdeflu":null,"fovzreg":null,"cobarprin":null,"cotrecho":null,"nuvzrecebe":null,"nuvztransf":null,"deobsvazao":null,"cocda2013":null,"cocda2017":null},"geometry":{"type":"MultiPolygon","coordinates":[[[[-45.1181452,-3.4152039],[-45.1182668,-3.4151089],[-45.1185099,-3.4151495],[-45.1185101,-3.4151499],[-45.1213777,-3.414725],[-45.1216974,-3.4140873],[-45.1224377,-3.4135377],[-45.1232103,-3.4139901],[-45.1233946,-3.4144262],[-45.1307357,-3.4133385],[-45.1312142,-3.4131054],[-45.1320213,-3.413148],[-45.1383925,-3.412204],[-45.1383723,-3.4121533],[-45.1381039,-3.412086],[-45.1377928,-3.4120781],[-45.1373782,-3.4121706],[-45.136509,-3.4123647],[-45.1357998,-3.4122307],[-45.1351222,-3.4117546],[-45.1345124,-3.4115507],[-45.1338688,-3.4115167],[-45.1334962,-3.4114488],[-45.1333945,-3.4110746],[-45.1333606,-3.4106325],[-45.1336993,-3.4103263],[-45.1338686,-3.4101222],[-45.1338347,-3.4096801],[-45.1335975,-3.40934],[-45.1335297,-3.4089658],[-45.1337329,-3.4084556],[-45.1342748,-3.4081835],[-45.134478,-3.4077753],[-45.1343086,-3.4073331],[-45.1339021,-3.4070611],[-45.1332584,-3.4069931],[-45.1327842,-3.4071293],[-45.1324117,-3.4077756],[-45.132073,-3.4082858],[-45.1317343,-3.4085579],[-45.1316666,-3.4088981],[-45.1319037,-3.4093062],[-45.13187,-3.4099864],[-45.1315313,-3.4104627],[-45.1311587,-3.4108028],[-45.1311927,-3.411109],[-45.1314975,-3.411449],[-45.1321412,-3.411483],[-45.132209,-3.411687],[-45.1321074,-3.4119591],[-45.131667,-3.4122653],[-45.1310234,-3.4122654],[-45.1305153,-3.4122315],[-45.1300073,-3.4126057],[-45.1298518,-3.4128618],[-45.1292481,-3.4132324],[-45.1284573,-3.4135369],[-45.1279101,-3.4136663],[-45.1274916,-3.4137633],[-45.1272663,-3.413731],[-45.1270132,-3.4130288],[-45.1263644,-3.412331],[-45.125762,-3.4121915],[-45.1252059,-3.4122846],[-45.1247889,-3.4125173],[-45.1216842,-3.412192],[-45.1212671,-3.412099],[-45.1211281,-3.4118199],[-45.1218229,-3.4099121],[-45.1221935,-3.4092142],[-45.1231666,-3.4089814],[-45.1242323,-3.4081903],[-45.124881,-3.407818],[-45.1256224,-3.408004],[-45.1263176,-3.4085623],[-45.1273371,-3.4093531],[-45.1284029,-3.4095391],[-45.1290517,-3.4097251],[-45.1296078,-3.4101903],[-45.1298859,-3.4105159],[-45.1303493,-3.4102832],[-45.1307661,-3.4089804],[-45.1309977,-3.4078637],[-45.1303489,-3.4073985],[-45.1296074,-3.4073521],[-45.1288418,-3.4075531],[-45.1268996,-3.4068267],[-45.1259086,-3.4062299],[-45.1258424,-3.4049034],[-45.1268331,-3.4037094],[-45.1286165,-3.4029796],[-45.1314568,-3.4021169],[-45.1340568,-3.4018858],[-45.1357092,-3.4021759],[-45.136081,-3.4025076],[-45.1363701,-3.4025491],[-45.1365353,-3.4023831],[-45.1366178,-3.401761],[-45.1370348,-3.4015629],[-45.1375648,-3.4016811],[-45.1378593,-3.402154],[-45.1381537,-3.402154],[-45.1384481,-3.4018583],[-45.1390958,-3.40174],[-45.1399791,-3.4020355],[-45.1402736,-3.4025084],[-45.1408625,-3.4025084],[-45.1437844,-3.4014335],[-45.1444863,-3.4011515],[-45.1455625,-3.4013392],[-45.1458434,-3.4017621],[-45.145703,-3.402185],[-45.1453288,-3.4025139],[-45.145048,-3.4027958],[-45.1450481,-3.4033127],[-45.1451418,-3.4039235],[-45.1454694,-3.4043463],[-45.1458438,-3.4045341],[-45.146031,-3.404816],[-45.1458907,-3.4055208],[-45.1454228,-3.4058967],[-45.1453293,-3.4064136],[-45.1454698,-3.4067425],[-45.145748,-3.4067896],[-45.1461898,-3.4068596],[-45.1464921,-3.407163],[-45.1467479,-3.4074198],[-45.1471433,-3.4076065],[-45.1473061,-3.4078634],[-45.1475221,-3.4080928],[-45.1479474,-3.4080453],[-45.1480418,-3.4074759],[-45.1479472,-3.4070964],[-45.1474747,-3.4069541],[-45.1472856,-3.4064322],[-45.14738,-3.4058154],[-45.1478997,-3.4053883],[-45.149028,-3.4051988],[-45.1497667,-3.4050503],[-45.1501508,-3.4051393],[-45.1503578,-3.405703],[-45.1505646,-3.4060887],[-45.1510375,-3.4063259],[-45.1517171,-3.4061478],[-45.152042,-3.4055247],[-45.1523374,-3.4051983],[-45.1528397,-3.4051092],[-45.1534603,-3.4050498],[-45.1537261,-3.4047234],[-45.1537556,-3.404219],[-45.153401,-3.4038333],[-45.1526622,-3.4037148],[-45.1519531,-3.4038336],[-45.1515985,-3.4037149],[-45.1514724,-3.4033964],[-45.1518147,-3.4024509],[-45.1530127,-3.400302],[-45.1548956,-3.3986687],[-45.1557516,-3.3984967],[-45.15695,-3.3988403],[-45.1584053,-3.3994417],[-45.159347,-3.400215],[-45.1600319,-3.4007306],[-45.1612303,-3.4008163],[-45.1622575,-3.40116],[-45.163028,-3.4015896],[-45.1640551,-3.4015894],[-45.1655103,-3.4015032],[-45.1667944,-3.4024484],[-45.1676979,-3.4031627],[-45.1688699,-3.403732],[-45.169404,-3.4040731],[-45.1693555,-3.4044144],[-45.1689672,-3.4045119],[-45.1682874,-3.4041221],[-45.1680492,-3.4041092],[-45.1678649,-3.4042102],[-45.1674795,-3.4043449],[-45.1668427,-3.4043786],[-45.1663735,-3.40416],[-45.1659209,-3.4036048],[-45.165284,-3.4033525],[-45.1644964,-3.4034368],[-45.1634793,-3.403353],[-45.1627021,-3.4028419],[-45.1618712,-3.4023039],[-45.1613352,-3.4021425],[-45.1610137,-3.4021695],[-45.1609601,-3.4024117],[-45.161121,-3.4030036],[-45.161389,-3.4030574],[-45.162059,-3.4032187],[-45.1626755,-3.4038644],[-45.1630507,-3.403972],[-45.1641762,-3.4042678],[-45.1647659,-3.4045637],[-45.1658647,-3.4052631],[-45.1665615,-3.4055051],[-45.1678747,-3.4055587],[-45.1689466,-3.4054509],[-45.1694557,-3.4055046],[-45.1694826,-3.4059082],[-45.1693219,-3.4063657],[-45.1687591,-3.4064196],[-45.1680892,-3.4064197],[-45.1679016,-3.4065812],[-45.1680089,-3.4068772],[-45.1688933,-3.407469],[-45.1689828,-3.4076716],[-45.1715951,-3.4072846],[-45.1714936,-3.4069678],[-45.1713059,-3.4062413],[-45.1711718,-3.4056493],[-45.1711182,-3.4052457],[-45.1712253,-3.4050574],[-45.1713861,-3.4050304],[-45.1717077,-3.405138],[-45.1719758,-3.4056492],[-45.1726192,-3.407129],[-45.17262,-3.4071327],[-45.1773766,-3.406428],[-45.1773812,-3.4063877],[-45.1774647,-3.406178],[-45.177402,-3.4058844],[-45.1772558,-3.4056328],[-45.1773392,-3.4052973],[-45.1776525,-3.4051505],[-45.1781745,-3.4050875],[-45.1784043,-3.405402],[-45.1786968,-3.406031],[-45.1788264,-3.4062132],[-45.1797703,-3.4060733],[-45.1794694,-3.4057583],[-45.1794694,-3.4053599],[-45.1797616,-3.4048775],[-45.1803255,-3.4047726],[-45.1811817,-3.4047934],[-45.1817731,-3.4048078],[-45.1822197,-3.4051962],[-45.18229,-3.4057],[-45.1836514,-3.4054983],[-45.1835179,-3.4054447],[-45.1834461,-3.4049768],[-45.1835177,-3.4044009],[-45.1835176,-3.403933],[-45.1833024,-3.4035012],[-45.1831548,-3.4031546],[-45.1831486,-3.4021927],[-45.1835952,-3.4016121],[-45.1841996,-3.4013482],[-45.1846464,-3.4014536],[-45.1849355,-3.4016383],[-45.1851194,-3.4015855],[-45.1852245,-3.4013743],[-45.1852507,-3.4007938],[-45.1860915,-3.4000812],[-45.1871785,-3.399565],[-45.1876252,-3.3995649],[-45.1879669,-3.3996176],[-45.1883348,-3.3995647],[-45.1885712,-3.399248],[-45.1890968,-3.3991424],[-45.1897275,-3.3991687],[-45.190148,-3.3992213],[-45.1903845,-3.3990102],[-45.1903056,-3.3986144],[-45.190069,-3.3984298],[-45.1899113,-3.3982187],[-45.1898849,-3.3977701],[-45.1897008,-3.3970313],[-45.1895694,-3.3966355],[-45.1896169,-3.3963038],[-45.1899272,-3.3960655],[-45.1904201,-3.396102],[-45.1912964,-3.3961569],[-45.1924998,-3.3962315],[-45.1930893,-3.3961657],[-45.1935477,-3.3959354],[-45.1942354,-3.3956722],[-45.1946284,-3.3956392],[-45.1947593,-3.3953761],[-45.1945628,-3.3951131],[-45.1940715,-3.3951461],[-45.1935803,-3.3950475],[-45.1934492,-3.3947187],[-45.1934492,-3.3945214],[-45.1934491,-3.3942584],[-45.1931216,-3.3941269],[-45.1927286,-3.3941598],[-45.1922047,-3.3946532],[-45.1919756,-3.3951465],[-45.1913862,-3.395607],[-45.1906657,-3.3955742],[-45.1899452,-3.3957059],[-45.1891267,-3.3962322],[-45.188439,-3.3964296],[-45.1880132,-3.3963311],[-45.1878821,-3.3958379],[-45.1880129,-3.3947527],[-45.1884713,-3.3945224],[-45.1889298,-3.3944566],[-45.189159,-3.3941277],[-45.1892244,-3.3936673],[-45.1889623,-3.3930426],[-45.1889291,-3.3924709],[-45.1891583,-3.3918789],[-45.1893874,-3.3913528],[-45.1894856,-3.3909253],[-45.1896165,-3.3904978],[-45.1896164,-3.3901032],[-45.1894198,-3.3898073],[-45.1889941,-3.3897745],[-45.1886011,-3.389939],[-45.1884376,-3.3906624],[-45.1880448,-3.3917476],[-45.1878812,-3.3925698],[-45.1874884,-3.3933919],[-45.1870299,-3.3937537],[-45.1867679,-3.393688],[-45.1862439,-3.3933593],[-45.1857853,-3.3927346],[-45.1854905,-3.3925373],[-45.1851958,-3.3926689],[-45.1852614,-3.3931622],[-45.1854907,-3.3936882],[-45.1853272,-3.3949378],[-45.1844431,-3.3956614],[-45.1833624,-3.3956287],[-45.1821833,-3.3950042],[-45.1816265,-3.3943137],[-45.1813643,-3.3935904],[-45.1813315,-3.3929985],[-45.1810367,-3.3926039],[-45.1806109,-3.3922423],[-45.1801524,-3.3924397],[-45.1799233,-3.3932618],[-45.180251,-3.3942154],[-45.1803494,-3.395169],[-45.1808735,-3.3955635],[-45.1816268,-3.3960566],[-45.1822491,-3.3966483],[-45.1831007,-3.3969112],[-45.1839194,-3.3969111],[-45.1846399,-3.3973713],[-45.1846074,-3.3983249],[-45.1845696,-3.3989625],[-45.1847007,-3.3994557],[-45.1846026,-3.4002121],[-45.1838822,-3.400541],[-45.1828342,-3.4004755],[-45.1823,-3.4009296],[-45.1816021,-3.4017044],[-45.1811246,-3.4021103],[-45.1806104,-3.4027743],[-45.1796552,-3.4028114],[-45.1784061,-3.4025903],[-45.1774508,-3.4018158],[-45.1762016,-3.4014841],[-45.1759812,-3.4012997],[-45.1759811,-3.4010783],[-45.176128,-3.4006726],[-45.1766422,-3.4002298],[-45.1770462,-3.399492],[-45.1770094,-3.3991231],[-45.1765318,-3.3989387],[-45.1762012,-3.3991232],[-45.1756135,-3.3994922],[-45.1752828,-3.3994185],[-45.1750623,-3.3991972],[-45.174856,-3.3987134],[-45.1742068,-3.3981051],[-45.1734711,-3.3980184],[-45.1720863,-3.3976276],[-45.1718266,-3.3976711],[-45.1717834,-3.3979752],[-45.1718268,-3.3987574],[-45.1713508,-3.3991485],[-45.1709181,-3.3990182],[-45.1705299,-3.3983025],[-45.170097,-3.397477],[-45.1700102,-3.3963472],[-45.1701399,-3.3959127],[-45.1707025,-3.3956519],[-45.1714381,-3.395478],[-45.171741,-3.3949565],[-45.1724333,-3.3946087],[-45.1729959,-3.3946521],[-45.1732123,-3.3950866],[-45.1735586,-3.3956514],[-45.1742077,-3.3955643],[-45.1743808,-3.3951733],[-45.1748567,-3.3946517],[-45.176025,-3.3940432],[-45.176544,-3.3925657],[-45.1762842,-3.3915229],[-45.1758513,-3.3909581],[-45.175332,-3.3909582],[-45.175159,-3.3911321],[-45.1752226,-3.3914273],[-45.1754078,-3.3920467],[-45.1750995,-3.3927901],[-45.1741742,-3.3930999],[-45.1724468,-3.3927286],[-45.1709417,-3.3916155],[-45.1706331,-3.3911894],[-45.1704402,-3.3911507],[-45.1703245,-3.3912282],[-45.1703245,-3.3915381],[-45.1703797,-3.391885],[-45.1703248,-3.392658],[-45.1699165,-3.3930647],[-45.1689881,-3.3933066],[-45.1682658,-3.3930305],[-45.1678874,-3.3922709],[-45.1680248,-3.3911314],[-45.1682998,-3.390717],[-45.1685061,-3.3902681],[-45.1683341,-3.3899229],[-45.1679213,-3.3895431],[-45.167818,-3.3883691],[-45.1677835,-3.387575],[-45.1676115,-3.3872642],[-45.1669925,-3.3873679],[-45.1665111,-3.3874716],[-45.1659952,-3.3872645],[-45.1656856,-3.3868502],[-45.1651698,-3.3865741],[-45.1644132,-3.3865742],[-45.1637811,-3.3867284],[-45.1632865,-3.3866422],[-45.1630714,-3.3862103],[-45.1631789,-3.3857569],[-45.1629852,-3.3853035],[-45.1627272,-3.3851524],[-45.1624046,-3.3850445],[-45.1619315,-3.3848502],[-45.1617163,-3.38444],[-45.1611142,-3.3844833],[-45.1607486,-3.3840947],[-45.1604044,-3.3833174],[-45.1602108,-3.3827776],[-45.1599957,-3.3823458],[-45.1594796,-3.3823027],[-45.1592,-3.3823028],[-45.1590065,-3.3824323],[-45.159028,-3.3825619],[-45.1591571,-3.382713],[-45.1594151,-3.3828209],[-45.1595657,-3.3829721],[-45.1595658,-3.3834687],[-45.1597164,-3.3840732],[-45.1597595,-3.3846131],[-45.1598241,-3.385196],[-45.1600392,-3.3853256],[-45.1603187,-3.3853687],[-45.1607703,-3.3854766],[-45.1613805,-3.3859138],[-45.1617739,-3.386528],[-45.1616866,-3.3871423],[-45.1615119,-3.3877128],[-45.1615993,-3.3879761],[-45.1617742,-3.3880638],[-45.1622111,-3.387976],[-45.1629103,-3.387932],[-45.1637844,-3.388239],[-45.1656199,-3.3893356],[-45.1657948,-3.3898621],[-45.1655327,-3.390301],[-45.1649209,-3.3905643],[-45.163916,-3.3914421],[-45.1638287,-3.3918809],[-45.1640036,-3.3928901],[-45.163829,-3.3935044],[-45.1631299,-3.3945137],[-45.1627804,-3.3946454],[-45.1623433,-3.39447],[-45.1613818,-3.3938119],[-45.1611632,-3.3931977],[-45.1615126,-3.3917935],[-45.1616872,-3.390872],[-45.161425,-3.3906088],[-45.1611191,-3.3907844],[-45.1610318,-3.3913109],[-45.1607697,-3.391662],[-45.1590656,-3.3928909],[-45.158716,-3.3930665],[-45.1587161,-3.393242],[-45.1588472,-3.3933736],[-45.1592842,-3.3933735],[-45.1600708,-3.3935489],[-45.1606827,-3.3942509],[-45.1607702,-3.3946457],[-45.1606828,-3.3948652],[-45.1602736,-3.3948245],[-45.1590378,-3.3940847],[-45.1576742,-3.3932244],[-45.1573235,-3.3928333],[-45.1568561,-3.3928725],[-45.1567393,-3.3932637],[-45.1564277,-3.3934984],[-45.1559213,-3.393655],[-45.1554538,-3.3938115],[-45.1550643,-3.3940854],[-45.1540515,-3.3942029],[-45.1534672,-3.3942421],[-45.1532724,-3.3944377],[-45.1533114,-3.3946724],[-45.1537789,-3.394907],[-45.1550256,-3.3954544],[-45.1555321,-3.3960411],[-45.1554932,-3.3965887],[-45.1550648,-3.3969408],[-45.1536234,-3.3970192],[-45.1524555,-3.3963456],[-45.1520413,-3.3956852],[-45.1520412,-3.3952694],[-45.1518706,-3.394927],[-45.1516757,-3.3948781],[-45.1514565,-3.3949271],[-45.1512486,-3.3950354],[-45.1504566,-3.3952344],[-45.1480308,-3.3945886],[-45.1472388,-3.394539],[-45.1467438,-3.394887],[-45.1456548,-3.395434],[-45.1438231,-3.3946886],[-45.1432785,-3.3943408],[-45.1432289,-3.3938437],[-45.1435753,-3.3932472],[-45.1434268,-3.392949],[-45.1429318,-3.3930982],[-45.1429318,-3.3933964],[-45.1428329,-3.3939432],[-45.142338,-3.3946889],[-45.1414677,-3.3949465],[-45.140956,-3.3946912],[-45.1408321,-3.3941007],[-45.1409559,-3.3936033],[-45.1412654,-3.393106],[-45.1411105,-3.3926087],[-45.1408938,-3.3920492],[-45.140677,-3.3916141],[-45.1402436,-3.3915831],[-45.1396864,-3.3912102],[-45.139222,-3.3909305],[-45.1389124,-3.3908373],[-45.1387267,-3.3909616],[-45.1386958,-3.3911792],[-45.1388955,-3.3915203],[-45.1392045,-3.3923179],[-45.1392046,-3.393337],[-45.1387193,-3.3939574],[-45.1377929,-3.3960401],[-45.1375282,-3.3964389],[-45.137131,-3.3965719],[-45.1367338,-3.3963947],[-45.136469,-3.3958187],[-45.1358953,-3.39542],[-45.1351451,-3.3954201],[-45.1346596,-3.3952872],[-45.134439,-3.39511],[-45.1341741,-3.3941796],[-45.1338651,-3.3938251],[-45.1336003,-3.3938695],[-45.133468,-3.394091],[-45.1334239,-3.3944898],[-45.133115,-3.3947557],[-45.1326296,-3.3948444],[-45.1309086,-3.3946231],[-45.1299377,-3.39387],[-45.1294963,-3.3934713],[-45.129055,-3.3935156],[-45.1288344,-3.3936929],[-45.1285255,-3.3939145],[-45.1271576,-3.3941362],[-45.1267604,-3.3941363],[-45.1266721,-3.394092],[-45.1265838,-3.3937375],[-45.1264071,-3.3921867],[-45.1261863,-3.3908574],[-45.1265392,-3.389794],[-45.1264949,-3.3888192],[-45.1261418,-3.387933],[-45.1255681,-3.3876672],[-45.1252151,-3.3875787],[-45.1249062,-3.3879332],[-45.124465,-3.3884206],[-45.1240237,-3.3888638],[-45.1232294,-3.3888196],[-45.1228323,-3.3887753],[-45.1225675,-3.3888197],[-45.1224793,-3.3890412],[-45.1226117,-3.3892628],[-45.1232737,-3.3897058],[-45.1236708,-3.3899273],[-45.1239798,-3.3905032],[-45.1243772,-3.3920983],[-45.124554,-3.3941809],[-45.1244217,-3.3948898],[-45.1239804,-3.3952001],[-45.1233725,-3.3951628],[-45.1229862,-3.3952183],[-45.1228207,-3.3953569],[-45.1228207,-3.3955508],[-45.1230091,-3.3957477],[-45.1235205,-3.3960241],[-45.1246614,-3.3963005],[-45.1256571,-3.3960986],[-45.1261129,-3.3959577],[-45.1264636,-3.3960985],[-45.1267442,-3.3964154],[-45.127095,-3.3971196],[-45.1271301,-3.3977182],[-45.1260778,-3.3991134],[-45.1255955,-3.3996639],[-45.1252446,-3.399818],[-45.1241262,-3.399598],[-45.1235122,-3.3995541],[-45.123271,-3.3997523],[-45.1227886,-3.4001046],[-45.1222404,-3.4000166],[-45.1218895,-3.3999066],[-45.1213413,-3.3999066],[-45.1202449,-3.3998627],[-45.1200036,-3.3997747],[-45.119894,-3.3999508],[-45.119894,-3.400105],[-45.119934,-3.4003075],[-45.1202906,-3.4008444],[-45.1208254,-3.4016049],[-45.1216948,-3.4023816],[-45.1218342,-3.4028293],[-45.12189,-3.403221],[-45.1215278,-3.403305],[-45.1213606,-3.4035848],[-45.1213885,-3.4038366],[-45.1218901,-3.4041443],[-45.1224902,-3.4042062],[-45.122769,-3.4042236],[-45.122891,-3.4044511],[-45.1228168,-3.4046918],[-45.1221794,-3.4051186],[-45.1218253,-3.4051186],[-45.1212941,-3.4048698],[-45.120692,-3.4044076],[-45.1196294,-3.4026299],[-45.1181066,-3.4015279],[-45.1172919,-3.3998568],[-45.1158753,-3.3986481],[-45.1152379,-3.3984348],[-45.114813,-3.3984704],[-45.1142818,-3.3986483],[-45.1138923,-3.3985772],[-45.1133964,-3.3978661],[-45.1129099,-3.3976638],[-45.1124449,-3.3977306],[-45.1120906,-3.3977084],[-45.1117806,-3.3975083],[-45.1115147,-3.3958852],[-45.1115589,-3.3952849],[-45.1119131,-3.3947956],[-45.1120238,-3.3945733],[-45.1119795,-3.394351],[-45.1118466,-3.3941509],[-45.111448,-3.3940842],[-45.1108501,-3.3942844],[-45.1104958,-3.3942622],[-45.1100751,-3.3938843],[-45.1095657,-3.3935953],[-45.1081042,-3.3936177],[-45.1077499,-3.3935287],[-45.1075506,-3.3933064],[-45.1072525,-3.3923817],[-45.10706,-3.3921241],[-45.1069317,-3.3919953],[-45.1053921,-3.391931],[-45.1043762,-3.3911762],[-45.1041355,-3.3910957],[-45.1040151,-3.3910957],[-45.1039349,-3.3912971],[-45.1039841,-3.3915519],[-45.1038854,-3.3930768],[-45.1037425,-3.3939745],[-45.1031346,-3.3946208],[-45.1027771,-3.3951954],[-45.1028129,-3.395698],[-45.1029917,-3.396093],[-45.1034209,-3.3960929],[-45.1042432,-3.3954106],[-45.104422,-3.3953388],[-45.1045651,-3.3954106],[-45.1046009,-3.395626],[-45.1044578,-3.3958415],[-45.103924,-3.3963353],[-45.1036692,-3.3968472],[-45.1038222,-3.3974102],[-45.10423,-3.3979732],[-45.1048418,-3.3981267],[-45.1061161,-3.3974612],[-45.1080021,-3.3969491],[-45.1092765,-3.3971025],[-45.1098373,-3.3975631],[-45.1101943,-3.3985868],[-45.1100414,-3.3991498],[-45.1091749,-3.3994058],[-45.1086142,-3.3999177],[-45.1079516,-3.4008903],[-45.1070851,-3.4020165],[-45.1064735,-3.4026307],[-45.1060657,-3.4031938],[-45.1059638,-3.4036033],[-45.1061678,-3.4040128],[-45.1071364,-3.4043709],[-45.107952,-3.4046268],[-45.1095421,-3.4047668],[-45.111496,-3.4042647],[-45.1129956,-3.4042645],[-45.1138136,-3.4047663],[-45.1140409,-3.4054507],[-45.1137683,-3.405907],[-45.1132685,-3.4061808],[-45.1132686,-3.4069109],[-45.1125416,-3.4075041],[-45.1124962,-3.4079148],[-45.1125871,-3.4085535],[-45.1124055,-3.4092836],[-45.1117238,-3.4094662],[-45.1110422,-3.4092381],[-45.1107241,-3.4095119],[-45.1107697,-3.410242],[-45.1111333,-3.4110632],[-45.1115423,-3.4116107],[-45.1119059,-3.4116106],[-45.1123602,-3.4112456],[-45.1133144,-3.4102873],[-45.1140868,-3.4092378],[-45.1139958,-3.4082796],[-45.1138594,-3.4075496],[-45.114132,-3.4071389],[-45.1144955,-3.4071389],[-45.1147923,-3.4075353],[-45.1148112,-3.4087677],[-45.1145523,-3.4103288],[-45.114423,-3.4122151],[-45.114488,-3.4145566],[-45.1150191,-3.4156671],[-45.1181452,-3.4152039]],[[-45.1452658,-3.3979962],[-45.1453662,-3.3989594],[-45.145617,-3.3991482],[-45.1461184,-3.3989908],[-45.1466512,-3.3984242],[-45.1470273,-3.3982668],[-45.1473721,-3.3983611],[-45.1483439,-3.3990534],[-45.14872,-3.3990218],[-45.1488767,-3.39877],[-45.1486886,-3.3982665],[-45.148187,-3.397826],[-45.1481869,-3.3974483],[-45.1484063,-3.397165],[-45.1491272,-3.3971019],[-45.151102,-3.3979199],[-45.1514782,-3.3985493],[-45.1515097,-3.3991473],[-45.1511336,-3.3994306],[-45.1502873,-3.3997769],[-45.1499112,-3.3999658],[-45.1498172,-3.4001547],[-45.149974,-3.400312],[-45.1509457,-3.4004692],[-45.1513846,-3.4009097],[-45.1515414,-3.4016336],[-45.1511967,-3.4022631],[-45.1503818,-3.4025465],[-45.1500371,-3.4028927],[-45.1495984,-3.4037111],[-45.1491283,-3.4043091],[-45.1484074,-3.4045925],[-45.1479059,-3.4044352],[-45.147373,-3.4040891],[-45.1472789,-3.403617],[-45.1471535,-3.4034597],[-45.1469027,-3.4034597],[-45.1466833,-3.4033968],[-45.1466519,-3.403145],[-45.1467146,-3.4028618],[-45.146934,-3.4027988],[-45.1474668,-3.4027672],[-45.1477802,-3.4026413],[-45.1479996,-3.4022636],[-45.1480935,-3.4013509],[-45.14778,-3.4008474],[-45.1475919,-3.4006271],[-45.1474038,-3.4004068],[-45.147341,-3.3998403],[-45.1473096,-3.3995886],[-45.1471842,-3.3994942],[-45.1469961,-3.3994312],[-45.1468395,-3.3995886],[-45.146526,-3.3998719],[-45.1461186,-3.3999035],[-45.1455544,-3.3997776],[-45.1452096,-3.3996833],[-45.1447394,-3.3998092],[-45.1441833,-3.4001069],[-45.1432916,-3.4007466],[-45.1425273,-3.4010025],[-45.141763,-3.4009387],[-45.1415718,-3.400555],[-45.1415717,-3.3999154],[-45.1420811,-3.3987641],[-45.1420173,-3.3979966],[-45.1417624,-3.3972932],[-45.141826,-3.3965257],[-45.1425903,-3.3960779],[-45.1432909,-3.3958859],[-45.144119,-3.3958218],[-45.1446923,-3.3963334],[-45.1452658,-3.3979962]]],[[[-45.1879353,-3.4048635],[-45.1870664,-3.4047241],[-45.186457,-3.4046883],[-45.1860269,-3.4049043],[-45.1856516,-3.4052019],[-45.1879353,-3.4048635]]]]}},{"type":"Feature","properties":{"fid":9,"gid":55357.0,"esp_cd":44957.0,"cod_snisb":null,"cod_sar":null,"nmoriginal":null,"nmalternat":null,"nmgenerico":null,"nmligacao":null,"nmespecifi":null,"detipomass":"Natural","dedominial":"Estadual","dedominio":"Corpo Hídrico Estadual","defiscaliz":null,"nmemp":null,"fonmemp":null,"dtreserv":null,"fodtreserv":null,"nuvolumhm3":null,"fonuvolume":null,"nuperimkm":2.3358539042363,"nuareakm2":0.234918207182125,"nuareaha":23.4918207182125,"nucompgeom":1.35905316347005,"usoprinc":null,"fousoprinc":null,"detipoapr":null,"detipomda":"Lago/Lagoa","salinidade":"Doce","regime":"Permanente","nmriocomp":null,"nmufe":"MARANHÃO","nmmun":"CAJARI","defonte":null,"desatelite":null,"deversao":"hid_massa_dagua_a_bc250k_2015","deobs":null,"nuvzreg":null,"nuvzlago":null,"nuvzdeflu":null,"cdtipooper":null,"detipooper":null,"fovzlago":null,"fovzdeflu":null,"fovzreg":null,"cobarprin":null,"cotrecho":null,"nuvzrecebe":null,"nuvztransf":null,"deobsvazao":null,"cocda2013":null,"cocda2017":null},"geometry":{"type":"MultiPolygon","coordinates":[[[[-44.9115346,-3.4036578],[-44.9111038,-3.4049504],[-44.912181,-3.4049504],[-44.91412,-3.4034423],[-44.9150895,-3.4020419],[-44.9158435,-3.3999952],[-44.9159513,-3.3984871],[-44.9159513,-3.3974099],[-44.9154126,-3.3966558],[-44.9147663,-3.3966558],[-44.9136891,-3.3976253],[-44.9132582,-3.3987026],[-44.9130428,-3.3999952],[-44.912935,-3.4011802],[-44.9123964,-3.4023651],[-44.9115346,-3.4036578]]]]}},{"type":"Feature","properties":{"fid":10,"gid":516.0,"esp_cd":6389.0,"cod_snisb":null,"cod_sar":null,"nmoriginal":"Lago do Jaboti","nmalternat":null,"nmgenerico":"Lago","nmligacao":"do","nmespecifi":"Jaboti","detipomass":"Natural","dedominial":"Estadual","dedominio":"Corpo Hídrico Estadual","defiscaliz":null,"nmemp":null,"fonmemp":null,"dtreserv":null,"fodtreserv":null,"nuvolumhm3":null,"fonuvolume":null,"nuperimkm":58.4348127971504,"nuareakm2":8.67351143099463,"nuareaha":867.351143099463,"nucompgeom":5.59529885312136,"usoprinc":null,"fousoprinc":null,"detipoapr":null,"detipomda":null,"salinidade":null,"regime":null,"nmriocomp":null,"nmufe":"MARANHÃO","nmmun":"CAJARI","defonte":"Carta 1:100000","desatelite":"157-104_20050621","deversao":"bho_massa_dagua","deobs":null,"nuvzreg":null,"nuvzlago":null,"nuvzdeflu":null,"cdtipooper":null,"detipooper":null,"fovzlago":null,"fovzdeflu":null,"fovzreg":null,"cobarprin":null,"cotrecho":null,"nuvzrecebe":null,"nuvztransf":null,"deobsvazao":null,"cocda2013":null,"cocda2017":null},"geometry":{"type":"MultiPolygon","coordinates":[[[[-45.0762449,-3.4731781],[-45.0763027,-3.4737285],[-45.0765335,-3.4739892],[-45.0769087,-3.4740472],[-45.0774281,-3.4740471],[-45.0781206,-3.4737863],[-45.0785823,-3.4737283],[-45.0789574,-3.474018],[-45.0791594,-3.4744236],[-45.0791595,-3.475032],[-45.0789864,-3.4753217],[-45.0783227,-3.4753797],[-45.0778322,-3.4753218],[-45.0776302,-3.4754377],[-45.0776013,-3.4757564],[-45.0780342,-3.476133],[-45.0785536,-3.4765096],[-45.0787557,-3.4767124],[-45.078698,-3.47706],[-45.0783806,-3.477176],[-45.0776303,-3.4772629],[-45.0769666,-3.4768864],[-45.076476,-3.4761331],[-45.0765048,-3.4753219],[-45.0763605,-3.4750612],[-45.0760431,-3.4750033],[-45.0757545,-3.4751482],[-45.0754083,-3.4751482],[-45.0751486,-3.4749454],[-45.0751485,-3.4744819],[-45.0752927,-3.4737866],[-45.0752927,-3.4734099],[-45.0749753,-3.4732651],[-45.0746579,-3.473381],[-45.0744271,-3.4739025],[-45.0741962,-3.4745109],[-45.0737057,-3.4747138],[-45.0731381,-3.4746275],[-45.0728493,-3.4743376],[-45.0724343,-3.4741565],[-45.0722358,-3.4740659],[-45.0719832,-3.474084],[-45.0719471,-3.4742109],[-45.0721096,-3.4744101],[-45.0722471,-3.4745276],[-45.0725038,-3.4747484],[-45.0727972,-3.4750798],[-45.0731272,-3.4753743],[-45.073494,-3.4756688],[-45.074044,-3.4757792],[-45.0748141,-3.4762945],[-45.0751442,-3.4772149],[-45.0751076,-3.4776567],[-45.0744024,-3.4779687],[-45.072912,-3.478153],[-45.0708941,-3.4782222],[-45.0704584,-3.477992],[-45.0693578,-3.477877],[-45.0687845,-3.4779691],[-45.0684635,-3.4781533],[-45.0683259,-3.4784066],[-45.0684865,-3.4787289],[-45.0688075,-3.4788209],[-45.0692661,-3.4788669],[-45.0696788,-3.4788209],[-45.070298,-3.4789129],[-45.0706419,-3.4791431],[-45.0710776,-3.4796035],[-45.0714675,-3.4799718],[-45.0718573,-3.4800409],[-45.0732102,-3.4797645],[-45.0739994,-3.4794673],[-45.0744151,-3.4794412],[-45.0747268,-3.4797019],[-45.0749346,-3.4800149],[-45.0751165,-3.4803278],[-45.0752983,-3.4803539],[-45.0754542,-3.4803017],[-45.0756843,-3.4800503],[-45.0760085,-3.4798875],[-45.0763327,-3.4798875],[-45.07668,-3.4800735],[-45.0768884,-3.4802594],[-45.0769348,-3.4805384],[-45.0768292,-3.4807378],[-45.0763671,-3.4812681],[-45.0763341,-3.4816658],[-45.0765652,-3.4817321],[-45.0769613,-3.4816989],[-45.0783476,-3.4808371],[-45.0787437,-3.4808371],[-45.0789418,-3.4812016],[-45.0789532,-3.4816619],[-45.0781622,-3.4839159],[-45.077923,-3.4843223],[-45.0775366,-3.4844332],[-45.0770765,-3.4842115],[-45.0765428,-3.4831031],[-45.0762668,-3.4827706],[-45.0758251,-3.4826229],[-45.0754387,-3.4828446],[-45.075218,-3.4831771],[-45.0751444,-3.4839715],[-45.0750157,-3.4842856],[-45.0748132,-3.484341],[-45.0745188,-3.4842672],[-45.0734331,-3.4831403],[-45.0731755,-3.4829741],[-45.0730099,-3.4829741],[-45.0728259,-3.4831034],[-45.0725683,-3.4831773],[-45.0722447,-3.483064],[-45.0719561,-3.4826954],[-45.0713003,-3.4820634],[-45.0707757,-3.481721],[-45.0703164,-3.4816281],[-45.0698735,-3.4816447],[-45.0693322,-3.4816941],[-45.0691354,-3.4818423],[-45.0691518,-3.4820564],[-45.0692338,-3.4821717],[-45.0694486,-3.4823041],[-45.0704153,-3.4827391],[-45.0713153,-3.4836427],[-45.0720821,-3.4848139],[-45.0722813,-3.4854997],[-45.072048,-3.4858344],[-45.071548,-3.4860353],[-45.070948,-3.4859684],[-45.070448,-3.4857676],[-45.0702147,-3.4857676],[-45.0701147,-3.4859684],[-45.0702814,-3.4866377],[-45.0706481,-3.4871397],[-45.0714814,-3.4873739],[-45.0720481,-3.4875077],[-45.0730147,-3.487173],[-45.0735814,-3.4869052],[-45.0739814,-3.4869387],[-45.0745481,-3.487039],[-45.0755481,-3.4870724],[-45.0759481,-3.4872732],[-45.0760481,-3.4877417],[-45.0756815,-3.4882102],[-45.0749815,-3.4882772],[-45.0745482,-3.4883442],[-45.0743815,-3.488612],[-45.0744149,-3.4888462],[-45.0747482,-3.4890135],[-45.0751149,-3.4894485],[-45.0751649,-3.4899202],[-45.0748027,-3.4901628],[-45.0740177,-3.4899203],[-45.0734742,-3.4893747],[-45.0728099,-3.4891323],[-45.0722061,-3.4891929],[-45.0706965,-3.4888293],[-45.0697907,-3.4886475],[-45.0688849,-3.4885263],[-45.0677979,-3.487617],[-45.0675781,-3.4872289],[-45.0673602,-3.4868158],[-45.0673844,-3.4863784],[-45.0672876,-3.4860382],[-45.0669729,-3.4858682],[-45.0666341,-3.4859897],[-45.0662226,-3.4860383],[-45.0659322,-3.4858439],[-45.0656418,-3.4855524],[-45.0652303,-3.485601],[-45.0650609,-3.4861113],[-45.0651578,-3.4866216],[-45.0653272,-3.4869131],[-45.0659565,-3.487229],[-45.066126,-3.4876421],[-45.066005,-3.4881524],[-45.0657146,-3.4885655],[-45.0651337,-3.4886627],[-45.064456,-3.4888572],[-45.0638994,-3.4887843],[-45.0635363,-3.4884441],[-45.0631974,-3.488347],[-45.0628828,-3.4884199],[-45.0628102,-3.4888087],[-45.0629797,-3.4891975],[-45.0629797,-3.4897078],[-45.0627861,-3.4900237],[-45.0614792,-3.490121],[-45.0607531,-3.4899995],[-45.0603174,-3.4899995],[-45.0601238,-3.4900967],[-45.060148,-3.4902911],[-45.0604142,-3.4904369],[-45.0620375,-3.491686],[-45.0622312,-3.4920262],[-45.0622312,-3.4923421],[-45.0621102,-3.4924879],[-45.0611905,-3.4928767],[-45.0603434,-3.49346],[-45.0600772,-3.4936544],[-45.0599804,-3.493946],[-45.0599565,-3.4943411],[-45.0601533,-3.494569],[-45.0603529,-3.4946186],[-45.0606912,-3.494495],[-45.0611218,-3.4944024],[-45.0616139,-3.4944023],[-45.0622597,-3.4944641],[-45.0627211,-3.4948037],[-45.0629672,-3.4951742],[-45.0633055,-3.4952668],[-45.0636131,-3.4951742],[-45.0636438,-3.4948345],[-45.0635208,-3.494464],[-45.0634285,-3.4939699],[-45.0634592,-3.4935685],[-45.0635207,-3.4932597],[-45.0639205,-3.4930126],[-45.0644741,-3.4929508],[-45.0648432,-3.4930126],[-45.0651815,-3.4929508],[-45.0653353,-3.4927037],[-45.0652122,-3.4922406],[-45.0649969,-3.4919318],[-45.0649353,-3.4914068],[-45.0651199,-3.4910054],[-45.065735,-3.4907892],[-45.0662271,-3.4907892],[-45.0665962,-3.4910053],[-45.0666885,-3.4912832],[-45.066627,-3.4915302],[-45.066627,-3.4919625],[-45.06675,-3.4923331],[-45.0671191,-3.4924875],[-45.0675497,-3.4925801],[-45.0676728,-3.4929815],[-45.0676421,-3.4933212],[-45.0675806,-3.4937535],[-45.0677959,-3.4941549],[-45.0682265,-3.4943092],[-45.0687494,-3.4943401],[-45.0696413,-3.4941856],[-45.0699796,-3.4941856],[-45.0701949,-3.49434],[-45.0702257,-3.4946488],[-45.0700412,-3.4948649],[-45.0696106,-3.4950502],[-45.0688109,-3.4952356],[-45.0680728,-3.4950504],[-45.0674576,-3.4949577],[-45.067027,-3.4949578],[-45.0667502,-3.4950813],[-45.0666888,-3.4955445],[-45.0664427,-3.4959151],[-45.0660122,-3.4961313],[-45.0654586,-3.4962857],[-45.065274,-3.4964092],[-45.065274,-3.4966871],[-45.0656124,-3.4970268],[-45.0657969,-3.4974591],[-45.0656432,-3.4978605],[-45.0652688,-3.4981546],[-45.0636695,-3.4990193],[-45.0631467,-3.4992046],[-45.0628699,-3.4992355],[-45.0626853,-3.4991429],[-45.061455,-3.4980931],[-45.0611167,-3.498124],[-45.0609937,-3.4983401],[-45.0609937,-3.4988342],[-45.0611475,-3.499143],[-45.0616704,-3.4995752],[-45.0620087,-3.4999458],[-45.0620395,-3.5002546],[-45.0616705,-3.500903],[-45.0615782,-3.5013971],[-45.0613937,-3.5015824],[-45.0611784,-3.5017059],[-45.0604712,-3.5016466],[-45.0600254,-3.5014572],[-45.0597168,-3.5014745],[-45.0593911,-3.5017843],[-45.0593739,-3.5020942],[-45.0595111,-3.5022663],[-45.0597986,-3.5024401],[-45.0602875,-3.5025873],[-45.060923,-3.5026609],[-45.061314,-3.5028326],[-45.0614118,-3.5029308],[-45.0614607,-3.5031271],[-45.0613874,-3.5033479],[-45.0611919,-3.5035442],[-45.0607275,-3.504035],[-45.0604343,-3.5044031],[-45.0601165,-3.5048694],[-45.0599699,-3.5052865],[-45.0597744,-3.5056055],[-45.0594567,-3.5059246],[-45.0593101,-3.5063908],[-45.0593101,-3.5067589],[-45.0590657,-3.5073478],[-45.0588947,-3.5078631],[-45.058968,-3.508084],[-45.059188,-3.5082066],[-45.0594324,-3.5079612],[-45.0594568,-3.507495],[-45.0595056,-3.5071024],[-45.0597012,-3.5068325],[-45.0599944,-3.5064644],[-45.0599944,-3.5060227],[-45.060361,-3.5057037],[-45.0608498,-3.504992],[-45.061363,-3.5045258],[-45.0617541,-3.5044276],[-45.0619985,-3.5044276],[-45.062194,-3.5043539],[-45.0623895,-3.5041086],[-45.0628538,-3.5036914],[-45.0630982,-3.5032006],[-45.0631715,-3.5025871],[-45.0634403,-3.5023172],[-45.0645116,-3.5017929],[-45.06476,-3.5015746],[-45.0650121,-3.5015623],[-45.0654106,-3.5019179],[-45.065942,-3.5025846],[-45.0658535,-3.5034737],[-45.0654108,-3.5043183],[-45.0645916,-3.5049522],[-45.0644358,-3.5051434],[-45.064505,-3.5053172],[-45.0646367,-3.5053743],[-45.0651056,-3.5052504],[-45.0658213,-3.5051512],[-45.0661422,-3.5053246],[-45.0661922,-3.5055815],[-45.0661182,-3.5061514],[-45.0660935,-3.5067214],[-45.0661429,-3.5073656],[-45.0658962,-3.5079356],[-45.0654273,-3.508456],[-45.0652299,-3.5088276],[-45.0650818,-3.5090259],[-45.0649337,-3.5092489],[-45.0649831,-3.5094472],[-45.0653533,-3.5094719],[-45.0657235,-3.5092736],[-45.066143,-3.5090258],[-45.066538,-3.5090506],[-45.0667601,-3.5091744],[-45.0670316,-3.5096948],[-45.0674512,-3.5101903],[-45.068167,-3.5104133],[-45.0685125,-3.5106858],[-45.0687347,-3.510661],[-45.0688087,-3.5104628],[-45.0686853,-3.5101407],[-45.0679977,-3.5092641],[-45.0678496,-3.508942],[-45.0679236,-3.5085951],[-45.0682938,-3.5084959],[-45.0686394,-3.5084959],[-45.0688862,-3.5082729],[-45.0689108,-3.5079507],[-45.0687874,-3.5076534],[-45.0687627,-3.5073313],[-45.0689355,-3.5071082],[-45.0694291,-3.5071082],[-45.0696265,-3.5067861],[-45.0695771,-3.5064392],[-45.0692316,-3.5062905],[-45.0689601,-3.5060428],[-45.0688366,-3.5055472],[-45.0689847,-3.5051507],[-45.0692561,-3.504779],[-45.069651,-3.5047046],[-45.0700213,-3.5048781],[-45.0703175,-3.5051506],[-45.0706383,-3.5050763],[-45.0706629,-3.5047293],[-45.0704408,-3.5043577],[-45.0700705,-3.5035648],[-45.0699471,-3.5031683],[-45.0697003,-3.5030444],[-45.069256,-3.5030197],[-45.0689845,-3.5027471],[-45.0688857,-3.5023011],[-45.0689598,-3.5020533],[-45.0692559,-3.5019294],[-45.0696508,-3.5019046],[-45.0704233,-3.5021247],[-45.0708923,-3.5024468],[-45.0712872,-3.5027441],[-45.0717808,-3.5027193],[-45.0720276,-3.5025954],[-45.0721263,-3.5022237],[-45.0721756,-3.5019511],[-45.0720522,-3.5017281],[-45.0720769,-3.5014308],[-45.0723977,-3.5012573],[-45.0730394,-3.501282],[-45.0738292,-3.5014802],[-45.074471,-3.5021492],[-45.0745944,-3.5025208],[-45.074471,-3.5027191],[-45.0741008,-3.5026943],[-45.0735085,-3.5028183],[-45.0732123,-3.5029918],[-45.0731136,-3.5033387],[-45.0732618,-3.5036112],[-45.0733112,-3.5042803],[-45.0733113,-3.5053953],[-45.0733606,-3.505544],[-45.073484,-3.5056183],[-45.0736815,-3.5054944],[-45.0737308,-3.5051227],[-45.0737801,-3.5044785],[-45.0740269,-3.5042306],[-45.0743971,-3.5042058],[-45.074718,-3.5042306],[-45.0749401,-3.504181],[-45.0750141,-3.5039332],[-45.0750832,-3.5036254],[-45.0755757,-3.5032368],[-45.0757868,-3.5029542],[-45.0759275,-3.5025656],[-45.07642,-3.5020004],[-45.0770533,-3.5012586],[-45.0776866,-3.5010466],[-45.0782495,-3.5011172],[-45.0784606,-3.5017176],[-45.0783199,-3.5021062],[-45.0781089,-3.5023182],[-45.0781089,-3.5025654],[-45.0782496,-3.502848],[-45.078271,-3.5037188],[-45.0781607,-3.5049471],[-45.0777867,-3.5053226],[-45.0774347,-3.5056319],[-45.0767747,-3.5056761],[-45.0764667,-3.5059412],[-45.0764667,-3.5064051],[-45.0765108,-3.5070015],[-45.0762688,-3.5074654],[-45.0757848,-3.5076863],[-45.0747727,-3.5074876],[-45.0743107,-3.5075097],[-45.0739807,-3.5076202],[-45.0739147,-3.5078632],[-45.0739587,-3.508327],[-45.0739587,-3.5087246],[-45.0741348,-3.508835],[-45.0744428,-3.5087246],[-45.0748168,-3.5085699],[-45.0750808,-3.5086583],[-45.0752348,-3.508835],[-45.0752569,-3.5094314],[-45.0749929,-3.5101161],[-45.0745753,-3.5104584],[-45.0737173,-3.5110769],[-45.0732332,-3.511077],[-45.0729912,-3.5112316],[-45.0728592,-3.5114083],[-45.0728813,-3.5116513],[-45.0729033,-3.5119164],[-45.0728153,-3.5121152],[-45.0726833,-3.5123361],[-45.0727933,-3.512557],[-45.0731453,-3.5124465],[-45.0732553,-3.5122035],[-45.0736293,-3.5120268],[-45.0744654,-3.5118942],[-45.0747954,-3.5117174],[-45.0751694,-3.5117174],[-45.0753235,-3.5118278],[-45.0755215,-3.5119162],[-45.0757855,-3.5118278],[-45.0760275,-3.5115848],[-45.0765555,-3.511408],[-45.0767535,-3.511408],[-45.0769075,-3.5114964],[-45.0769516,-3.5117393],[-45.0769516,-3.5120265],[-45.0767536,-3.5123358],[-45.0765116,-3.512645],[-45.0759836,-3.5129543],[-45.0757416,-3.5132415],[-45.0758076,-3.5135507],[-45.0761597,-3.5139483],[-45.0763137,-3.5143459],[-45.0761377,-3.5147435],[-45.0755657,-3.5150749],[-45.0746857,-3.5152516],[-45.0740697,-3.5155389],[-45.0738937,-3.5159365],[-45.0737837,-3.5162899],[-45.0738277,-3.5164666],[-45.0741137,-3.5165329],[-45.0744658,-3.5166212],[-45.0745978,-3.5169083],[-45.0750599,-3.5170629],[-45.0754779,-3.517085],[-45.0758959,-3.5171291],[-45.0764603,-3.5170704],[-45.0772712,-3.5172107],[-45.0777744,-3.5174071],[-45.078082,-3.5178001],[-45.0781939,-3.5183895],[-45.0783337,-3.519007],[-45.0786413,-3.5191754],[-45.0790327,-3.5189508],[-45.0791725,-3.5184456],[-45.0790886,-3.5180807],[-45.0789487,-3.5174912],[-45.0788648,-3.5169579],[-45.0786131,-3.5167895],[-45.0785013,-3.5163685],[-45.0785292,-3.5159474],[-45.0787529,-3.5157509],[-45.0790045,-3.5156386],[-45.07934,-3.5154982],[-45.0794518,-3.5150491],[-45.0793679,-3.5147123],[-45.0791442,-3.5145158],[-45.0789764,-3.514179],[-45.0790043,-3.5136737],[-45.079172,-3.5133649],[-45.0793677,-3.5129439],[-45.0795634,-3.5120737],[-45.0798708,-3.5114],[-45.0802343,-3.5112315],[-45.0806537,-3.511428],[-45.0808215,-3.5119052],[-45.0810452,-3.512635],[-45.0811012,-3.513477],[-45.0811852,-3.5145437],[-45.0811014,-3.5154139],[-45.0811294,-3.5159753],[-45.0813252,-3.5165647],[-45.0815489,-3.5172384],[-45.0817167,-3.5177155],[-45.0818844,-3.5177717],[-45.0821361,-3.5176313],[-45.0824995,-3.5172944],[-45.0826113,-3.5168172],[-45.0825553,-3.5162558],[-45.0822757,-3.515891],[-45.082052,-3.5156664],[-45.082024,-3.5154699],[-45.0820867,-3.5151807],[-45.0823663,-3.5149561],[-45.0828416,-3.5148718],[-45.083205,-3.5146753],[-45.0832889,-3.5144788],[-45.0832329,-3.5142823],[-45.0830372,-3.514142],[-45.0827297,-3.5140859],[-45.0823382,-3.513721],[-45.0823102,-3.5134122],[-45.0825898,-3.5130754],[-45.0832608,-3.5126823],[-45.0834285,-3.5124858],[-45.0834565,-3.5122894],[-45.0833725,-3.512149],[-45.0829811,-3.512149],[-45.0826456,-3.5122052],[-45.0823381,-3.5121491],[-45.0822262,-3.5118403],[-45.0821982,-3.5110544],[-45.08231,-3.5102684],[-45.0826734,-3.5099877],[-45.0832605,-3.5100157],[-45.083624,-3.5100999],[-45.0838197,-3.5103244],[-45.0843789,-3.5104928],[-45.0851897,-3.510605],[-45.0855532,-3.5107734],[-45.0857489,-3.5109699],[-45.0861683,-3.511054],[-45.0866157,-3.5115592],[-45.0867276,-3.5122048],[-45.0869793,-3.513103],[-45.0874547,-3.5136925],[-45.0877064,-3.5138889],[-45.0881257,-3.5141977],[-45.0884892,-3.5141696],[-45.088629,-3.5138046],[-45.0884891,-3.5133836],[-45.0881816,-3.5130187],[-45.0877621,-3.5126258],[-45.0875664,-3.5121767],[-45.0875384,-3.5115592],[-45.0875663,-3.5109697],[-45.0874824,-3.510689],[-45.0871899,-3.5105667],[-45.0869276,-3.5103561],[-45.0868576,-3.5101103],[-45.0869276,-3.5098997],[-45.0872422,-3.5098119],[-45.0878192,-3.509531],[-45.087959,-3.5093379],[-45.0879415,-3.5091273],[-45.0877142,-3.5091097],[-45.0875219,-3.50918],[-45.0873121,-3.5092326],[-45.0870346,-3.5091989],[-45.0863595,-3.5089136],[-45.0857554,-3.5085213],[-45.0845702,-3.507705],[-45.0842369,-3.5071697],[-45.0842368,-3.506902],[-45.0842812,-3.5066789],[-45.0846156,-3.5066224],[-45.0852928,-3.506713],[-45.0863238,-3.5067393],[-45.0869771,-3.5065974],[-45.087136,-3.5065265],[-45.0871183,-3.5062784],[-45.0869771,-3.5062075],[-45.0868182,-3.5060834],[-45.0867828,-3.5059416],[-45.0868933,-3.505576],[-45.0868574,-3.5051078],[-45.0866421,-3.5049637],[-45.0861039,-3.5048557],[-45.0854939,-3.5040633],[-45.0850992,-3.5035591],[-45.0851709,-3.5029827],[-45.0853503,-3.5027306],[-45.0856373,-3.5026945],[-45.0861037,-3.5028746],[-45.0863549,-3.5028385],[-45.0864625,-3.5025504],[-45.0863907,-3.5023343],[-45.0860678,-3.5021542],[-45.0862113,-3.5016499],[-45.0864624,-3.5013977],[-45.0863547,-3.5009655],[-45.0859242,-3.5006774],[-45.0858524,-3.5002812],[-45.0858882,-3.500065],[-45.0857447,-3.4998849],[-45.0854218,-3.499885],[-45.0849554,-3.4999571],[-45.0844978,-3.4998518],[-45.0842062,-3.4997617],[-45.083984,-3.4994518],[-45.083998,-3.4991278],[-45.0841523,-3.4988742],[-45.0844329,-3.4988179],[-45.0847556,-3.498846],[-45.0850642,-3.4988178],[-45.0851344,-3.4985783],[-45.0850922,-3.498353],[-45.0848257,-3.4982685],[-45.0845872,-3.4982826],[-45.0842364,-3.4982967],[-45.0836331,-3.4980855],[-45.0834928,-3.4979587],[-45.0834928,-3.4977615],[-45.083617,-3.4976498],[-45.0841016,-3.4975352],[-45.0846433,-3.497478],[-45.0854707,-3.4975594],[-45.0858052,-3.4977496],[-45.086017,-3.4979959],[-45.0861508,-3.4984436],[-45.0864073,-3.4987234],[-45.0865968,-3.4987458],[-45.0867975,-3.4984771],[-45.08692,-3.4981637],[-45.0868754,-3.4978279],[-45.0867751,-3.4974809],[-45.0865744,-3.4972459],[-45.0865966,-3.4969996],[-45.0868642,-3.4968653],[-45.0871318,-3.4967981],[-45.0872098,-3.4966526],[-45.0871918,-3.4965261],[-45.0870964,-3.4964304],[-45.0868103,-3.4963347],[-45.0865878,-3.4960954],[-45.0863176,-3.4958561],[-45.0859203,-3.4958561],[-45.085666,-3.4961114],[-45.085523,-3.4963986],[-45.0851416,-3.496654],[-45.0844068,-3.4968357],[-45.0841186,-3.4968357],[-45.0839894,-3.4967359],[-45.0839595,-3.4966062],[-45.0840766,-3.496471],[-45.0843593,-3.4963088],[-45.0849214,-3.4960399],[-45.0851273,-3.4957643],[-45.0849442,-3.4954657],[-45.0845782,-3.4954887],[-45.0841664,-3.4954658],[-45.0839833,-3.4952821],[-45.083846,-3.4949375],[-45.0836401,-3.4946619],[-45.0832054,-3.4942715],[-45.0828622,-3.4938121],[-45.0826334,-3.4935365],[-45.0825876,-3.4931001],[-45.0825189,-3.4928245],[-45.082679,-3.4925718],[-45.0831366,-3.4923421],[-45.0832509,-3.4919975],[-45.0831594,-3.4917679],[-45.0827933,-3.4916301],[-45.0823358,-3.4915612],[-45.0822214,-3.4914004],[-45.0821756,-3.4911937],[-45.0823357,-3.4910099],[-45.0829306,-3.4908721],[-45.083228,-3.490872],[-45.0834339,-3.4909409],[-45.083777,-3.4909179],[-45.0841431,-3.4907112],[-45.084143,-3.4903896],[-45.0843489,-3.4897924],[-45.084509,-3.4894478],[-45.0846463,-3.4893789],[-45.0848522,-3.4894019],[-45.0850352,-3.4896086],[-45.0851954,-3.4899531],[-45.0852869,-3.4903665],[-45.0854471,-3.490757],[-45.0858714,-3.4911065],[-45.0860861,-3.4914943],[-45.0862292,-3.4917959],[-45.0864867,-3.4920545],[-45.0868444,-3.492313],[-45.0871591,-3.4923991],[-45.0874023,-3.4922842],[-45.0874452,-3.4919969],[-45.0874023,-3.4918246],[-45.0871877,-3.4917815],[-45.0869302,-3.4917671],[-45.0868375,-3.4916401],[-45.0868083,-3.4912023],[-45.0868083,-3.4907352],[-45.0871281,-3.4905893],[-45.0873607,-3.4907352],[-45.0874479,-3.4909395],[-45.0875061,-3.4912314],[-45.0876805,-3.4914941],[-45.0879713,-3.491494],[-45.0883201,-3.4914064],[-45.0885527,-3.4915524],[-45.0885818,-3.4917859],[-45.0884656,-3.4921653],[-45.0884074,-3.492574],[-45.0885238,-3.4929242],[-45.0888726,-3.4931285],[-45.0894251,-3.493216],[-45.0904135,-3.4934494],[-45.0908206,-3.4936537],[-45.0910532,-3.493858],[-45.0911986,-3.4941791],[-45.0914312,-3.4941791],[-45.0915765,-3.4938872],[-45.0917218,-3.4936828],[-45.092187,-3.4936828],[-45.0926231,-3.4939162],[-45.0927104,-3.4944708],[-45.0926232,-3.494967],[-45.0927104,-3.4951713],[-45.0932628,-3.4951421],[-45.093757,-3.4950253],[-45.0941972,-3.4947983],[-45.0946091,-3.4946329],[-45.0951034,-3.4946742],[-45.0957006,-3.4947361],[-45.0962978,-3.494488],[-45.0965243,-3.4940537],[-45.0964831,-3.4936402],[-45.0961741,-3.4932887],[-45.0957828,-3.4932681],[-45.0953915,-3.4929993],[-45.0950826,-3.4926272],[-45.0948354,-3.4920896],[-45.0946912,-3.4916348],[-45.0946705,-3.4912419],[-45.0947941,-3.490663],[-45.0950411,-3.4903735],[-45.0953501,-3.4903321],[-45.0956384,-3.4903527],[-45.0958032,-3.4906422],[-45.0961533,-3.4908076],[-45.0965034,-3.4908282],[-45.0968329,-3.4907248],[-45.0973066,-3.4907661],[-45.0977185,-3.4909314],[-45.0978009,-3.4912209],[-45.0979039,-3.4914483],[-45.0981098,-3.491407],[-45.098151,-3.4911382],[-45.0983569,-3.4907453],[-45.0988262,-3.490229],[-45.0991352,-3.4900221],[-45.0994701,-3.4900608],[-45.0996504,-3.4903065],[-45.0996504,-3.4905909],[-45.0995365,-3.4911161],[-45.0991027,-3.491457],[-45.0988387,-3.4919493],[-45.0986502,-3.4924606],[-45.0986125,-3.4931234],[-45.0988389,-3.4933695],[-45.0994092,-3.4935302],[-45.099711,-3.4937195],[-45.0998054,-3.494174],[-45.0998054,-3.4948178],[-45.0999941,-3.4953101],[-45.1003148,-3.4955373],[-45.1005034,-3.4960107],[-45.1007864,-3.4969196],[-45.101258,-3.4976391],[-45.1018617,-3.4986995],[-45.1021446,-3.4991539],[-45.1023333,-3.4992486],[-45.102503,-3.4991728],[-45.1027481,-3.4986994],[-45.1031065,-3.4983206],[-45.1034837,-3.4980554],[-45.1039552,-3.4981122],[-45.1042947,-3.4985666],[-45.1043703,-3.4991347],[-45.104276,-3.4997975],[-45.1045401,-3.5003277],[-45.1048985,-3.5004034],[-45.1052568,-3.5002708],[-45.1054643,-3.4999299],[-45.1054265,-3.4994186],[-45.1053133,-3.4991157],[-45.1051247,-3.4989453],[-45.1049172,-3.4986234],[-45.1048228,-3.4981121],[-45.1048039,-3.497544],[-45.1046718,-3.4971464],[-45.1043512,-3.4969949],[-45.1039739,-3.4970328],[-45.1037099,-3.4972601],[-45.1033138,-3.4974684],[-45.1028989,-3.49762],[-45.1026349,-3.4977526],[-45.1024274,-3.4977526],[-45.1023142,-3.4976011],[-45.1023142,-3.4972792],[-45.1022576,-3.4970709],[-45.1020878,-3.4969573],[-45.1017672,-3.4968816],[-45.1014088,-3.4967302],[-45.1012743,-3.4963631],[-45.1011988,-3.4958139],[-45.1008592,-3.4955299],[-45.1005386,-3.4952459],[-45.1003499,-3.4947915],[-45.1003121,-3.4939393],[-45.10018,-3.4933144],[-45.0999725,-3.4931251],[-45.0997084,-3.4927654],[-45.0996329,-3.4921594],[-45.0998403,-3.4916103],[-45.1001798,-3.4914019],[-45.100689,-3.4913414],[-45.1017289,-3.4917379],[-45.1022488,-3.4918841],[-45.1025815,-3.4917796],[-45.1027479,-3.4915708],[-45.1026855,-3.4912368],[-45.1025398,-3.4909236],[-45.1021863,-3.4906522],[-45.1005988,-3.4896239],[-45.100266,-3.4893525],[-45.1001204,-3.4889141],[-45.0997876,-3.4885174],[-45.0994548,-3.4883295],[-45.0988933,-3.4882461],[-45.0985605,-3.4880164],[-45.0984357,-3.4876824],[-45.0985605,-3.4874318],[-45.0987684,-3.4873691],[-45.0990804,-3.4872229],[-45.0993091,-3.4869306],[-45.0992883,-3.4864712],[-45.0991011,-3.486179],[-45.0985811,-3.4860329],[-45.0981236,-3.4858241],[-45.0977908,-3.4855527],[-45.097458,-3.4851978],[-45.0970837,-3.4853649],[-45.0970422,-3.4856154],[-45.0971462,-3.485866],[-45.0972917,-3.486033],[-45.0974166,-3.4862209],[-45.0974374,-3.4864088],[-45.0973958,-3.4865759],[-45.0969175,-3.4868891],[-45.0966888,-3.4871397],[-45.0963145,-3.4872441],[-45.0958569,-3.4872442],[-45.0953786,-3.4873904],[-45.0950875,-3.4874948],[-45.0950043,-3.4877036],[-45.0949419,-3.4879542],[-45.0946924,-3.4880795],[-45.0939229,-3.4880587],[-45.0934654,-3.4879334],[-45.0933198,-3.4876829],[-45.093091,-3.4874532],[-45.0927791,-3.4873697],[-45.0924671,-3.4874742],[-45.0919888,-3.4874325],[-45.0916977,-3.4872237],[-45.0916144,-3.4867852],[-45.0915312,-3.4864303],[-45.0912609,-3.4863677],[-45.0910113,-3.4865556],[-45.0908658,-3.4868062],[-45.0903875,-3.4871612],[-45.0898676,-3.4873074],[-45.0894932,-3.4873492],[-45.0892853,-3.4874119],[-45.0891813,-3.487558],[-45.0892021,-3.4878294],[-45.0893269,-3.4880591],[-45.0897143,-3.4885469],[-45.0899639,-3.489048],[-45.0899224,-3.4893612],[-45.0897144,-3.4895491],[-45.0895065,-3.4897579],[-45.0895065,-3.489925],[-45.0896521,-3.4900502],[-45.0899224,-3.4900502],[-45.0904631,-3.4901337],[-45.0908583,-3.4903633],[-45.0910247,-3.4906973],[-45.0910247,-3.4911358],[-45.0907544,-3.4913864],[-45.0903593,-3.4913656],[-45.0901305,-3.4911568],[-45.0897353,-3.4909898],[-45.0891738,-3.4909063],[-45.0886539,-3.490969],[-45.0884043,-3.4907185],[-45.0883419,-3.4904888],[-45.0885291,-3.49028],[-45.0887786,-3.4900712],[-45.0887786,-3.4898415],[-45.0885498,-3.4897371],[-45.0882587,-3.489758],[-45.0878219,-3.4897998],[-45.0869901,-3.4899461],[-45.0862622,-3.4898417],[-45.0859294,-3.489466],[-45.0854927,-3.4892781],[-45.0847156,-3.4889432],[-45.084421,-3.4888088],[-45.0843406,-3.4886609],[-45.0843674,-3.4884727],[-45.0845101,-3.4882278],[-45.0856888,-3.486758],[-45.0859009,-3.4864677],[-45.0858623,-3.4861967],[-45.0855731,-3.4861],[-45.0854189,-3.4861968],[-45.085149,-3.4861968],[-45.0848406,-3.4860613],[-45.0846863,-3.4856549],[-45.0846092,-3.4854033],[-45.0843393,-3.4852679],[-45.0840887,-3.4851711],[-45.0839537,-3.4849002],[-45.0838765,-3.4844937],[-45.0839729,-3.4839518],[-45.0843391,-3.4837389],[-45.0848596,-3.483584],[-45.0852066,-3.4835065],[-45.0853608,-3.4832356],[-45.0853415,-3.4829646],[-45.0852258,-3.4829065],[-45.0850523,-3.4827711],[-45.0846089,-3.4828485],[-45.0843391,-3.4826744],[-45.0842427,-3.4825583],[-45.084058,-3.4825818],[-45.0838346,-3.4829182],[-45.0836113,-3.4830864],[-45.0830528,-3.4830304],[-45.0827736,-3.4827501],[-45.0824943,-3.4815727],[-45.0816007,-3.4806197],[-45.0810981,-3.4801712],[-45.081098,-3.4794983],[-45.0813772,-3.4791619],[-45.0818239,-3.4789937],[-45.0823824,-3.4790497],[-45.0827175,-3.47933],[-45.0832201,-3.4795542],[-45.0841258,-3.4796674],[-45.0846499,-3.4798208],[-45.085043,-3.4799523],[-45.0851522,-3.4801715],[-45.0851522,-3.4804566],[-45.0850867,-3.48061],[-45.0848902,-3.480632],[-45.0846718,-3.4808293],[-45.08465,-3.4809389],[-45.0847155,-3.4811582],[-45.0849141,-3.4813412],[-45.0854467,-3.4814749],[-45.0858461,-3.4818758],[-45.086068,-3.4822768],[-45.0866005,-3.4824104],[-45.0870443,-3.4824549],[-45.087355,-3.4826776],[-45.0873994,-3.4829895],[-45.0874003,-3.4833036],[-45.0874003,-3.4835997],[-45.08742,-3.4840141],[-45.0874397,-3.4843694],[-45.0874397,-3.484843],[-45.0877346,-3.4851785],[-45.0884226,-3.4854351],[-45.0889927,-3.4853166],[-45.0895824,-3.484981],[-45.0896807,-3.4847836],[-45.0896807,-3.4846455],[-45.0895234,-3.4845665],[-45.0890501,-3.484377],[-45.0886858,-3.4840675],[-45.0886577,-3.4837018],[-45.0889099,-3.4833923],[-45.0889939,-3.4829702],[-45.089078,-3.4824357],[-45.0894142,-3.4820699],[-45.0898345,-3.4817322],[-45.0899746,-3.4813102],[-45.0897503,-3.4807756],[-45.0895542,-3.4807194],[-45.089274,-3.4808038],[-45.0887976,-3.4810571],[-45.0883212,-3.4810571],[-45.0878728,-3.4807477],[-45.0870075,-3.4798899],[-45.0867271,-3.479802],[-45.0866745,-3.4795381],[-45.0868848,-3.4793973],[-45.0870776,-3.4793797],[-45.0872353,-3.4791686],[-45.0871651,-3.4789223],[-45.0868847,-3.4787463],[-45.086727,-3.4784297],[-45.0866569,-3.4781658],[-45.0868146,-3.4779019],[-45.0871825,-3.4776907],[-45.087568,-3.4774796],[-45.0880236,-3.4774267],[-45.0883916,-3.4775323],[-45.0885844,-3.4777082],[-45.088637,-3.4779193],[-45.0885319,-3.4780776],[-45.0881814,-3.4780953],[-45.0877784,-3.4780249],[-45.0875681,-3.4781129],[-45.0875155,-3.4783592],[-45.0876908,-3.4785879],[-45.0878135,-3.4788166],[-45.0880062,-3.4789222],[-45.0881815,-3.4788342],[-45.0885085,-3.4786967],[-45.0890071,-3.4787682],[-45.08947,-3.4788754],[-45.0898617,-3.4786251],[-45.0902889,-3.4778742],[-45.0903601,-3.4769447],[-45.0900751,-3.4764084],[-45.0896122,-3.4760509],[-45.0895053,-3.4754789],[-45.0891491,-3.4746566],[-45.0885081,-3.4742634],[-45.0877959,-3.4742635],[-45.087333,-3.4744423],[-45.0867277,-3.4747999],[-45.0858375,-3.475515],[-45.0849829,-3.4759441],[-45.0844843,-3.4758726],[-45.0839858,-3.4759084],[-45.0836297,-3.4759442],[-45.0833548,-3.4760349],[-45.0831544,-3.4764373],[-45.0827759,-3.4767057],[-45.0824196,-3.4766386],[-45.0822192,-3.4764598],[-45.0821746,-3.4759679],[-45.0819741,-3.4754761],[-45.0817069,-3.4751407],[-45.0817291,-3.4747383],[-45.0819295,-3.4742241],[-45.0818181,-3.4735757],[-45.081484,-3.4731062],[-45.0814839,-3.4721449],[-45.0813503,-3.4711388],[-45.0817955,-3.4704233],[-45.0818623,-3.4701774],[-45.0817955,-3.4700209],[-45.0815728,-3.4699539],[-45.0811498,-3.4700433],[-45.0808826,-3.4702222],[-45.0807653,-3.4704716],[-45.080518,-3.4711263],[-45.0802932,-3.4721649],[-45.0803608,-3.4731357],[-45.0802259,-3.4735872],[-45.0800235,-3.473813],[-45.0796412,-3.4738356],[-45.0793939,-3.4735196],[-45.0793938,-3.4730229],[-45.0793263,-3.4728423],[-45.0791689,-3.472752],[-45.0789437,-3.4726354],[-45.0786513,-3.4724548],[-45.0785389,-3.4719129],[-45.0785388,-3.4715969],[-45.0786513,-3.4714614],[-45.0786737,-3.4713034],[-45.0785838,-3.4711679],[-45.078353,-3.4711283],[-45.0780325,-3.4709031],[-45.0780004,-3.4702916],[-45.0778977,-3.4689084],[-45.0777222,-3.4685686],[-45.0774965,-3.4683547],[-45.0772333,-3.4680652],[-45.0771079,-3.4680527],[-45.0770189,-3.4681212],[-45.0769935,-3.4682747],[-45.0770445,-3.4686071],[-45.0771973,-3.4689396],[-45.0774011,-3.4695022],[-45.0774267,-3.4701416],[-45.0773248,-3.4705508],[-45.0771465,-3.4708577],[-45.0769937,-3.4710623],[-45.0770192,-3.4714204],[-45.0773504,-3.4715738],[-45.077707,-3.4717017],[-45.0778853,-3.4720085],[-45.0779108,-3.4721876],[-45.0777325,-3.4723666],[-45.077428,-3.4724537],[-45.0768797,-3.4727145],[-45.076418,-3.4729463],[-45.0762449,-3.4731781]]]]}},{"type":"Feature","properties":{"fid":11,"gid":2541.0,"esp_cd":47535.0,"cod_snisb":null,"cod_sar":null,"nmoriginal":null,"nmalternat":null,"nmgenerico":null,"nmligacao":null,"nmespecifi":null,"detipomass":"Natural","dedominial":"Estadual","dedominio":"Corpo Hídrico Estadual","defiscaliz":null,"nmemp":null,"fonmemp":null,"dtreserv":null,"fodtreserv":null,"nuvolumhm3":null,"fonuvolume":null,"nuperimkm":1.49721501037464,"nuareakm2":0.109008481469911,"nuareaha":10.9008481469911,"nucompgeom":1.27880149676728,"usoprinc":null,"fousoprinc":null,"detipoapr":null,"detipomda":"Lago/Lagoa","salinidade":"Doce","regime":"Permanente","nmriocomp":null,"nmufe":"MARANHÃO","nmmun":"CAJARI","defonte":null,"desatelite":null,"deversao":"hid_massa_dagua_a_bc250k_2015","deobs":null,"nuvzreg":null,"nuvzlago":null,"nuvzdeflu":null,"cdtipooper":null,"detipooper":null,"fovzlago":null,"fovzdeflu":null,"fovzreg":null,"cobarprin":null,"cotrecho":null,"nuvzrecebe":null,"nuvztransf":null,"deobsvazao":null,"cocda2013":null,"cocda2017":null},"geometry":{"type":"MultiPolygon","coordinates":[[[[-44.9151972,-3.4180926],[-44.9162744,-3.4178771],[-44.916813,-3.4171231],[-44.9165976,-3.4162613],[-44.9156281,-3.4158304],[-44.9149818,-3.4162613],[-44.9133659,-3.4166922],[-44.9125041,-3.4170153],[-44.9131505,-3.4175539],[-44.9134736,-3.4184157],[-44.9134736,-3.4191698],[-44.9135814,-3.4196007],[-44.9145509,-3.4196007],[-44.9151972,-3.4196007],[-44.9151972,-3.4190621],[-44.9151972,-3.4180926]]]]}},{"type":"Feature","properties":{"fid":12,"gid":723.0,"esp_cd":6430.0,"cod_snisb":null,"cod_sar":null,"nmoriginal":"Lagoa Cajari","nmalternat":null,"nmgenerico":"Lagoa","nmligacao":null,"nmespecifi":"Cajari","detipomass":"Natural","dedominial":"Estadual","dedominio":"Corpo Hídrico Estadual","defiscaliz":null,"nmemp":null,"fonmemp":null,"dtreserv":null,"fodtreserv":null,"nuvolumhm3":null,"fonuvolume":null,"nuperimkm":195.585801218068,"nuareakm2":64.7037631431798,"nuareaha":6470.37631431797,"nucompgeom":6.85680283888362,"usoprinc":null,"fousoprinc":null,"detipoapr":null,"detipomda":null,"salinidade":null,"regime":null,"nmriocomp":null,"nmufe":"MARANHÃO","nmmun":"CAJARI, PENALVA","defonte":"Carta 1:100000","desatelite":"157-104_20050621","deversao":"bho_massa_dagua","deobs":"Tipo de Reservatório alterado para Natural","nuvzreg":null,"nuvzlago":null,"nuvzdeflu":null,"cdtipooper":null,"detipooper":null,"fovzlago":null,"fovzdeflu":null,"fovzreg":null,"cobarprin":null,"cotrecho":null,"nuvzrecebe":null,"nuvztransf":null,"deobsvazao":null,"cocda2013":null,"cocda2017":null},"geometry":{"type":"MultiPolygon","coordinates":[[[[-45.2575167,-3.3374934],[-45.2558105,-3.3368648],[-45.2550937,-3.3269678],[-45.2550257,-3.3260284],[-45.2549335,-3.3260213],[-45.254538,-3.3254921],[-45.253813,-3.3248306],[-45.2536152,-3.3243013],[-45.253154,-3.3242353],[-45.2529564,-3.3245662],[-45.2528248,-3.3254925],[-45.2521002,-3.3262867],[-45.2509801,-3.326287],[-45.2500575,-3.3260887],[-45.2498597,-3.3254933],[-45.2497278,-3.3248317],[-45.2492006,-3.3246333],[-45.2484098,-3.3245012],[-45.2482779,-3.324038],[-45.2482777,-3.3231117],[-45.2483435,-3.3227147],[-45.2486068,-3.321656],[-45.2490006,-3.321524],[-45.2437567,-3.3217156],[-45.2436279,-3.3217207],[-45.2424098,-3.3228006],[-45.2386474,-3.3255528],[-45.2370993,-3.3277149],[-45.2352158,-3.3293332],[-45.2311192,-3.3307934],[-45.2284591,-3.3310104],[-45.2260239,-3.3313357],[-45.2225934,-3.3309567],[-45.2211557,-3.3304149],[-45.2151719,-3.3322006],[-45.2134029,-3.3319802],[-45.2116239,-3.3319832],[-45.2112981,-3.3319839],[-45.2032144,-3.3299924],[-45.2001154,-3.3298818],[-45.1951344,-3.3310175],[-45.1935841,-3.332096],[-45.1871538,-3.3325814],[-45.1780445,-3.3325854],[-45.1731578,-3.3324544],[-45.1739512,-3.3327091],[-45.1747152,-3.3330228],[-45.175112,-3.333184],[-45.1751975,-3.3333727],[-45.1750608,-3.3336644],[-45.1746338,-3.3339904],[-45.1742579,-3.3342822],[-45.174053,-3.3345224],[-45.1740017,-3.3347111],[-45.1740872,-3.3348312],[-45.1742239,-3.3350542],[-45.1743948,-3.3353458],[-45.1744973,-3.3355345],[-45.1745999,-3.335586],[-45.1747878,-3.335586],[-45.1748732,-3.3355173],[-45.1749415,-3.3352943],[-45.1750269,-3.3350369],[-45.1753857,-3.3347967],[-45.175659,-3.3344878],[-45.1759152,-3.334299],[-45.1762227,-3.3340588],[-45.1767524,-3.3340587],[-45.1769232,-3.3342302],[-45.1770942,-3.3345905],[-45.1769063,-3.3349851],[-45.1765647,-3.3356371],[-45.1761203,-3.3362621],[-45.1759894,-3.3368763],[-45.1761207,-3.338017],[-45.1761207,-3.338368],[-45.1758149,-3.3386752],[-45.1755965,-3.3387191],[-45.1754654,-3.3390262],[-45.1755529,-3.3396405],[-45.1758153,-3.3406057],[-45.1763396,-3.3408688],[-45.1767329,-3.3410881],[-45.1769515,-3.34179],[-45.1770389,-3.3422288],[-45.1773012,-3.3427552],[-45.1775635,-3.3437204],[-45.1781317,-3.34451],[-45.1784375,-3.3447293],[-45.1788745,-3.3450802],[-45.1788309,-3.3455628],[-45.1789184,-3.3459138],[-45.1791806,-3.3460893],[-45.1795738,-3.3461331],[-45.179836,-3.3461769],[-45.1800545,-3.3465279],[-45.1800546,-3.3468788],[-45.1805789,-3.3470542],[-45.1811033,-3.347449],[-45.1814967,-3.3480193],[-45.1817151,-3.3480631],[-45.182152,-3.348063],[-45.182589,-3.3479313],[-45.1829822,-3.3480629],[-45.1832443,-3.3479312],[-45.1833753,-3.3475802],[-45.1837249,-3.3474485],[-45.1840308,-3.3476239],[-45.184293,-3.3478433],[-45.1843804,-3.3480187],[-45.1844241,-3.3483697],[-45.1844679,-3.3485452],[-45.1849922,-3.3488084],[-45.1853418,-3.3488083],[-45.185866,-3.348545],[-45.1860844,-3.3482378],[-45.1860843,-3.3477113],[-45.1859532,-3.3474042],[-45.185691,-3.3472726],[-45.1856036,-3.3471849],[-45.1853414,-3.3467024],[-45.1854287,-3.3465268],[-45.1855161,-3.3463952],[-45.1858656,-3.3463951],[-45.1863025,-3.3462634],[-45.1867394,-3.345693],[-45.1870451,-3.3453858],[-45.1876568,-3.3453857],[-45.1882248,-3.3451662],[-45.1886616,-3.3447713],[-45.1890111,-3.3444202],[-45.1896664,-3.3439375],[-45.1905403,-3.3439373],[-45.1918073,-3.3437616],[-45.1928823,-3.3433764],[-45.1938435,-3.3432007],[-45.1945426,-3.3434638],[-45.1953292,-3.3437269],[-45.1962031,-3.3439461],[-45.1969896,-3.3442969],[-45.1972518,-3.3444724],[-45.1978198,-3.3443407],[-45.1979508,-3.3440774],[-45.1986499,-3.3442089],[-45.1992179,-3.3442087],[-45.1997859,-3.3442525],[-45.200485,-3.3443401],[-45.2014027,-3.3448225],[-45.2020145,-3.3455683],[-45.2025826,-3.3458753],[-45.2029759,-3.3463578],[-45.2032818,-3.3467087],[-45.2038063,-3.3472351],[-45.204418,-3.3473666],[-45.2047676,-3.3476297],[-45.2056852,-3.348156],[-45.2060348,-3.3485508],[-45.2058165,-3.3489896],[-45.2052922,-3.3492091],[-45.204899,-3.3494285],[-45.2048775,-3.3495758],[-45.2048469,-3.3497912],[-45.2049389,-3.3498528],[-45.2052761,-3.3499758],[-45.2061343,-3.3500372],[-45.2067167,-3.3500063],[-45.2074484,-3.3495035],[-45.2080855,-3.3491588],[-45.2083795,-3.3489127],[-45.2094088,-3.3489125],[-45.2106341,-3.3485677],[-45.2114673,-3.3484691],[-45.2123986,-3.3484196],[-45.2132809,-3.3486163],[-45.2144081,-3.3483208],[-45.2152413,-3.3479268],[-45.2156823,-3.347533],[-45.2167116,-3.3473851],[-45.2173977,-3.3470897],[-45.2182309,-3.3466958],[-45.2184759,-3.3464989],[-45.2183778,-3.346302],[-45.2181818,-3.346302],[-45.2176916,-3.3462529],[-45.2171035,-3.3463023],[-45.2162702,-3.3463025],[-45.2150939,-3.3461059],[-45.2146527,-3.3458106],[-45.2143585,-3.3454662],[-45.2143584,-3.3450725],[-45.2148485,-3.3448263],[-45.2153877,-3.3449246],[-45.2155838,-3.3450722],[-45.2159759,-3.3451705],[-45.216319,-3.3453673],[-45.2168581,-3.3451704],[-45.2171032,-3.3450226],[-45.2176423,-3.3447764],[-45.2179854,-3.3449732],[-45.2183285,-3.3449239],[-45.2185735,-3.3446286],[-45.2185734,-3.3443333],[-45.2187203,-3.3436934],[-45.2193084,-3.3432011],[-45.2196024,-3.3430042],[-45.2198965,-3.3430041],[-45.2209258,-3.3429055],[-45.221465,-3.343053],[-45.2219551,-3.3429052],[-45.2222,-3.3423638],[-45.2218568,-3.3417733],[-45.2214647,-3.3417241],[-45.2214646,-3.3413304],[-45.2217586,-3.3409858],[-45.2222977,-3.3408872],[-45.2225428,-3.3410348],[-45.2227879,-3.3410348],[-45.223033,-3.3409855],[-45.2232289,-3.3407886],[-45.2231308,-3.3403457],[-45.2231798,-3.3399519],[-45.2234247,-3.3397058],[-45.2234247,-3.3395581],[-45.2234246,-3.3390167],[-45.2234735,-3.3387214],[-45.2231793,-3.3381801],[-45.2230813,-3.3379833],[-45.2234732,-3.3372449],[-45.2235221,-3.3367035],[-45.22362,-3.3360637],[-45.223963,-3.3356699],[-45.224208,-3.3354237],[-45.224355,-3.3351284],[-45.2247229,-3.33447],[-45.2247717,-3.3337809],[-45.2250168,-3.333584],[-45.2254088,-3.3330918],[-45.2257027,-3.3324519],[-45.2262417,-3.3320088],[-45.2266338,-3.3319595],[-45.226683,-3.3324024],[-45.2268791,-3.3326485],[-45.2270751,-3.3327961],[-45.2270752,-3.3331898],[-45.2270264,-3.3338296],[-45.2263893,-3.3343712],[-45.2261443,-3.3348142],[-45.2260955,-3.3355524],[-45.2259486,-3.33634],[-45.2260958,-3.3368321],[-45.2260962,-3.3384563],[-45.2260963,-3.3392437],[-45.2263415,-3.3397358],[-45.2266357,-3.3401295],[-45.2265379,-3.3411139],[-45.2259499,-3.3416062],[-45.2256559,-3.342],[-45.225166,-3.3432797],[-45.22448,-3.3442642],[-45.223696,-3.3450027],[-45.2231084,-3.3451802],[-45.2228044,-3.3454856],[-45.2223991,-3.3457231],[-45.2221627,-3.3460624],[-45.2221627,-3.3462321],[-45.2222642,-3.3467748],[-45.2222642,-3.3470123],[-45.2220559,-3.3472894],[-45.2218657,-3.3472895],[-45.2216545,-3.347438],[-45.2215489,-3.3475865],[-45.2213166,-3.3478412],[-45.2209786,-3.348117],[-45.2206618,-3.3482868],[-45.2204505,-3.3484354],[-45.2204294,-3.3485414],[-45.2205139,-3.3486687],[-45.2207252,-3.3486474],[-45.221021,-3.3485201],[-45.2212744,-3.3483503],[-45.2216336,-3.3481805],[-45.2219505,-3.3482229],[-45.2220909,-3.3484136],[-45.222091,-3.3487585],[-45.2217476,-3.348931],[-45.2210607,-3.3494054],[-45.2208032,-3.3495779],[-45.2204169,-3.3502246],[-45.2200735,-3.3504402],[-45.2198159,-3.3502678],[-45.2199017,-3.3498367],[-45.2198156,-3.3490607],[-45.2198155,-3.3484141],[-45.2197294,-3.3476812],[-45.2193859,-3.3474226],[-45.2189137,-3.347509],[-45.2183557,-3.3479402],[-45.2180552,-3.3482421],[-45.2176688,-3.3482853],[-45.2171966,-3.3484578],[-45.216982,-3.3486734],[-45.2166386,-3.3489321],[-45.2162092,-3.3489322],[-45.2159517,-3.3489754],[-45.2155224,-3.3493204],[-45.2152649,-3.3496222],[-45.2149215,-3.3498378],[-45.2144922,-3.3500104],[-45.21402,-3.3503985],[-45.2138483,-3.3503985],[-45.2134618,-3.3501399],[-45.2128608,-3.3502263],[-45.2124316,-3.3506575],[-45.212217,-3.3511317],[-45.21226,-3.3516922],[-45.2123461,-3.352425],[-45.2123891,-3.3528992],[-45.2121745,-3.3532442],[-45.2121746,-3.3536753],[-45.2124322,-3.3538908],[-45.2129474,-3.3538044],[-45.2135483,-3.3531145],[-45.2142781,-3.3526833],[-45.21497,-3.3527594],[-45.2152117,-3.3531368],[-45.2152924,-3.3535681],[-45.2152924,-3.3539186],[-45.2152389,-3.3544308],[-45.2153464,-3.3548891],[-45.2156149,-3.3550777],[-45.2161787,-3.3554281],[-45.2164205,-3.3557785],[-45.2164474,-3.3561019],[-45.2166891,-3.3563984],[-45.2170649,-3.3563984],[-45.2173602,-3.3562635],[-45.2173909,-3.355973],[-45.2171726,-3.3556992],[-45.2169542,-3.3548227],[-45.2168993,-3.353234],[-45.21739,-3.3520286],[-45.2179901,-3.3518642],[-45.2186995,-3.3523023],[-45.2189724,-3.35285],[-45.2197363,-3.3531786],[-45.2201727,-3.3529593],[-45.2207727,-3.3524114],[-45.2211544,-3.3515895],[-45.2222449,-3.3512736],[-45.2226076,-3.3513806],[-45.2227143,-3.3517019],[-45.2224724,-3.352719],[-45.2220409,-3.3537101],[-45.2212393,-3.3548251],[-45.2212797,-3.355075],[-45.2213862,-3.3551818],[-45.2217695,-3.35531],[-45.2222166,-3.3552672],[-45.2226211,-3.3549036],[-45.2236689,-3.354231],[-45.2242783,-3.353444],[-45.2247398,-3.3533285],[-45.2251606,-3.3532983],[-45.2255213,-3.3533887],[-45.2257017,-3.3537509],[-45.2255516,-3.3543243],[-45.225191,-3.355079],[-45.2246501,-3.3555318],[-45.2245993,-3.3555554],[-45.2244072,-3.355845],[-45.2245033,-3.3561346],[-45.2247918,-3.3564241],[-45.2252244,-3.3565688],[-45.2252245,-3.3569549],[-45.2249424,-3.3571699],[-45.2245403,-3.3572888],[-45.2244931,-3.357455],[-45.224564,-3.3576213],[-45.2248006,-3.3577875],[-45.2247534,-3.3582388],[-45.2244697,-3.3586663],[-45.223973,-3.358714],[-45.2237837,-3.3585715],[-45.2236654,-3.358429],[-45.2235708,-3.358239],[-45.2232633,-3.3580966],[-45.2229084,-3.3580492],[-45.2227192,-3.358073],[-45.2225537,-3.3580968],[-45.2224591,-3.358263],[-45.2225064,-3.3585243],[-45.2230032,-3.3588329],[-45.2235709,-3.3588566],[-45.2240677,-3.3590464],[-45.2243752,-3.3594739],[-45.2243754,-3.3601864],[-45.2241154,-3.3609227],[-45.2238079,-3.3610891],[-45.2235714,-3.3609466],[-45.2232639,-3.3610892],[-45.2231694,-3.3617067],[-45.2233819,-3.3620272],[-45.2236657,-3.3621459],[-45.2239733,-3.3624783],[-45.2240916,-3.3628346],[-45.2242101,-3.3636183],[-45.2242338,-3.3640696],[-45.2242576,-3.3647108],[-45.2243523,-3.3649008],[-45.2246361,-3.3650195],[-45.2249909,-3.3649244],[-45.2251801,-3.3645681],[-45.2253929,-3.3641643],[-45.2257712,-3.3636654],[-45.2262205,-3.3631191],[-45.22693,-3.3628576],[-45.227403,-3.3624775],[-45.2276868,-3.362335],[-45.2281125,-3.3621211],[-45.2286328,-3.3620735],[-45.2290586,-3.3620734],[-45.2292715,-3.3620021],[-45.2292951,-3.3619071],[-45.229295,-3.3617408],[-45.2292477,-3.3616458],[-45.2290821,-3.3615509],[-45.2289402,-3.3614321],[-45.2282779,-3.3613373],[-45.2276866,-3.3613137],[-45.2273317,-3.3612425],[-45.2271897,-3.3609575],[-45.2271423,-3.3603163],[-45.2275442,-3.3593186],[-45.2278042,-3.3587486],[-45.2279933,-3.3583448],[-45.2281589,-3.358226],[-45.22849,-3.3582734],[-45.2288316,-3.3583817],[-45.2290918,-3.3584292],[-45.2293521,-3.3585003],[-45.2296832,-3.358619],[-45.2300853,-3.3586902],[-45.2305584,-3.3586901],[-45.2310314,-3.3586899],[-45.2310314,-3.3585237],[-45.2310314,-3.3584049],[-45.2308421,-3.3582625],[-45.2305582,-3.35812],[-45.2302034,-3.3578589],[-45.2298249,-3.3575977],[-45.2294227,-3.3573128],[-45.2294226,-3.356814],[-45.2297537,-3.3564577],[-45.2299428,-3.3562201],[-45.2299428,-3.3559826],[-45.2297772,-3.3557926],[-45.2298244,-3.3555789],[-45.2299899,-3.3553176],[-45.2302264,-3.3551513],[-45.2305812,-3.354985],[-45.2310069,-3.3551036],[-45.2312435,-3.355341],[-45.2316221,-3.3558397],[-45.2319296,-3.3561722],[-45.2321899,-3.3565046],[-45.2325684,-3.3565045],[-45.2327576,-3.3564807],[-45.2328994,-3.3561957],[-45.2328521,-3.3560294],[-45.2327574,-3.3559107],[-45.2326391,-3.355792],[-45.2324971,-3.3554595],[-45.2323078,-3.3549608],[-45.2324495,-3.3542245],[-45.2324495,-3.3538682],[-45.2324493,-3.3533457],[-45.232331,-3.3531082],[-45.2321418,-3.3529183],[-45.2319052,-3.3526333],[-45.2318104,-3.3520633],[-45.231905,-3.3518258],[-45.232378,-3.3516594],[-45.2328984,-3.3518968],[-45.2331824,-3.3524193],[-45.2336556,-3.3530842],[-45.2340121,-3.3532868],[-45.2343906,-3.3535717],[-45.234769,-3.3535004],[-45.2349582,-3.3533103],[-45.2350291,-3.3531678],[-45.2349345,-3.3530253],[-45.2347452,-3.3529066],[-45.2344377,-3.3527642],[-45.2341538,-3.352408],[-45.2338935,-3.3519806],[-45.2337515,-3.3515056],[-45.2337513,-3.3510068],[-45.2336329,-3.3502231],[-45.2334909,-3.3498193],[-45.2335854,-3.3493918],[-45.2336563,-3.3491068],[-45.2338927,-3.348893],[-45.2341765,-3.3486554],[-45.2345076,-3.3484416],[-45.2348387,-3.3483465],[-45.2351462,-3.3483464],[-45.23543,-3.3483226],[-45.2357848,-3.3483463],[-45.2358795,-3.3485838],[-45.2358559,-3.3488687],[-45.2359269,-3.3490825],[-45.2361398,-3.3492249],[-45.2364,-3.3493436],[-45.2366603,-3.3496523],[-45.2368023,-3.3500561],[-45.2368025,-3.3506736],[-45.2366133,-3.3508636],[-45.2362585,-3.3510775],[-45.2362113,-3.3513387],[-45.2362114,-3.3515287],[-45.2363769,-3.3516237],[-45.2367081,-3.3516236],[-45.2369682,-3.3515761],[-45.2372757,-3.351576],[-45.2376542,-3.3516234],[-45.2378671,-3.3517896],[-45.2379854,-3.3520983],[-45.2378909,-3.3524071],[-45.2376308,-3.3526684],[-45.237276,-3.3527635],[-45.2370158,-3.3528348],[-45.2369213,-3.3530011],[-45.2369923,-3.3531911],[-45.2370633,-3.3532861],[-45.2372525,-3.3534285],[-45.237229,-3.3537848],[-45.2368979,-3.3542124],[-45.2367325,-3.3547112],[-45.2366852,-3.3550675],[-45.2364962,-3.3556375],[-45.2364489,-3.3558513],[-45.2361888,-3.3562314],[-45.2356448,-3.3563978],[-45.2353122,-3.3565069],[-45.235052,-3.3564595],[-45.2348864,-3.3563883],[-45.2345079,-3.3563171],[-45.2344134,-3.3565071],[-45.2344371,-3.3567446],[-45.2344608,-3.3569584],[-45.2346264,-3.3571246],[-45.2348629,-3.3571958],[-45.2349104,-3.3577896],[-45.234603,-3.3583359],[-45.2344375,-3.3586447],[-45.2338699,-3.3587636],[-45.2336334,-3.3588349],[-45.2335862,-3.3592387],[-45.2337755,-3.3596899],[-45.2337519,-3.3599274],[-45.2335627,-3.3601887],[-45.2333499,-3.3603313],[-45.2330425,-3.3607588],[-45.2328061,-3.3612814],[-45.2328771,-3.3615189],[-45.2330428,-3.3617564],[-45.2332319,-3.3617326],[-45.2335631,-3.36159],[-45.2338705,-3.3612337],[-45.2342016,-3.3610673],[-45.234722,-3.3611385],[-45.2350295,-3.3613521],[-45.2352898,-3.3616133],[-45.2355263,-3.3617558],[-45.2359284,-3.3617794],[-45.2360703,-3.3616369],[-45.2360465,-3.3612094],[-45.23581,-3.3610907],[-45.2355971,-3.360877],[-45.235597,-3.3605207],[-45.2358098,-3.3600932],[-45.2360226,-3.3598319],[-45.2363537,-3.3596893],[-45.236401,-3.3595705],[-45.2363536,-3.3594755],[-45.2362353,-3.3592143],[-45.2361643,-3.358953],[-45.2363061,-3.3586443],[-45.2366372,-3.3585967],[-45.2371576,-3.3585965],[-45.2374887,-3.3585252],[-45.2377016,-3.3583826],[-45.2382456,-3.3583825],[-45.2385531,-3.3585249],[-45.2387897,-3.3585961],[-45.2391918,-3.3586435],[-45.2392627,-3.3584298],[-45.2392626,-3.3581923],[-45.239097,-3.3579786],[-45.2390023,-3.3575273],[-45.2391204,-3.3571235],[-45.2391913,-3.3567672],[-45.2394987,-3.3564584],[-45.2398062,-3.3562683],[-45.2400191,-3.3563395],[-45.2402084,-3.3566007],[-45.2402084,-3.356957],[-45.2400667,-3.3574558],[-45.2399958,-3.3579071],[-45.2400668,-3.3581683],[-45.2401378,-3.358382],[-45.2401852,-3.3586195],[-45.2402089,-3.3588808],[-45.2403272,-3.3591658],[-45.2403273,-3.359427],[-45.2401381,-3.3597121],[-45.2400199,-3.3598546],[-45.2397835,-3.3602584],[-45.2397836,-3.3605197],[-45.2398073,-3.3608047],[-45.2399966,-3.3610897],[-45.2403514,-3.3613033],[-45.2408246,-3.3616832],[-45.2409429,-3.362087],[-45.2414397,-3.3622294],[-45.2418891,-3.3622767],[-45.2421729,-3.3619679],[-45.2422437,-3.3614691],[-45.2421253,-3.3610891],[-45.2417469,-3.3608755],[-45.2415103,-3.360733],[-45.2414865,-3.3602818],[-45.2416756,-3.3598542],[-45.2417702,-3.3596404],[-45.2418647,-3.3592366],[-45.2419829,-3.3589041],[-45.2420182,-3.3584685],[-45.2422547,-3.3583497],[-45.2426804,-3.3583495],[-45.2430826,-3.3587769],[-45.2434611,-3.3587769],[-45.2438868,-3.3585155],[-45.2444307,-3.3583729],[-45.2447855,-3.3583015],[-45.2449274,-3.3581827],[-45.2451166,-3.3579214],[-45.2451165,-3.3577077],[-45.2448562,-3.357304],[-45.2444777,-3.3570666],[-45.2440518,-3.3565679],[-45.2438389,-3.3564492],[-45.2433422,-3.3563781],[-45.2430111,-3.3565682],[-45.2424671,-3.3566158],[-45.2422305,-3.3563071],[-45.2422068,-3.3560696],[-45.2421594,-3.3558321],[-45.2418519,-3.3556422],[-45.2414735,-3.3556423],[-45.2413315,-3.3554998],[-45.2412132,-3.3552623],[-45.2412131,-3.3548348],[-45.2411657,-3.3544311],[-45.2414257,-3.3540272],[-45.2415913,-3.3538134],[-45.242017,-3.3537183],[-45.2426794,-3.3539794],[-45.2431525,-3.3544543],[-45.243602,-3.3545967],[-45.2438857,-3.3543591],[-45.2442168,-3.3542165],[-45.2445007,-3.3542165],[-45.2446662,-3.3542164],[-45.2447845,-3.3540976],[-45.2447607,-3.3537889],[-45.2445951,-3.3535039],[-45.2443821,-3.353219],[-45.2439563,-3.3530053],[-45.2435069,-3.3529817],[-45.2432704,-3.3528155],[-45.2432703,-3.352578],[-45.2431283,-3.3523168],[-45.2432702,-3.3519605],[-45.2435067,-3.3518179],[-45.2440979,-3.3516753],[-45.2446418,-3.3512476],[-45.2449966,-3.351105],[-45.245375,-3.3508437],[-45.245706,-3.3505586],[-45.2458242,-3.350321],[-45.2456586,-3.3500361],[-45.2453274,-3.3498461],[-45.2445469,-3.3498701],[-45.2441211,-3.3499414],[-45.2439916,-3.3499415],[-45.2436989,-3.3497736],[-45.2432992,-3.3491393],[-45.2429664,-3.3486716],[-45.2429854,-3.3480772],[-45.2430181,-3.3477155],[-45.243018,-3.3474196],[-45.2429197,-3.3472224],[-45.2423958,-3.3472554],[-45.2419374,-3.347387],[-45.2415772,-3.3473542],[-45.241348,-3.3469926],[-45.2414461,-3.3466638],[-45.2418717,-3.346302],[-45.2422318,-3.3459074],[-45.2422644,-3.3455786],[-45.2426245,-3.345151],[-45.2431811,-3.345118],[-45.243476,-3.345644],[-45.2435088,-3.345907],[-45.2434434,-3.3462687],[-45.2436726,-3.346466],[-45.2439346,-3.3466303],[-45.2446222,-3.3466301],[-45.2452116,-3.34663],[-45.2457356,-3.3467285],[-45.2460629,-3.3464325],[-45.2462593,-3.3462351],[-45.2463575,-3.3459721],[-45.2461282,-3.3456762],[-45.2457352,-3.3454462],[-45.2453095,-3.344986],[-45.2450146,-3.3444929],[-45.2448507,-3.3436709],[-45.245047,-3.3430461],[-45.244922,-3.342433],[-45.2445266,-3.3420361],[-45.2444606,-3.341573],[-45.244065,-3.3407791],[-45.2437354,-3.3403822],[-45.2432081,-3.3392575],[-45.2430761,-3.3384635],[-45.2432077,-3.3380003],[-45.2441302,-3.3379339],[-45.2447892,-3.3383307],[-45.2456459,-3.3387275],[-45.2468979,-3.3389919],[-45.2476229,-3.339521],[-45.2476231,-3.3403812],[-45.2474915,-3.3408444],[-45.2472939,-3.3413738],[-45.2473599,-3.3419031],[-45.2474918,-3.3421677],[-45.2478871,-3.3421676],[-45.2482824,-3.3419028],[-45.2486118,-3.3415058],[-45.2492706,-3.3412409],[-45.2498636,-3.3411084],[-45.2502589,-3.3407113],[-45.2509837,-3.3405127],[-45.2517085,-3.3406448],[-45.2519063,-3.3409094],[-45.2523017,-3.341174],[-45.252763,-3.3413062],[-45.2529606,-3.3409753],[-45.2527628,-3.3405784],[-45.2526309,-3.3401814],[-45.2523672,-3.3395198],[-45.252367,-3.3391228],[-45.2524327,-3.3383288],[-45.2521032,-3.3381304],[-45.2515102,-3.3381967],[-45.251049,-3.3381968],[-45.2502582,-3.3379985],[-45.2497309,-3.3374032],[-45.2492695,-3.3369401],[-45.2490059,-3.3364109],[-45.2492035,-3.33608],[-45.25006,-3.3358151],[-45.2506531,-3.3362119],[-45.2509168,-3.3364765],[-45.2512463,-3.3366088],[-45.2518393,-3.3366748],[-45.2523005,-3.33641],[-45.2523662,-3.3358145],[-45.252366,-3.3349543],[-45.2519704,-3.3338297],[-45.2517725,-3.3330357],[-45.2509817,-3.3327712],[-45.2504546,-3.3328375],[-45.2498615,-3.3327715],[-45.2496637,-3.3321099],[-45.2494659,-3.331713],[-45.2494658,-3.331316],[-45.2498611,-3.3308527],[-45.2503222,-3.3304556],[-45.2507174,-3.3299923],[-45.250915,-3.3296615],[-45.251508,-3.329529],[-45.2519035,-3.3299259],[-45.2521013,-3.330389],[-45.2524308,-3.3305212],[-45.2530237,-3.3303887],[-45.2535508,-3.3300578],[-45.2542097,-3.3301238],[-45.2548028,-3.3304544],[-45.2548691,-3.3317777],[-45.2549351,-3.3322409],[-45.2547377,-3.3332996],[-45.2548696,-3.3338951],[-45.255265,-3.3341596],[-45.2555288,-3.3348874],[-45.2553313,-3.3354829],[-45.2551998,-3.3365416],[-45.2552,-3.3375341],[-45.2557932,-3.3381956],[-45.2563206,-3.3390556],[-45.2567821,-3.340048],[-45.2573752,-3.340511],[-45.2581659,-3.3404446],[-45.2583635,-3.3399152],[-45.2583051,-3.3388072],[-45.2575167,-3.3374934]],[[-45.2414932,-3.3257224],[-45.2418715,-3.3257603],[-45.2419472,-3.3260261],[-45.2417581,-3.3262921],[-45.2413799,-3.3264821],[-45.2413042,-3.3265581],[-45.2412814,-3.3267186],[-45.2413373,-3.326812],[-45.2414676,-3.3268307],[-45.2415793,-3.3267933],[-45.2418958,-3.326868],[-45.2420261,-3.3270923],[-45.2419518,-3.3274474],[-45.242045,-3.3282512],[-45.2420824,-3.3286437],[-45.2422686,-3.3288867],[-45.2425478,-3.3289053],[-45.2427712,-3.3288866],[-45.2429015,-3.3286996],[-45.2431062,-3.3285874],[-45.2435557,-3.3285816],[-45.244032,-3.3286113],[-45.2444786,-3.3287906],[-45.2448657,-3.3291193],[-45.2450741,-3.329478],[-45.2449552,-3.3301356],[-45.2446279,-3.3306738],[-45.2440669,-3.3310398],[-45.2435374,-3.3314958],[-45.2433105,-3.3321416],[-45.243235,-3.3327494],[-45.2429325,-3.3331673],[-45.2426678,-3.3335853],[-45.2423653,-3.3340412],[-45.2418357,-3.3343072],[-45.2413439,-3.3342313],[-45.2409277,-3.3337756],[-45.240625,-3.3334718],[-45.240171,-3.333168],[-45.2396414,-3.3331681],[-45.2391118,-3.3332822],[-45.2388092,-3.3336242],[-45.2385067,-3.3339661],[-45.2381284,-3.3341182],[-45.2374097,-3.3342323],[-45.2365017,-3.3339666],[-45.2358207,-3.3336629],[-45.2352532,-3.3331692],[-45.2352531,-3.3326374],[-45.23548,-3.3324474],[-45.2354799,-3.3321435],[-45.2353285,-3.3315738],[-45.2348745,-3.3314219],[-45.2348744,-3.331118],[-45.2349122,-3.3308141],[-45.2351769,-3.3306621],[-45.235593,-3.3304721],[-45.2357821,-3.3301302],[-45.2363494,-3.3297502],[-45.2369925,-3.32975],[-45.2371818,-3.3303198],[-45.2374089,-3.3306996],[-45.2377872,-3.3307375],[-45.2379384,-3.3304335],[-45.2379005,-3.3300537],[-45.2378626,-3.3297878],[-45.2380517,-3.3294839],[-45.2381651,-3.3293319],[-45.2383163,-3.329028],[-45.2383919,-3.3284961],[-45.2387323,-3.3283821],[-45.2389215,-3.328382],[-45.2391106,-3.328268],[-45.2391483,-3.3280021],[-45.2391861,-3.3276222],[-45.23964,-3.3273942],[-45.2399047,-3.3273182],[-45.2398669,-3.3270523],[-45.2397911,-3.3268624],[-45.2398667,-3.3265964],[-45.2401315,-3.3263305],[-45.2406232,-3.3259885],[-45.2411149,-3.3258364],[-45.2414932,-3.3257224]]],[[[-45.2546845,-3.3213164],[-45.2508471,-3.3214566],[-45.2508471,-3.3215231],[-45.2509132,-3.3222509],[-45.2509791,-3.3225155],[-45.2513087,-3.3228463],[-45.2517699,-3.3229123],[-45.2519675,-3.3225153],[-45.2519674,-3.3221844],[-45.2523627,-3.3218535],[-45.2527581,-3.3220519],[-45.2528899,-3.3221842],[-45.2534829,-3.3221841],[-45.2545372,-3.3221838],[-45.2547488,-3.322205],[-45.2546845,-3.3213164]]]]}},{"type":"Feature","properties":{"fid":13,"gid":24084.0,"esp_cd":53807.0,"cod_snisb":null,"cod_sar":null,"nmoriginal":"Rio Pindaré-Mirim","nmalternat":null,"nmgenerico":"Rio","nmligacao":null,"nmespecifi":"Pindaré-Mirim","detipomass":"Natural","dedominial":"Estadual","dedominio":"Corpo Hídrico Estadual","defiscaliz":null,"nmemp":null,"fonmemp":null,"dtreserv":null,"fodtreserv":null,"nuvolumhm3":null,"fonuvolume":null,"nuperimkm":80.3633775130636,"nuareakm2":17.4526993927846,"nuareaha":1745.26993927846,"nucompgeom":5.42470324180177,"usoprinc":null,"fousoprinc":null,"detipoapr":null,"detipomda":"Rio","salinidade":"Doce","regime":null,"nmriocomp":"Rio Pindaré-Mirim","nmufe":"MARANHÃO","nmmun":"ARARI, CAJARI, VIANA","defonte":null,"desatelite":null,"deversao":"hid_trecho_massa_dagua_a_bc250k_2015","deobs":null,"nuvzreg":null,"nuvzlago":null,"nuvzdeflu":null,"cdtipooper":null,"detipooper":null,"fovzlago":null,"fovzdeflu":null,"fovzreg":null,"cobarprin":null,"cotrecho":null,"nuvzrecebe":null,"nuvztransf":null,"deobsvazao":null,"cocda2013":"722","cocda2017":"722"},"geometry":{"type":"MultiPolygon","coordinates":[[[[-44.9392718,-3.2882413],[-44.9394798,-3.288484],[-44.9396726,-3.2889465],[-44.9398268,-3.2896404],[-44.9399809,-3.2900644],[-44.9402122,-3.2904884],[-44.940405,-3.2908353],[-44.9407904,-3.2912979],[-44.9412915,-3.2918375],[-44.9412915,-3.2923771],[-44.9413301,-3.2929553],[-44.9409446,-3.2933023],[-44.9405206,-3.2935335],[-44.9400195,-3.2935335],[-44.9399106,-3.29347],[-44.9395162,-3.2940588],[-44.9374096,-3.2935645],[-44.9377947,-3.2939496],[-44.9387712,-3.2944636],[-44.939388,-3.2948747],[-44.9401075,-3.2950289],[-44.9407756,-3.2949775],[-44.9414951,-3.2947719],[-44.9420091,-3.2944122],[-44.9420605,-3.2934871],[-44.9421119,-3.292305],[-44.9421633,-3.2912257],[-44.9418035,-3.2905576],[-44.9412896,-3.290095],[-44.9409298,-3.2895297],[-44.940827,-3.2887587],[-44.9407756,-3.2882962],[-44.94057,-3.2877822],[-44.9403645,-3.2875767],[-44.9399583,-3.2874225],[-44.9392721,-3.2874062],[-44.9392718,-3.2882413]]],[[[-44.929046,-3.2916707],[-44.9281574,-3.292404],[-44.9281473,-3.2925129],[-44.9281473,-3.2927626],[-44.92834,-3.2935335],[-44.9287255,-3.2944201],[-44.9296506,-3.2956921],[-44.9307299,-3.2967714],[-44.9318862,-3.2980049],[-44.9323103,-3.2984674],[-44.9327728,-3.2988529],[-44.9328499,-3.2993155],[-44.9327728,-3.2999707],[-44.9325801,-3.3003562],[-44.9323873,-3.300626],[-44.9321299,-3.3008835],[-44.9321545,-3.3009778],[-44.9305488,-3.3024003],[-44.929516,-3.3031755],[-44.9301369,-3.3030979],[-44.9307536,-3.3030979],[-44.9316787,-3.3027381],[-44.9322955,-3.3023784],[-44.9329636,-3.301813],[-44.9333748,-3.3014019],[-44.9336317,-3.300631],[-44.9338373,-3.2995003],[-44.9336317,-3.2986266],[-44.9332206,-3.2977528],[-44.9320899,-3.2967249],[-44.9314217,-3.2956971],[-44.9305994,-3.2947719],[-44.9297257,-3.293744],[-44.9293146,-3.2929217],[-44.9293146,-3.2921508],[-44.9294674,-3.2916156],[-44.929046,-3.2916707]]],[[[-44.9257432,-3.3056918],[-44.9241308,-3.3065596],[-44.9229662,-3.307068],[-44.9207691,-3.3074312],[-44.9185994,-3.3073481],[-44.9172892,-3.3071289],[-44.9165449,-3.3070247],[-44.9164627,-3.3069906],[-44.9160478,-3.3069212],[-44.9153092,-3.3065123],[-44.9149645,-3.3063694],[-44.9145408,-3.3060869],[-44.908265,-3.3026128],[-44.9069356,-3.3017657],[-44.9047543,-3.3008372],[-44.9052104,-3.3012477],[-44.9058271,-3.3019158],[-44.906598,-3.3025326],[-44.9078315,-3.3033035],[-44.9090136,-3.3041772],[-44.9101443,-3.3049995],[-44.9114805,-3.3058218],[-44.9129196,-3.3066956],[-44.9145128,-3.3078262],[-44.9154893,-3.3081346],[-44.9163117,-3.3083402],[-44.9174937,-3.308443],[-44.919087,-3.3083402],[-44.920526,-3.3082374],[-44.9216053,-3.308186],[-44.9222735,-3.3080832],[-44.9230958,-3.307929],[-44.9237125,-3.3075693],[-44.9243293,-3.3072609],[-44.9247918,-3.3069011],[-44.9256141,-3.306233],[-44.9263337,-3.3056163],[-44.9268061,-3.3050494],[-44.9257432,-3.3056918]]],[[[-44.9027907,-3.3003161],[-44.901601,-3.3003259],[-44.8996528,-3.3007324],[-44.8976304,-3.3016563],[-44.89638,-3.3016181],[-44.8954076,-3.2998151],[-44.8959034,-3.2977647],[-44.8967949,-3.2958276],[-44.8965114,-3.2949433],[-44.8962163,-3.2954915],[-44.8958051,-3.295954],[-44.8950856,-3.2966222],[-44.8949828,-3.2972389],[-44.8947258,-3.298421],[-44.8949314,-3.2996031],[-44.8952398,-3.3005796],[-44.8959593,-3.3017103],[-44.896833,-3.3021214],[-44.8977067,-3.3026354],[-44.8986832,-3.3027895],[-44.8989916,-3.3025326],[-44.8999681,-3.3016075],[-44.9012016,-3.3010935],[-44.9020753,-3.3004768],[-44.9027434,-3.300374],[-44.9029667,-3.3003537],[-44.9027907,-3.3003161]]],[[[-44.8941864,-3.2936481],[-44.8930412,-3.293811],[-44.8911012,-3.2935148],[-44.8905432,-3.2934294],[-44.8891509,-3.2920834],[-44.8880139,-3.2904638],[-44.8859335,-3.2871256],[-44.8850172,-3.2850901],[-44.8838511,-3.2835069],[-44.8842712,-3.2816505],[-44.8846467,-3.2815808],[-44.8848599,-3.2810831],[-44.8852839,-3.2809289],[-44.8860549,-3.2809289],[-44.8869414,-3.2813529],[-44.8873075,-3.2816612],[-44.8875985,-3.2817761],[-44.8898774,-3.2818145],[-44.8910418,-3.2802327],[-44.8910158,-3.2796187],[-44.8906656,-3.2799188],[-44.8901003,-3.2803814],[-44.8897405,-3.280587],[-44.8890724,-3.2804842],[-44.8886098,-3.2801244],[-44.88825,-3.2797646],[-44.8874277,-3.2794049],[-44.8863998,-3.2792507],[-44.8853719,-3.2793535],[-44.884344,-3.2797132],[-44.8837787,-3.2800216],[-44.8830592,-3.2806897],[-44.8828022,-3.2814607],[-44.8828536,-3.2828997],[-44.8830078,-3.2841332],[-44.8835731,-3.286446],[-44.8846524,-3.2880392],[-44.8854233,-3.2891185],[-44.8859887,-3.2900436],[-44.886554,-3.2907117],[-44.8870166,-3.2911743],[-44.8875819,-3.291791],[-44.8884556,-3.2927675],[-44.8892266,-3.2933843],[-44.8898433,-3.2939496],[-44.8907684,-3.2943608],[-44.8916935,-3.294515],[-44.8924644,-3.2944122],[-44.8934409,-3.2943608],[-44.8939549,-3.2942066],[-44.8944688,-3.2940524],[-44.8949828,-3.2938468],[-44.8950995,-3.2938182],[-44.8941864,-3.2936481]]],[[[-44.8884624,-3.2762497],[-44.8864932,-3.2769856],[-44.8848253,-3.2782217],[-44.883604,-3.2788367],[-44.8824345,-3.2792075],[-44.8799901,-3.2795516],[-44.8787746,-3.2802687],[-44.8784998,-3.2805435],[-44.8774976,-3.2817384],[-44.8764183,-3.2828562],[-44.875686,-3.2835115],[-44.8749921,-3.2838199],[-44.8741056,-3.2838584],[-44.873946,-3.2838416],[-44.873743,-3.2839468],[-44.8727141,-3.2836963],[-44.8726627,-3.2851574],[-44.872883,-3.2852125],[-44.8745276,-3.2852639],[-44.8760181,-3.2850583],[-44.8770974,-3.2845444],[-44.8781767,-3.2840304],[-44.8789476,-3.2834137],[-44.8792559,-3.2830025],[-44.8796157,-3.2822316],[-44.8802324,-3.2812551],[-44.8810034,-3.2804842],[-44.8814145,-3.2801758],[-44.8821341,-3.2797646],[-44.882905,-3.2795077],[-44.8838301,-3.2793535],[-44.885115,-3.2787881],[-44.8860401,-3.278377],[-44.8868624,-3.2779658],[-44.8873763,-3.2776061],[-44.8880445,-3.2772463],[-44.888507,-3.2768351],[-44.8890637,-3.276464],[-44.8884624,-3.2762497]]]]}},{"type":"Feature","properties":{"fid":14,"gid":56528.0,"esp_cd":32739.0,"cod_snisb":null,"cod_sar":null,"nmoriginal":null,"nmalternat":null,"nmgenerico":null,"nmligacao":null,"nmespecifi":null,"detipomass":"Natural","dedominial":"Estadual","dedominio":"Corpo Hídrico Estadual","defiscaliz":null,"nmemp":null,"fonmemp":null,"dtreserv":null,"fodtreserv":null,"nuvolumhm3":null,"fonuvolume":null,"nuperimkm":2.04389508813535,"nuareakm2":0.089194862995455,"nuareaha":8.91948629954547,"nucompgeom":1.92991324597023,"usoprinc":null,"fousoprinc":null,"detipoapr":null,"detipomda":null,"salinidade":null,"regime":null,"nmriocomp":null,"nmufe":"MARANHÃO","nmmun":"CAJARI","defonte":null,"desatelite":"157-104_20050621","deversao":"bho_massa_dagua_20","deobs":"Atualizada geometria em 09/2016","nuvzreg":null,"nuvzlago":null,"nuvzdeflu":null,"cdtipooper":null,"detipooper":null,"fovzlago":null,"fovzdeflu":null,"fovzreg":null,"cobarprin":null,"cotrecho":null,"nuvzrecebe":null,"nuvztransf":null,"deobsvazao":null,"cocda2013":null,"cocda2017":null},"geometry":{"type":"MultiPolygon","coordinates":[[[[-45.0251481,-3.2992544],[-45.0250271,-3.2992655],[-45.024763,-3.2992213],[-45.0245318,-3.299177],[-45.0243227,-3.2991107],[-45.0241136,-3.298956],[-45.0239375,-3.298757],[-45.0236734,-3.298558],[-45.0234753,-3.2984917],[-45.0233212,-3.2985249],[-45.0231562,-3.2986465],[-45.0230241,-3.2988565],[-45.0229141,-3.2991108],[-45.0228754,-3.299312],[-45.0228051,-3.2996124],[-45.0227172,-3.2999658],[-45.022682,-3.3001601],[-45.0227196,-3.3003323],[-45.0228403,-3.3004075],[-45.022981,-3.3004251],[-45.0231745,-3.3004958],[-45.0232976,-3.3006371],[-45.0235087,-3.3006725],[-45.0236846,-3.3006725],[-45.0239132,-3.3005311],[-45.0241243,-3.3002484],[-45.0242474,-3.299948],[-45.0245288,-3.299789],[-45.0248103,-3.2997537],[-45.0251269,-3.299789],[-45.0251972,-3.2999127],[-45.0252324,-3.300054],[-45.0252324,-3.300213],[-45.0251796,-3.3004074],[-45.0250565,-3.3006018],[-45.0248982,-3.3007078],[-45.0247751,-3.3008138],[-45.0247048,-3.3009198],[-45.0246168,-3.3010611],[-45.0245816,-3.3011848],[-45.0245816,-3.3013085],[-45.0247224,-3.3014322],[-45.0248631,-3.3014498],[-45.0250917,-3.3013085],[-45.0253907,-3.3012025],[-45.0257249,-3.3010081],[-45.0260239,-3.3007784],[-45.0261646,-3.300425],[-45.0261295,-3.2998773],[-45.0259008,-3.2991883],[-45.0259359,-3.2986936],[-45.0259359,-3.2981989],[-45.0257952,-3.2978278],[-45.0255489,-3.2973861],[-45.0252499,-3.2970681],[-45.0250564,-3.2968738],[-45.0245991,-3.2967854],[-45.0243881,-3.2968031],[-45.0242825,-3.2968738],[-45.0242649,-3.2969798],[-45.0242825,-3.2972095],[-45.0243881,-3.2974215],[-45.0245288,-3.2976512],[-45.024775,-3.2978809],[-45.0250389,-3.2981459],[-45.0251444,-3.2984109],[-45.0253379,-3.2987466],[-45.0253379,-3.2989939],[-45.0252362,-3.2991991],[-45.0251481,-3.2992544]]]]}},{"type":"Feature","properties":{"fid":15,"gid":9326.0,"esp_cd":32737.0,"cod_snisb":null,"cod_sar":null,"nmoriginal":null,"nmalternat":null,"nmgenerico":null,"nmligacao":null,"nmespecifi":null,"detipomass":"Natural","dedominial":"Estadual","dedominio":"Corpo Hídrico Estadual","defiscaliz":null,"nmemp":null,"fonmemp":null,"dtreserv":null,"fodtreserv":null,"nuvolumhm3":null,"fonuvolume":null,"nuperimkm":1.7804119397036,"nuareakm2":0.117946063189005,"nuareaha":11.7946063189004,"nucompgeom":1.46193438731258,"usoprinc":null,"fousoprinc":null,"detipoapr":null,"detipomda":null,"salinidade":null,"regime":null,"nmriocomp":null,"nmufe":"MARANHÃO","nmmun":"CAJARI","defonte":null,"desatelite":"157-104_20050621","deversao":"bho_massa_dagua_20","deobs":"Atualizada geometria em 09/2016","nuvzreg":null,"nuvzlago":null,"nuvzdeflu":null,"cdtipooper":null,"detipooper":null,"fovzlago":null,"fovzdeflu":null,"fovzreg":null,"cobarprin":null,"cotrecho":null,"nuvzrecebe":null,"nuvztransf":null,"deobsvazao":null,"cocda2013":null,"cocda2017":null},"geometry":{"type":"MultiPolygon","coordinates":[[[[-45.0143755,-3.337679],[-45.0145708,-3.3378261],[-45.0147295,-3.3379978],[-45.0148272,-3.3381694],[-45.0149859,-3.3383533],[-45.0150958,-3.3385618],[-45.0153643,-3.3387702],[-45.0154742,-3.3389541],[-45.0155962,-3.3391626],[-45.015816,-3.3393955],[-45.0161578,-3.3396407],[-45.0163897,-3.3398614],[-45.0167071,-3.3400331],[-45.0169757,-3.3400821],[-45.0175372,-3.3400331],[-45.0180743,-3.3399472],[-45.0183306,-3.3398369],[-45.0185626,-3.3396652],[-45.0190753,-3.3395794],[-45.0192461,-3.3395426],[-45.0193682,-3.3394568],[-45.0194781,-3.3392606],[-45.0194781,-3.3390154],[-45.0195757,-3.3387824],[-45.0196612,-3.3385862],[-45.0197954,-3.33839],[-45.0198687,-3.3380344],[-45.0198809,-3.3377647],[-45.0197832,-3.3376298],[-45.0195513,-3.3376053],[-45.0194048,-3.3376421],[-45.0191118,-3.3377279],[-45.0190142,-3.337777],[-45.0187212,-3.3380345],[-45.0186358,-3.3382061],[-45.0184771,-3.3383287],[-45.018355,-3.3384268],[-45.018062,-3.3384882],[-45.0178667,-3.3384759],[-45.0177202,-3.338341],[-45.017586,-3.3378383],[-45.0175127,-3.3376176],[-45.0172686,-3.3375318],[-45.0170488,-3.3375318],[-45.016939,-3.3376053],[-45.0167803,-3.3376789],[-45.0166094,-3.3377157],[-45.0163775,-3.3376912],[-45.0161822,-3.3375318],[-45.0159258,-3.3374337],[-45.0155108,-3.3372988],[-45.01523,-3.3372498],[-45.0150469,-3.3372253],[-45.0149492,-3.3372008],[-45.0148516,-3.3371517],[-45.0146929,-3.3370782],[-45.0144854,-3.3370659],[-45.0142168,-3.3370414],[-45.0140581,-3.3370659],[-45.0138995,-3.3371517],[-45.0138506,-3.3372621],[-45.013875,-3.3373847],[-45.0139605,-3.3374337],[-45.0143755,-3.337679]]]]}},{"type":"Feature","properties":{"fid":16,"gid":44045.0,"esp_cd":32762.0,"cod_snisb":null,"cod_sar":null,"nmoriginal":null,"nmalternat":null,"nmgenerico":null,"nmligacao":null,"nmespecifi":null,"detipomass":"Natural","dedominial":"Estadual","dedominio":"Corpo Hídrico Estadual","defiscaliz":null,"nmemp":null,"fonmemp":null,"dtreserv":null,"fodtreserv":null,"nuvolumhm3":null,"fonuvolume":null,"nuperimkm":1.09410403955218,"nuareakm2":0.073072965918572,"nuareaha":7.30729659185721,"nucompgeom":1.14137764521998,"usoprinc":null,"fousoprinc":null,"detipoapr":null,"detipomda":null,"salinidade":null,"regime":null,"nmriocomp":null,"nmufe":"MARANHÃO","nmmun":"CAJARI, MONÇÃO","defonte":null,"desatelite":"157-104_20050621","deversao":"bho_massa_dagua_20","deobs":"Atualizada geometria em 09/2016","nuvzreg":null,"nuvzlago":null,"nuvzdeflu":null,"cdtipooper":null,"detipooper":null,"fovzlago":null,"fovzdeflu":null,"fovzreg":null,"cobarprin":null,"cotrecho":null,"nuvzrecebe":null,"nuvztransf":null,"deobsvazao":null,"cocda2013":null,"cocda2017":null},"geometry":{"type":"MultiPolygon","coordinates":[[[[-45.1249972,-3.5220273],[-45.1252277,-3.5215631],[-45.1249795,-3.5215394],[-45.1247812,-3.521566],[-45.1246754,-3.5217121],[-45.1245962,-3.5219643],[-45.1246094,-3.5223891],[-45.1245963,-3.5228669],[-45.1245963,-3.5232784],[-45.1245965,-3.5232805],[-45.1249972,-3.5220273]]]]}},{"type":"Feature","properties":{"fid":17,"gid":56526.0,"esp_cd":32752.0,"cod_snisb":null,"cod_sar":null,"nmoriginal":null,"nmalternat":null,"nmgenerico":null,"nmligacao":null,"nmespecifi":null,"detipomass":"Natural","dedominial":"Estadual","dedominio":"Corpo Hídrico Estadual","defiscaliz":null,"nmemp":null,"fonmemp":null,"dtreserv":null,"fodtreserv":null,"nuvolumhm3":null,"fonuvolume":null,"nuperimkm":1.29178519814854,"nuareakm2":0.073557827032683,"nuareaha":7.35578270326833,"nucompgeom":1.34315139219734,"usoprinc":null,"fousoprinc":null,"detipoapr":null,"detipomda":null,"salinidade":null,"regime":null,"nmriocomp":null,"nmufe":"MARANHÃO","nmmun":"CAJARI","defonte":null,"desatelite":"157-104_20050621","deversao":"bho_massa_dagua_20","deobs":"Atualizada geometria em 09/2016","nuvzreg":null,"nuvzlago":null,"nuvzdeflu":null,"cdtipooper":null,"detipooper":null,"fovzlago":null,"fovzdeflu":null,"fovzreg":null,"cobarprin":null,"cotrecho":null,"nuvzrecebe":null,"nuvztransf":null,"deobsvazao":null,"cocda2013":null,"cocda2017":null},"geometry":{"type":"MultiPolygon","coordinates":[[[[-45.0558996,-3.4564866],[-45.0558407,-3.4567629],[-45.0557916,-3.4569405],[-45.055713,-3.4571181],[-45.0556443,-3.4573055],[-45.0555853,-3.4575127],[-45.0555755,-3.4576509],[-45.0555952,-3.4577298],[-45.0556639,-3.4578186],[-45.0557524,-3.4578482],[-45.0558604,-3.4578383],[-45.0560372,-3.4576212],[-45.0562042,-3.4575127],[-45.0563614,-3.457493],[-45.0565481,-3.4573647],[-45.0566463,-3.4571575],[-45.0568722,-3.4569305],[-45.0570883,-3.4567825],[-45.0574322,-3.4566937],[-45.0577171,-3.4567036],[-45.0579234,-3.456674],[-45.0581886,-3.4566542],[-45.0583654,-3.4566049],[-45.0584735,-3.4565161],[-45.0585324,-3.4563483],[-45.0585815,-3.4561609],[-45.0586208,-3.4559734],[-45.0585717,-3.4557859],[-45.0585029,-3.4555886],[-45.0584832,-3.4553124],[-45.0585225,-3.4550164],[-45.0586207,-3.45475],[-45.05866,-3.4546118],[-45.0586993,-3.454375],[-45.0586797,-3.454227],[-45.0585421,-3.4539311],[-45.058434,-3.4537732],[-45.0582277,-3.4536943],[-45.0580902,-3.4537239],[-45.0580018,-3.4538028],[-45.0579134,-3.4538818],[-45.0577562,-3.4540594],[-45.057658,-3.4541679],[-45.057491,-3.4542863],[-45.0573927,-3.4543751],[-45.0572945,-3.4545132],[-45.0572356,-3.4547007],[-45.057157,-3.4549474],[-45.05699,-3.4552138],[-45.0566167,-3.4555789],[-45.0563908,-3.4557861],[-45.0562926,-3.4558847],[-45.0561648,-3.4559834],[-45.0560077,-3.4561413],[-45.0559389,-3.4562893],[-45.0558996,-3.4564866]]]]}},{"type":"Feature","properties":{"fid":18,"gid":56291.0,"esp_cd":32742.0,"cod_snisb":null,"cod_sar":null,"nmoriginal":null,"nmalternat":null,"nmgenerico":null,"nmligacao":null,"nmespecifi":null,"detipomass":"Natural","dedominial":"Estadual","dedominio":"Corpo Hídrico Estadual","defiscaliz":null,"nmemp":null,"fonmemp":null,"dtreserv":null,"fodtreserv":null,"nuvolumhm3":null,"fonuvolume":null,"nuperimkm":1.75953278156593,"nuareakm2":0.074669732302236,"nuareaha":7.46697323022357,"nucompgeom":1.81582576329517,"usoprinc":null,"fousoprinc":null,"detipoapr":null,"detipomda":null,"salinidade":null,"regime":null,"nmriocomp":null,"nmufe":"MARANHÃO","nmmun":"CAJARI","defonte":null,"desatelite":"157-104_20050621","deversao":"bho_massa_dagua_20","deobs":"Atualizada geometria em 09/2016","nuvzreg":null,"nuvzlago":null,"nuvzdeflu":null,"cdtipooper":null,"detipooper":null,"fovzlago":null,"fovzdeflu":null,"fovzreg":null,"cobarprin":null,"cotrecho":null,"nuvzrecebe":null,"nuvztransf":null,"deobsvazao":null,"cocda2013":null,"cocda2017":null},"geometry":{"type":"MultiPolygon","coordinates":[[[[-45.1402964,-3.3669373],[-45.1403656,-3.3670068],[-45.1405156,-3.3670068],[-45.1407577,-3.3670068],[-45.1409077,-3.366972],[-45.141369,-3.3670298],[-45.1416573,-3.367053],[-45.1419686,-3.3670529],[-45.1422339,-3.3671571],[-45.1423377,-3.3673193],[-45.1424646,-3.3675394],[-45.1425108,-3.3677826],[-45.1425915,-3.3679447],[-45.1427069,-3.3681996],[-45.1427761,-3.3683154],[-45.1431221,-3.3685933],[-45.1433297,-3.3689871],[-45.1434912,-3.3692188],[-45.1435951,-3.3694504],[-45.1437566,-3.3697747],[-45.143872,-3.3704929],[-45.1439413,-3.3709446],[-45.1440797,-3.3711995],[-45.1442411,-3.3713732],[-45.1443911,-3.3713847],[-45.1444949,-3.3713732],[-45.1445295,-3.3712689],[-45.1445294,-3.3711183],[-45.1444717,-3.370933],[-45.1444141,-3.3707476],[-45.1443794,-3.3705507],[-45.1442987,-3.3703191],[-45.1441718,-3.3700643],[-45.1441256,-3.3697515],[-45.1441025,-3.3693345],[-45.1441255,-3.3689407],[-45.1441946,-3.3686974],[-45.1442061,-3.368431],[-45.1441946,-3.368153],[-45.1441023,-3.3679445],[-45.1439408,-3.3677245],[-45.1436755,-3.3674465],[-45.1433871,-3.3670875],[-45.1431679,-3.3665894],[-45.1427758,-3.3662072],[-45.1423721,-3.3660683],[-45.1418416,-3.3660452],[-45.1414149,-3.3660452],[-45.140896,-3.3661727],[-45.1405616,-3.366416],[-45.140331,-3.3666014],[-45.1402503,-3.3667868],[-45.1402734,-3.3668794],[-45.1402964,-3.3669373]]]]}},{"type":"Feature","properties":{"fid":19,"gid":44918.0,"esp_cd":32761.0,"cod_snisb":null,"cod_sar":null,"nmoriginal":null,"nmalternat":null,"nmgenerico":null,"nmligacao":null,"nmespecifi":null,"detipomass":"Natural","dedominial":"Estadual","dedominio":"Corpo Hídrico Estadual","defiscaliz":null,"nmemp":null,"fonmemp":null,"dtreserv":null,"fodtreserv":null,"nuvolumhm3":null,"fonuvolume":null,"nuperimkm":1.37567813531719,"nuareakm2":0.084119188281634,"nuareaha":8.41191882816336,"nucompgeom":1.33757581150365,"usoprinc":null,"fousoprinc":null,"detipoapr":null,"detipomda":null,"salinidade":null,"regime":null,"nmriocomp":null,"nmufe":"MARANHÃO","nmmun":"CAJARI","defonte":null,"desatelite":"157-104_20050621","deversao":"bho_massa_dagua_20","deobs":"Atualizada geometria em 09/2016","nuvzreg":null,"nuvzlago":null,"nuvzdeflu":null,"cdtipooper":null,"detipooper":null,"fovzlago":null,"fovzdeflu":null,"fovzreg":null,"cobarprin":null,"cotrecho":null,"nuvzrecebe":null,"nuvztransf":null,"deobsvazao":null,"cocda2013":null,"cocda2017":null},"geometry":{"type":"MultiPolygon","coordinates":[[[[-45.0908287,-3.5223331],[-45.0907398,-3.5224819],[-45.0907547,-3.5226603],[-45.0908435,-3.5228834],[-45.0910213,-3.5230321],[-45.091199,-3.5231065],[-45.09151,-3.5230767],[-45.0920728,-3.5227197],[-45.0925615,-3.5224668],[-45.093065,-3.5225114],[-45.0933613,-3.5226006],[-45.0935834,-3.5228088],[-45.0938501,-3.5231508],[-45.0941315,-3.5233888],[-45.0944573,-3.5235077],[-45.0946795,-3.5235077],[-45.0948424,-3.5234928],[-45.0949164,-3.5233887],[-45.0949312,-3.5231805],[-45.0948719,-3.5226302],[-45.0948274,-3.5221989],[-45.0948274,-3.5218419],[-45.0947533,-3.5216486],[-45.0945608,-3.5214404],[-45.094309,-3.5212173],[-45.0940276,-3.5211132],[-45.093761,-3.520905],[-45.0935388,-3.5207117],[-45.0933314,-3.5205481],[-45.0931833,-3.5204292],[-45.0929316,-3.5204143],[-45.092739,-3.5204441],[-45.0925169,-3.5206375],[-45.0923244,-3.5209201],[-45.0922059,-3.521277],[-45.0921171,-3.5214704],[-45.0919246,-3.5216935],[-45.0915988,-3.5219464],[-45.0911989,-3.52211],[-45.0910064,-3.5221993],[-45.0908287,-3.5223331]]]]}},{"type":"Feature","properties":{"fid":20,"gid":53866.0,"esp_cd":32760.0,"cod_snisb":null,"cod_sar":null,"nmoriginal":null,"nmalternat":null,"nmgenerico":null,"nmligacao":null,"nmespecifi":null,"detipomass":"Natural","dedominial":"Estadual","dedominio":"Corpo Hídrico Estadual","defiscaliz":null,"nmemp":null,"fonmemp":null,"dtreserv":null,"fodtreserv":null,"nuvolumhm3":null,"fonuvolume":null,"nuperimkm":1.49137845627137,"nuareakm2":0.089636212302089,"nuareaha":8.96362123020889,"nucompgeom":1.40473765849649,"usoprinc":null,"fousoprinc":null,"detipoapr":null,"detipomda":null,"salinidade":null,"regime":null,"nmriocomp":null,"nmufe":"MARANHÃO","nmmun":"CAJARI","defonte":null,"desatelite":"157-104_20050621","deversao":"bho_massa_dagua_20","deobs":"Atualizada geometria em 09/2016","nuvzreg":null,"nuvzlago":null,"nuvzdeflu":null,"cdtipooper":null,"detipooper":null,"fovzlago":null,"fovzdeflu":null,"fovzreg":null,"cobarprin":null,"cotrecho":null,"nuvzrecebe":null,"nuvztransf":null,"deobsvazao":null,"cocda2013":null,"cocda2017":null},"geometry":{"type":"MultiPolygon","coordinates":[[[[-45.1039448,-3.532118],[-45.1040447,-3.5322684],[-45.1042444,-3.5322684],[-45.1045273,-3.5322851],[-45.1048435,-3.5324354],[-45.1051929,-3.5326861],[-45.1054426,-3.5329534],[-45.1055258,-3.5332041],[-45.1055591,-3.533438],[-45.1055591,-3.533555],[-45.1055425,-3.5337388],[-45.1054759,-3.5338224],[-45.1053761,-3.5339393],[-45.1053262,-3.5339895],[-45.105243,-3.5341399],[-45.1052597,-3.5342736],[-45.1053762,-3.5345075],[-45.105476,-3.5346746],[-45.1056924,-3.534825],[-45.1058755,-3.5350088],[-45.1060585,-3.5351591],[-45.1062416,-3.5352093],[-45.1063913,-3.535109],[-45.1064745,-3.5348917],[-45.1064412,-3.5346745],[-45.1063247,-3.5341565],[-45.1063406,-3.5335578],[-45.1064446,-3.5332757],[-45.1066214,-3.5330666],[-45.1068191,-3.532983],[-45.1068815,-3.5329099],[-45.1068919,-3.53268],[-45.1068041,-3.5323369],[-45.1066146,-3.5317662],[-45.1062777,-3.5312377],[-45.1061412,-3.5309815],[-45.1059249,-3.5307141],[-45.1057751,-3.5305136],[-45.1055588,-3.5303131],[-45.1053424,-3.5301794],[-45.1048931,-3.5301294],[-45.1047766,-3.5301461],[-45.1045603,-3.5303466],[-45.1044439,-3.5307143],[-45.1044273,-3.5310819],[-45.1043774,-3.5312992],[-45.1042609,-3.5314997],[-45.1041112,-3.5316167],[-45.1040114,-3.5317838],[-45.1039282,-3.5319676],[-45.1039448,-3.532118]]]]}},{"type":"Feature","properties":{"fid":21,"gid":10978.0,"esp_cd":6315.0,"cod_snisb":null,"cod_sar":null,"nmoriginal":null,"nmalternat":null,"nmgenerico":null,"nmligacao":null,"nmespecifi":null,"detipomass":"Natural","dedominial":"Estadual","dedominio":"Corpo Hídrico Estadual","defiscaliz":null,"nmemp":null,"fonmemp":null,"dtreserv":null,"fodtreserv":null,"nuvolumhm3":null,"fonuvolume":null,"nuperimkm":5.51146879969141,"nuareakm2":0.502204249515844,"nuareaha":50.2204249515844,"nucompgeom":2.19319006507634,"usoprinc":null,"fousoprinc":null,"detipoapr":null,"detipomda":null,"salinidade":null,"regime":null,"nmriocomp":null,"nmufe":"MARANHÃO","nmmun":"CAJARI","defonte":null,"desatelite":"157-104_20050621","deversao":"bho_massa_dagua","deobs":null,"nuvzreg":null,"nuvzlago":null,"nuvzdeflu":null,"cdtipooper":null,"detipooper":null,"fovzlago":null,"fovzdeflu":null,"fovzreg":null,"cobarprin":null,"cotrecho":null,"nuvzrecebe":null,"nuvztransf":null,"deobsvazao":null,"cocda2013":null,"cocda2017":null},"geometry":{"type":"MultiPolygon","coordinates":[[[[-45.1088854,-3.5229011],[-45.1082974,-3.5230622],[-45.1073084,-3.5229013],[-45.1070679,-3.5226329],[-45.1070678,-3.5221497],[-45.107335,-3.521747],[-45.1076023,-3.5214785],[-45.1076023,-3.5212906],[-45.1074152,-3.5211564],[-45.1072815,-3.5212101],[-45.1069608,-3.5213712],[-45.1062392,-3.5218813],[-45.1054909,-3.5219888],[-45.1051969,-3.5220962],[-45.1050899,-3.5222036],[-45.1050365,-3.5224452],[-45.10509,-3.5225794],[-45.1051435,-3.5227405],[-45.1054375,-3.5232236],[-45.1061325,-3.5237336],[-45.1067473,-3.5244315],[-45.1067207,-3.5252368],[-45.1067815,-3.5254394],[-45.1069132,-3.5255292],[-45.1071483,-3.5255161],[-45.1075499,-3.5254934],[-45.1081347,-3.5254304],[-45.1085526,-3.5256401],[-45.1088242,-3.5259548],[-45.1088242,-3.5262905],[-45.1085109,-3.5265213],[-45.1076962,-3.5266473],[-45.1071103,-3.5263741],[-45.1066759,-3.5261729],[-45.1061748,-3.52624],[-45.1048384,-3.5264415],[-45.1046045,-3.5262402],[-45.104404,-3.5259382],[-45.1040699,-3.5258711],[-45.1038361,-3.526106],[-45.1038361,-3.5266429],[-45.1042037,-3.5270791],[-45.1046714,-3.5274146],[-45.1054399,-3.527381],[-45.1061081,-3.527448],[-45.1065091,-3.5276829],[-45.106342,-3.5279849],[-45.1059411,-3.5281192],[-45.1055736,-3.5283205],[-45.1054735,-3.5286561],[-45.1056739,-3.528891],[-45.1059412,-3.5288238],[-45.1063087,-3.5286896],[-45.106743,-3.528656],[-45.1070772,-3.5288908],[-45.1070104,-3.5290586],[-45.1070438,-3.5292599],[-45.1073111,-3.5292935],[-45.1075116,-3.5292263],[-45.1076786,-3.5290921],[-45.1080127,-3.5289243],[-45.1085807,-3.5291255],[-45.1089148,-3.5293604],[-45.1093826,-3.530065],[-45.1093827,-3.5306019],[-45.1093828,-3.5311052],[-45.1096835,-3.5311387],[-45.110051,-3.5309709],[-45.1102514,-3.5309709],[-45.1105187,-3.5312729],[-45.1107526,-3.5316084],[-45.1109197,-3.5315748],[-45.1111201,-3.5312728],[-45.1110867,-3.5310043],[-45.1109864,-3.5309037],[-45.1106857,-3.5306688],[-45.1105854,-3.5302997],[-45.110552,-3.5299306],[-45.1109195,-3.5294944],[-45.1113203,-3.5291923],[-45.1118215,-3.5289573],[-45.1121221,-3.5285546],[-45.1121221,-3.528152],[-45.1120886,-3.5279171],[-45.1117211,-3.5277158],[-45.1116209,-3.5277158],[-45.1113201,-3.5275145],[-45.1111878,-3.5272286],[-45.1108484,-3.5267515],[-45.11073,-3.5260148],[-45.1110239,-3.524941],[-45.1115316,-3.5241088],[-45.1117453,-3.5231424],[-45.1116384,-3.5225786],[-45.111371,-3.5222297],[-45.110783,-3.5221761],[-45.1106226,-3.5220687],[-45.1105958,-3.5214782],[-45.1102483,-3.5208339],[-45.1098741,-3.5205655],[-45.1095266,-3.5207266],[-45.1091792,-3.5207535],[-45.1089921,-3.5208341],[-45.1089921,-3.5209951],[-45.1090456,-3.5211025],[-45.1092861,-3.5211293],[-45.1093931,-3.521532],[-45.1096069,-3.5218809],[-45.1097941,-3.5221225],[-45.1098476,-3.5223104],[-45.1097941,-3.5224715],[-45.1096872,-3.5225252],[-45.1095536,-3.5225521],[-45.1088854,-3.5229011]]]]}},{"type":"Feature","properties":{"fid":22,"gid":36856.0,"esp_cd":6387.0,"cod_snisb":null,"cod_sar":null,"nmoriginal":"Lagoa da Santa Maria","nmalternat":null,"nmgenerico":"Lagoa","nmligacao":"da","nmespecifi":"Santa Maria","detipomass":"Natural","dedominial":"Estadual","dedominio":"Corpo Hídrico Estadual","defiscaliz":null,"nmemp":null,"fonmemp":null,"dtreserv":null,"fodtreserv":null,"nuvolumhm3":null,"fonuvolume":null,"nuperimkm":8.54926317355036,"nuareakm2":1.61464705521459,"nuareaha":161.464705521459,"nucompgeom":1.89731304247763,"usoprinc":null,"fousoprinc":null,"detipoapr":null,"detipomda":null,"salinidade":null,"regime":null,"nmriocomp":null,"nmufe":"MARANHÃO","nmmun":"CAJARI","defonte":"Carta 1:100000","desatelite":"157-104_20050621","deversao":"bho_massa_dagua","deobs":null,"nuvzreg":null,"nuvzlago":null,"nuvzdeflu":null,"cdtipooper":null,"detipooper":null,"fovzlago":null,"fovzdeflu":null,"fovzreg":null,"cobarprin":null,"cotrecho":null,"nuvzrecebe":null,"nuvztransf":null,"deobsvazao":null,"cocda2013":null,"cocda2017":null},"geometry":{"type":"MultiPolygon","coordinates":[[[[-45.0611408,-3.4481442],[-45.0608877,-3.4488341],[-45.0609962,-3.449524],[-45.0614664,-3.4501776],[-45.061877,-3.4506346],[-45.0623893,-3.4507774],[-45.0625885,-3.4510345],[-45.0624747,-3.4516918],[-45.0620763,-3.452549],[-45.0612346,-3.4537582],[-45.0603613,-3.4544159],[-45.0601189,-3.4545112],[-45.0599427,-3.4545997],[-45.0598898,-3.4547589],[-45.0599956,-3.4549005],[-45.0603304,-3.4550774],[-45.0606477,-3.4553605],[-45.0608239,-3.455679],[-45.0608768,-3.4561214],[-45.0607535,-3.4565991],[-45.0605068,-3.456953],[-45.0602072,-3.4570946],[-45.0596256,-3.4571478],[-45.0593272,-3.4571278],[-45.0590939,-3.4572216],[-45.0590783,-3.4573778],[-45.0592339,-3.4574871],[-45.0595762,-3.457534],[-45.0598873,-3.4577058],[-45.0601674,-3.4579869],[-45.0606889,-3.4588146],[-45.0607387,-3.4597388],[-45.06049,-3.4605132],[-45.0599925,-3.4612126],[-45.0596701,-3.4615983],[-45.0594608,-3.4617369],[-45.0592165,-3.4617019],[-45.0590594,-3.4615442],[-45.0587103,-3.4615267],[-45.0584485,-3.4616494],[-45.0583089,-3.4619297],[-45.0582566,-3.4623503],[-45.0583788,-3.4627008],[-45.0587802,-3.462876],[-45.0591642,-3.4628759],[-45.059426,-3.4632264],[-45.0597771,-3.463792],[-45.0604033,-3.4639806],[-45.0609982,-3.4642321],[-45.0611548,-3.4645778],[-45.0611235,-3.4650493],[-45.0609983,-3.4653637],[-45.0610296,-3.4655209],[-45.0611861,-3.4655837],[-45.0615618,-3.4655208],[-45.0622506,-3.4654579],[-45.0626263,-3.4651121],[-45.0631272,-3.4649863],[-45.0634403,-3.4649863],[-45.0640783,-3.4650236],[-45.0644227,-3.4649607],[-45.064861,-3.4650236],[-45.0648923,-3.4652122],[-45.0647671,-3.4654951],[-45.0644853,-3.4657152],[-45.0643601,-3.4659981],[-45.0644541,-3.466281],[-45.0648611,-3.4665639],[-45.0651742,-3.4667524],[-45.0652368,-3.4668153],[-45.0652369,-3.4670982],[-45.0649238,-3.4673183],[-45.0645168,-3.4673183],[-45.0642976,-3.4676327],[-45.0643603,-3.4678213],[-45.0645168,-3.4678213],[-45.0649238,-3.4678212],[-45.0652682,-3.4678841],[-45.0654561,-3.4681984],[-45.0656439,-3.4684184],[-45.0661136,-3.4684498],[-45.0665832,-3.4685127],[-45.0668963,-3.4688899],[-45.0669903,-3.4693614],[-45.0674287,-3.4699272],[-45.0678357,-3.4703044],[-45.0681175,-3.4708073],[-45.0682115,-3.4716246],[-45.06836,-3.4718781],[-45.0685295,-3.4719554],[-45.0687298,-3.4720018],[-45.0688068,-3.4718317],[-45.0687914,-3.4715532],[-45.0687452,-3.4711046],[-45.0688376,-3.4706715],[-45.0690533,-3.4704395],[-45.0692073,-3.4703157],[-45.0692381,-3.4702384],[-45.0692073,-3.4700991],[-45.0690995,-3.4700682],[-45.0688067,-3.4700373],[-45.0686064,-3.4698517],[-45.0684061,-3.4693412],[-45.0681179,-3.4686476],[-45.0680439,-3.4679798],[-45.068241,-3.467485],[-45.0686598,-3.4673366],[-45.0690787,-3.4673365],[-45.0693251,-3.4672623],[-45.069325,-3.4670397],[-45.069054,-3.4667923],[-45.0681424,-3.466644],[-45.0675511,-3.4663472],[-45.0670583,-3.465803],[-45.0668365,-3.4654567],[-45.066738,-3.4650857],[-45.0669104,-3.4647146],[-45.0670089,-3.464393],[-45.0669842,-3.4638736],[-45.0669103,-3.4635025],[-45.0665373,-3.4630206],[-45.0664141,-3.462798],[-45.0664633,-3.4623527],[-45.0667097,-3.4620806],[-45.0669807,-3.4618332],[-45.0670299,-3.461289],[-45.0671285,-3.4608437],[-45.0674241,-3.4605964],[-45.0677937,-3.4606458],[-45.0680154,-3.4606705],[-45.0681632,-3.460621],[-45.0682371,-3.4604726],[-45.0682371,-3.4601758],[-45.0682863,-3.4597305],[-45.0684588,-3.4593594],[-45.068779,-3.4592358],[-45.0693524,-3.4591298],[-45.0697958,-3.4589814],[-45.0701408,-3.4588329],[-45.0703378,-3.4585361],[-45.0703378,-3.4581156],[-45.0701899,-3.4577693],[-45.0699682,-3.4573488],[-45.0698449,-3.4568046],[-45.0696971,-3.4562604],[-45.0697217,-3.4557162],[-45.0697216,-3.4548256],[-45.0696476,-3.4539351],[-45.0694751,-3.4534157],[-45.0691302,-3.452921],[-45.0685635,-3.4526984],[-45.0681693,-3.4527231],[-45.067652,-3.4529458],[-45.0669621,-3.4528716],[-45.0663462,-3.4526243],[-45.0652299,-3.4512771],[-45.0647371,-3.4506587],[-45.0646632,-3.4503619],[-45.0646878,-3.4500898],[-45.0648356,-3.4499166],[-45.0648356,-3.4495703],[-45.0646385,-3.4491993],[-45.0641703,-3.4487541],[-45.063579,-3.4485067],[-45.0630134,-3.4485686],[-45.0628129,-3.4484744],[-45.0626495,-3.4481343],[-45.0622257,-3.4478173],[-45.0617194,-3.4478173],[-45.0611408,-3.4481442]]]]}},{"type":"Feature","properties":{"fid":23,"gid":19890.0,"esp_cd":32749.0,"cod_snisb":null,"cod_sar":null,"nmoriginal":null,"nmalternat":null,"nmgenerico":null,"nmligacao":null,"nmespecifi":null,"detipomass":"Natural","dedominial":"Estadual","dedominio":"Corpo Hídrico Estadual","defiscaliz":null,"nmemp":null,"fonmemp":null,"dtreserv":null,"fodtreserv":null,"nuvolumhm3":null,"fonuvolume":null,"nuperimkm":2.18733170702182,"nuareakm2":0.11441636772307,"nuareaha":11.441636772307,"nucompgeom":1.82355840933757,"usoprinc":null,"fousoprinc":null,"detipoapr":null,"detipomda":null,"salinidade":null,"regime":null,"nmriocomp":null,"nmufe":"MARANHÃO","nmmun":"CAJARI","defonte":null,"desatelite":"157-104_20050621","deversao":"bho_massa_dagua_20","deobs":"Atualizada geometria em 09/2016","nuvzreg":null,"nuvzlago":null,"nuvzdeflu":null,"cdtipooper":null,"detipooper":null,"fovzlago":null,"fovzdeflu":null,"fovzreg":null,"cobarprin":null,"cotrecho":null,"nuvzrecebe":null,"nuvztransf":null,"deobsvazao":null,"cocda2013":null,"cocda2017":null},"geometry":{"type":"MultiPolygon","coordinates":[[[[-45.1333232,-3.3856248],[-45.1335623,-3.3856793],[-45.1337797,-3.3856575],[-45.1339644,-3.3856356],[-45.1341383,-3.3856465],[-45.1344208,-3.3857993],[-45.1345947,-3.386083],[-45.1348556,-3.3864104],[-45.1349969,-3.3868579],[-45.1351926,-3.3872181],[-45.135247,-3.3877529],[-45.1353992,-3.3882004],[-45.1354862,-3.3885824],[-45.1356601,-3.388877],[-45.1359209,-3.3889752],[-45.1360622,-3.3889752],[-45.1361926,-3.3889315],[-45.1362903,-3.3887242],[-45.1364348,-3.3882066],[-45.1364128,-3.3875883],[-45.1363247,-3.3867712],[-45.1359948,-3.3861971],[-45.1357529,-3.385623],[-45.135467,-3.3851814],[-45.1351152,-3.3848723],[-45.1346315,-3.3843203],[-45.134472,-3.3841974],[-45.1342872,-3.3840446],[-45.1339937,-3.3836408],[-45.133809,-3.3834116],[-45.1336677,-3.3832916],[-45.1334829,-3.3831934],[-45.133233,-3.3830843],[-45.1330482,-3.3828878],[-45.1329286,-3.3826695],[-45.1328634,-3.3824622],[-45.1327873,-3.382222],[-45.1327547,-3.3820038],[-45.1326895,-3.3817964],[-45.1326785,-3.3814799],[-45.1326459,-3.3812725],[-45.1325916,-3.3811306],[-45.1324394,-3.3810651],[-45.1323525,-3.3810651],[-45.1322873,-3.381087],[-45.1322112,-3.381207],[-45.1321135,-3.3814363],[-45.1320809,-3.3816],[-45.1320482,-3.3818417],[-45.1321026,-3.3820599],[-45.132233,-3.3822782],[-45.1325265,-3.382562],[-45.1325483,-3.3828785],[-45.132733,-3.3832387],[-45.1328309,-3.383577],[-45.1328636,-3.3840682],[-45.1329506,-3.3847012],[-45.1329832,-3.3849959],[-45.1329996,-3.3852336],[-45.1331276,-3.3855047],[-45.1333232,-3.3856248]]]]}},{"type":"Feature","properties":{"fid":24,"gid":16673.0,"esp_cd":6413.0,"cod_snisb":null,"cod_sar":null,"nmoriginal":null,"nmalternat":null,"nmgenerico":null,"nmligacao":null,"nmespecifi":null,"detipomass":"Natural","dedominial":"Estadual","dedominio":"Corpo Hídrico Estadual","defiscaliz":null,"nmemp":null,"fonmemp":null,"dtreserv":null,"fodtreserv":null,"nuvolumhm3":null,"fonuvolume":null,"nuperimkm":12.5564701454965,"nuareakm2":1.09412928661748,"nuareaha":109.412928661748,"nucompgeom":3.38518459011593,"usoprinc":null,"fousoprinc":null,"detipoapr":null,"detipomda":null,"salinidade":null,"regime":null,"nmriocomp":null,"nmufe":"MARANHÃO","nmmun":"CAJARI, PENALVA","defonte":null,"desatelite":"157-104_20050621","deversao":"bho_massa_dagua","deobs":null,"nuvzreg":null,"nuvzlago":null,"nuvzdeflu":null,"cdtipooper":null,"detipooper":null,"fovzlago":null,"fovzdeflu":null,"fovzreg":null,"cobarprin":null,"cotrecho":null,"nuvzrecebe":null,"nuvztransf":null,"deobsvazao":null,"cocda2013":null,"cocda2017":null},"geometry":{"type":"MultiPolygon","coordinates":[[[[-45.1656266,-3.3322524],[-45.1607405,-3.3323629],[-45.1603359,-3.3328235],[-45.1596654,-3.3331862],[-45.1594059,-3.3331331],[-45.1592789,-3.3329037],[-45.159355,-3.3326233],[-45.159374,-3.3323938],[-45.158404,-3.3324158],[-45.1583621,-3.3324275],[-45.1583465,-3.3324171],[-45.1571526,-3.3324441],[-45.1552786,-3.3324454],[-45.1553332,-3.332491],[-45.1556846,-3.3330042],[-45.1560095,-3.3337532],[-45.1567124,-3.334555],[-45.1571278,-3.3350683],[-45.1575431,-3.3352606],[-45.1580542,-3.3351964],[-45.1584695,-3.3351963],[-45.1590446,-3.3353246],[-45.1595238,-3.3356132],[-45.1601947,-3.3356131],[-45.160578,-3.3354526],[-45.1606738,-3.3352281],[-45.1605779,-3.3349394],[-45.1603543,-3.3347469],[-45.1600986,-3.3345224],[-45.1600667,-3.3342337],[-45.1603222,-3.3339129],[-45.1608014,-3.3339449],[-45.1613764,-3.3341052],[-45.1618237,-3.3342655],[-45.1624946,-3.3344258],[-45.1628779,-3.3343616],[-45.1629737,-3.334137],[-45.1629736,-3.3336238],[-45.1628138,-3.333303],[-45.162686,-3.3330143],[-45.1627179,-3.3327898],[-45.163229,-3.3327576],[-45.1635485,-3.33295],[-45.163932,-3.3335594],[-45.1642835,-3.3341689],[-45.1647307,-3.3343292],[-45.1652738,-3.334297],[-45.1659765,-3.3340082],[-45.166296,-3.3336874],[-45.166839,-3.3336873],[-45.1674461,-3.33404],[-45.1676698,-3.3346495],[-45.1679574,-3.3351306],[-45.1683088,-3.3352268],[-45.1685963,-3.3351305],[-45.1687879,-3.3346493],[-45.1690434,-3.3342964],[-45.1695545,-3.3343604],[-45.1700451,-3.334765],[-45.1705246,-3.3357843],[-45.1706658,-3.3368037],[-45.1713709,-3.3373133],[-45.1723298,-3.3375397],[-45.1727529,-3.3381626],[-45.1727531,-3.3394086],[-45.1722739,-3.3402865],[-45.171851,-3.3409379],[-45.1714562,-3.3413344],[-45.1712306,-3.3414194],[-45.1712025,-3.3416743],[-45.1715409,-3.3418441],[-45.172246,-3.3419933],[-45.1727536,-3.3421631],[-45.1730639,-3.3424462],[-45.1732896,-3.342701],[-45.1735716,-3.3428709],[-45.1737971,-3.3425877],[-45.1738253,-3.3421346],[-45.1738251,-3.3410302],[-45.173994,-3.339501],[-45.1737682,-3.3382267],[-45.1735424,-3.337264],[-45.1729783,-3.3368393],[-45.1722732,-3.3365279],[-45.1712862,-3.3362732],[-45.1710041,-3.3360184],[-45.1708067,-3.3358202],[-45.1707502,-3.3353105],[-45.1706045,-3.3344188],[-45.1702378,-3.3339657],[-45.1696173,-3.3333429],[-45.1689686,-3.3328333],[-45.1686966,-3.3323347],[-45.1656266,-3.3322524]]]]}},{"type":"Feature","properties":{"fid":25,"gid":35402.0,"esp_cd":32741.0,"cod_snisb":null,"cod_sar":null,"nmoriginal":null,"nmalternat":null,"nmgenerico":null,"nmligacao":null,"nmespecifi":null,"detipomass":"Natural","dedominial":"Estadual","dedominio":"Corpo Hídrico Estadual","defiscaliz":null,"nmemp":null,"fonmemp":null,"dtreserv":null,"fodtreserv":null,"nuvolumhm3":null,"fonuvolume":null,"nuperimkm":1.51447283454888,"nuareakm2":0.067136146985779,"nuareaha":6.71361469857788,"nucompgeom":1.64828531541524,"usoprinc":null,"fousoprinc":null,"detipoapr":null,"detipomda":null,"salinidade":null,"regime":null,"nmriocomp":null,"nmufe":"MARANHÃO","nmmun":"CAJARI","defonte":null,"desatelite":"157-104_20050621","deversao":"bho_massa_dagua_20","deobs":"Atualizada geometria em 09/2016","nuvzreg":null,"nuvzlago":null,"nuvzdeflu":null,"cdtipooper":null,"detipooper":null,"fovzlago":null,"fovzdeflu":null,"fovzreg":null,"cobarprin":null,"cotrecho":null,"nuvzrecebe":null,"nuvztransf":null,"deobsvazao":null,"cocda2013":null,"cocda2017":null},"geometry":{"type":"MultiPolygon","coordinates":[[[[-45.0909911,-3.3572903],[-45.0905646,-3.3573163],[-45.0903449,-3.3572385],[-45.0900735,-3.3570827],[-45.0898796,-3.356862],[-45.0896857,-3.3565765],[-45.0895306,-3.3563428],[-45.0894013,-3.3563039],[-45.0893109,-3.3563039],[-45.0891429,-3.3564597],[-45.0890653,-3.3567712],[-45.0888456,-3.3570179],[-45.0886389,-3.3571348],[-45.0885355,-3.3572776],[-45.0885096,-3.3575502],[-45.0885872,-3.3577709],[-45.0888069,-3.3579007],[-45.0890654,-3.3579136],[-45.0892981,-3.3579136],[-45.0895566,-3.3579136],[-45.0898151,-3.3579655],[-45.0900477,-3.3580044],[-45.0905001,-3.3580953],[-45.0908491,-3.358251],[-45.0910817,-3.3585496],[-45.0911981,-3.3588222],[-45.0912756,-3.3589909],[-45.0914308,-3.3590429],[-45.0914825,-3.3590558],[-45.0915342,-3.3590169],[-45.0916117,-3.358887],[-45.0916117,-3.3587702],[-45.0916246,-3.3585236],[-45.0916504,-3.3582899],[-45.0916762,-3.3580951],[-45.0917279,-3.3579653],[-45.0918701,-3.3577965],[-45.0919605,-3.3577057],[-45.0921285,-3.3576018],[-45.0922707,-3.3575239],[-45.0925938,-3.357407],[-45.0927877,-3.3572642],[-45.092904,-3.3570954],[-45.0929427,-3.3569137],[-45.0929427,-3.3567709],[-45.0928781,-3.356667],[-45.0927488,-3.3565502],[-45.0926196,-3.3563815],[-45.092542,-3.3561608],[-45.0924127,-3.3559011],[-45.0923093,-3.3558362],[-45.0921284,-3.3558362],[-45.092025,-3.3559531],[-45.0919345,-3.3562257],[-45.0918053,-3.3565763],[-45.0915469,-3.3569398],[-45.0912755,-3.3571345],[-45.0909911,-3.3572903]]]]}},{"type":"Feature","properties":{"fid":26,"gid":22801.0,"esp_cd":6319.0,"cod_snisb":null,"cod_sar":null,"nmoriginal":null,"nmalternat":null,"nmgenerico":null,"nmligacao":null,"nmespecifi":null,"detipomass":"Natural","dedominial":"Estadual","dedominio":"Corpo Hídrico Estadual","defiscaliz":null,"nmemp":null,"fonmemp":null,"dtreserv":null,"fodtreserv":null,"nuvolumhm3":null,"fonuvolume":null,"nuperimkm":4.24246755575471,"nuareakm2":0.553515547913562,"nuareaha":55.3515547913562,"nucompgeom":1.60806176508626,"usoprinc":null,"fousoprinc":null,"detipoapr":null,"detipomda":null,"salinidade":null,"regime":null,"nmriocomp":null,"nmufe":"MARANHÃO","nmmun":"CAJARI","defonte":null,"desatelite":"157-104_20050621","deversao":"bho_massa_dagua","deobs":null,"nuvzreg":null,"nuvzlago":null,"nuvzdeflu":null,"cdtipooper":null,"detipooper":null,"fovzlago":null,"fovzdeflu":null,"fovzreg":null,"cobarprin":null,"cotrecho":null,"nuvzrecebe":null,"nuvztransf":null,"deobsvazao":null,"cocda2013":null,"cocda2017":null},"geometry":{"type":"MultiPolygon","coordinates":[[[[-44.8982771,-3.3826617],[-44.8978147,-3.3827196],[-44.8974102,-3.3824295],[-44.8969479,-3.3824294],[-44.8966589,-3.3826035],[-44.8967167,-3.3830097],[-44.8970056,-3.383532],[-44.8980458,-3.3841704],[-44.8981613,-3.3844605],[-44.8980457,-3.3848087],[-44.8975255,-3.3849827],[-44.8964853,-3.3848085],[-44.8959074,-3.3845763],[-44.8952717,-3.3846923],[-44.8945782,-3.3849244],[-44.8942892,-3.3847503],[-44.8934225,-3.3841699],[-44.8928446,-3.3841698],[-44.8919776,-3.3846339],[-44.8913996,-3.3856204],[-44.8914572,-3.387013],[-44.8921507,-3.3875934],[-44.8930753,-3.3880577],[-44.8944045,-3.3881739],[-44.8954448,-3.3877679],[-44.8963816,-3.3874291],[-44.8969788,-3.3874291],[-44.8971494,-3.3876005],[-44.8970925,-3.387886],[-44.8964668,-3.3881144],[-44.8963246,-3.3886855],[-44.8965236,-3.3889711],[-44.8970924,-3.3890568],[-44.8974337,-3.3888569],[-44.8975475,-3.3884572],[-44.8979741,-3.3882288],[-44.8985713,-3.3882288],[-44.8990547,-3.3884288],[-44.8996519,-3.3888572],[-44.9005619,-3.3891428],[-44.9018416,-3.3894856],[-44.902382,-3.3892001],[-44.9024958,-3.3886005],[-44.902439,-3.3880293],[-44.902183,-3.3878294],[-44.901839,-3.3874909],[-44.90115,-3.3848668],[-44.8998006,-3.3822138],[-44.8995134,-3.3819831],[-44.8990539,-3.3819542],[-44.8986518,-3.3824155],[-44.8982771,-3.3826617]]]]}},{"type":"Feature","properties":{"fid":27,"gid":60562.0,"esp_cd":5940.0,"cod_snisb":null,"cod_sar":null,"nmoriginal":null,"nmalternat":null,"nmgenerico":null,"nmligacao":null,"nmespecifi":null,"detipomass":"Artificial","dedominial":"Estadual","dedominio":"Corpo Hídrico Estadual","defiscaliz":"ESTADO","nmemp":null,"fonmemp":null,"dtreserv":null,"fodtreserv":null,"nuvolumhm3":null,"fonuvolume":null,"nuperimkm":3.23018909682087,"nuareakm2":0.205431287512501,"nuareaha":20.5431287512501,"nucompgeom":2.00975797732814,"usoprinc":null,"fousoprinc":null,"detipoapr":null,"detipomda":null,"salinidade":null,"regime":null,"nmriocomp":null,"nmufe":"MARANHÃO","nmmun":"CAJARI","defonte":null,"desatelite":"157-104_20050621","deversao":"bho_massa_dagua","deobs":null,"nuvzreg":null,"nuvzlago":null,"nuvzdeflu":null,"cdtipooper":null,"detipooper":null,"fovzlago":null,"fovzdeflu":null,"fovzreg":null,"cobarprin":null,"cotrecho":null,"nuvzrecebe":null,"nuvztransf":null,"deobsvazao":null,"cocda2013":null,"cocda2017":null},"geometry":{"type":"MultiPolygon","coordinates":[[[[-44.9923814,-3.4016815],[-44.9923917,-3.4020272],[-44.9923417,-3.4022657],[-44.9921963,-3.4024511],[-44.9917935,-3.4025526],[-44.9916101,-3.4025664],[-44.9913787,-3.4026911],[-44.9911223,-3.4027545],[-44.9907676,-3.4027697],[-44.9906094,-3.4028692],[-44.9905138,-3.4031525],[-44.9904191,-3.4035587],[-44.9903834,-3.4036819],[-44.9904209,-3.4037798],[-44.9905922,-3.4037908],[-44.9907145,-3.4037898],[-44.9909466,-3.4037388],[-44.9911917,-3.4037983],[-44.9914383,-3.404042],[-44.9916238,-3.4042985],[-44.9917838,-3.4044201],[-44.9920411,-3.4044672],[-44.9922113,-3.4043307],[-44.9924052,-3.404108],[-44.9925748,-3.4038978],[-44.9925714,-3.4034678],[-44.9926671,-3.4031968],[-44.9930085,-3.4030466],[-44.9933258,-3.4029581],[-44.993471,-3.4027604],[-44.9934318,-3.4024412],[-44.9936372,-3.4021202],[-44.9939415,-3.4019212],[-44.9944552,-3.4019171],[-44.9946642,-3.4020505],[-44.9950094,-3.4023918],[-44.9953673,-3.402782],[-44.9955155,-3.4029529],[-44.9955665,-3.4032227],[-44.9954952,-3.4034813],[-44.9951928,-3.4039137],[-44.9949411,-3.4043264],[-44.9948596,-3.4048553],[-44.9946792,-3.4052376],[-44.9945603,-3.4056686],[-44.9945626,-3.4059634],[-44.994598,-3.4060013],[-44.9946615,-3.4059923],[-44.9947119,-3.4059365],[-44.9947871,-3.4057826],[-44.9951136,-3.4053375],[-44.9954888,-3.404801],[-44.9958983,-3.4045038],[-44.9961016,-3.4041757],[-44.9963286,-3.4040867],[-44.9966107,-3.404128],[-44.9968944,-3.4043653],[-44.9973113,-3.4049933],[-44.997453,-3.4050901],[-44.9975824,-3.4050129],[-44.9976458,-3.4048056],[-44.9976531,-3.4043592],[-44.9975701,-3.4034563],[-44.9976318,-3.4030422],[-44.9977714,-3.4028669],[-44.9979538,-3.4026368],[-44.9980737,-3.4024446],[-44.9980829,-3.4022486],[-44.9980386,-3.4021292],[-44.9979295,-3.402043],[-44.9976802,-3.4020341],[-44.9973549,-3.4020258],[-44.9971371,-3.401897],[-44.9969631,-3.4018222],[-44.9967239,-3.4017261],[-44.9966349,-3.4014438],[-44.996633,-3.4012043],[-44.9966315,-3.4010084],[-44.9965869,-3.4008563],[-44.9964337,-3.4006725],[-44.9962487,-3.400576],[-44.9960391,-3.4005495],[-44.9949649,-3.4005703],[-44.9935958,-3.4005968],[-44.9934224,-3.4007263],[-44.9931561,-3.4009895],[-44.9927542,-3.4011484],[-44.99246,-3.4011975],[-44.9923517,-3.4012295],[-44.992302,-3.401321],[-44.992273,-3.4015287],[-44.9923814,-3.4016815]]]]}},{"type":"Feature","properties":{"fid":28,"gid":31471.0,"esp_cd":6320.0,"cod_snisb":null,"cod_sar":null,"nmoriginal":null,"nmalternat":null,"nmgenerico":null,"nmligacao":null,"nmespecifi":null,"detipomass":"Natural","dedominial":"Estadual","dedominio":"Corpo Hídrico Estadual","defiscaliz":null,"nmemp":null,"fonmemp":null,"dtreserv":null,"fodtreserv":null,"nuvolumhm3":null,"fonuvolume":null,"nuperimkm":16.8952067425048,"nuareakm2":1.87410210424232,"nuareaha":187.410210424232,"nucompgeom":3.48029449588042,"usoprinc":null,"fousoprinc":null,"detipoapr":null,"detipomda":null,"salinidade":null,"regime":null,"nmriocomp":null,"nmufe":"MARANHÃO","nmmun":"CAJARI, VITÓRIA DO MEARIM","defonte":null,"desatelite":"157-104_20050621","deversao":"bho_massa_dagua","deobs":null,"nuvzreg":null,"nuvzlago":null,"nuvzdeflu":null,"cdtipooper":null,"detipooper":null,"fovzlago":null,"fovzdeflu":null,"fovzreg":null,"cobarprin":null,"cotrecho":null,"nuvzrecebe":null,"nuvztransf":null,"deobsvazao":null,"cocda2013":null,"cocda2017":null},"geometry":{"type":"MultiPolygon","coordinates":[[[[-44.8880348,-3.3915724],[-44.8927008,-3.3951105],[-44.8944306,-3.3965122],[-44.8945605,-3.3962079],[-44.8949013,-3.3960613],[-44.8949987,-3.395377],[-44.8947069,-3.3934708],[-44.8941715,-3.3927376],[-44.8932467,-3.3925909],[-44.8925657,-3.3934229],[-44.8921981,-3.3936689],[-44.8917693,-3.3936073],[-44.8912793,-3.3933613],[-44.8911569,-3.3926847],[-44.8910345,-3.3917006],[-44.8908508,-3.391024],[-44.890422,-3.3908394],[-44.8898707,-3.3910239],[-44.8891969,-3.3910238],[-44.8885231,-3.3907777],[-44.8882169,-3.3900396],[-44.8872982,-3.3896704],[-44.8864406,-3.3897933],[-44.8862568,-3.3901624],[-44.8862588,-3.3901752],[-44.8880348,-3.3915724]]],[[[-44.8966009,-3.3982709],[-44.8983161,-3.3998971],[-44.8990773,-3.4007643],[-44.8995525,-3.4017181],[-44.8999313,-3.403055],[-44.9011694,-3.406312],[-44.9012782,-3.4066699],[-44.9026334,-3.4064355],[-44.9054423,-3.4054017],[-44.9061445,-3.4046497],[-44.9068936,-3.4038507],[-44.908064,-3.4032398],[-44.908813,-3.4027698],[-44.9090939,-3.4022058],[-44.9095681,-3.4016016],[-44.9097294,-3.4012547],[-44.9096603,-3.4010234],[-44.9093608,-3.4010002],[-44.9090152,-3.4013471],[-44.9084623,-3.4019484],[-44.9078864,-3.4021103],[-44.90497,-3.4042749],[-44.9045544,-3.4043416],[-44.9044675,-3.4040796],[-44.9045835,-3.4036139],[-44.9060331,-3.4019259],[-44.9061781,-3.4015766],[-44.9059462,-3.4014019],[-44.9055113,-3.4014019],[-44.9053374,-3.401722],[-44.9051344,-3.4022168],[-44.9046995,-3.4025661],[-44.9027965,-3.4038351],[-44.9016376,-3.4041142],[-44.9009886,-3.4040676],[-44.9008959,-3.4037883],[-44.9009887,-3.4034625],[-44.9014986,-3.4032298],[-44.9024258,-3.4026714],[-44.9027968,-3.4016939],[-44.9026578,-3.4002044],[-44.9029361,-3.3991804],[-44.9035852,-3.3982961],[-44.9040024,-3.3979703],[-44.9045587,-3.39811],[-44.9053004,-3.3982032],[-44.905764,-3.398017],[-44.9067375,-3.3972258],[-44.9072459,-3.3969916],[-44.9074411,-3.3966324],[-44.9078638,-3.396306],[-44.9084492,-3.3963387],[-44.9086118,-3.3966979],[-44.9085467,-3.3971223],[-44.9083841,-3.3975468],[-44.9083189,-3.3983631],[-44.9085791,-3.3987223],[-44.9089368,-3.398755],[-44.9095872,-3.3986244],[-44.9097498,-3.398102],[-44.9097173,-3.397351],[-44.9095223,-3.3963061],[-44.9091322,-3.3958816],[-44.9083842,-3.395555],[-44.9076363,-3.3957509],[-44.9069533,-3.3962079],[-44.9064981,-3.3963711],[-44.906368,-3.3962405],[-44.906368,-3.3959793],[-44.9066932,-3.3956528],[-44.907116,-3.3953263],[-44.9073437,-3.3950651],[-44.9073437,-3.3944447],[-44.9071812,-3.3939223],[-44.9065959,-3.3938569],[-44.9062706,-3.3939548],[-44.9058804,-3.3942813],[-44.9055877,-3.3942813],[-44.9051975,-3.3943466],[-44.9047747,-3.3945424],[-44.9048072,-3.3948689],[-44.9049372,-3.3952934],[-44.9052949,-3.3953261],[-44.9056201,-3.3955874],[-44.9055551,-3.3960445],[-44.9050347,-3.396371],[-44.9042542,-3.3969586],[-44.9036688,-3.3970565],[-44.903051,-3.3968279],[-44.9025957,-3.3966973],[-44.9019453,-3.3968278],[-44.9013191,-3.3973874],[-44.9003298,-3.3980826],[-44.8994395,-3.3981818],[-44.8988439,-3.3981145],[-44.8984546,-3.3974791],[-44.8982113,-3.3969903],[-44.8979192,-3.3968436],[-44.8975785,-3.3968924],[-44.8972863,-3.3972346],[-44.8968969,-3.39743],[-44.8965075,-3.3972833],[-44.8961181,-3.3972833],[-44.8958747,-3.3974299],[-44.8957702,-3.3975978],[-44.8966009,-3.3982709]]]]}},{"type":"Feature","properties":{"fid":29,"gid":10442.0,"esp_cd":6410.0,"cod_snisb":null,"cod_sar":null,"nmoriginal":null,"nmalternat":null,"nmgenerico":null,"nmligacao":null,"nmespecifi":null,"detipomass":"Natural","dedominial":"Estadual","dedominio":"Corpo Hídrico Estadual","defiscaliz":null,"nmemp":null,"fonmemp":null,"dtreserv":null,"fodtreserv":null,"nuvolumhm3":null,"fonuvolume":null,"nuperimkm":9.80992753125119,"nuareakm2":0.792863018973218,"nuareaha":79.2863018973218,"nucompgeom":3.10681809938018,"usoprinc":null,"fousoprinc":null,"detipoapr":null,"detipomda":null,"salinidade":null,"regime":null,"nmriocomp":null,"nmufe":"MARANHÃO","nmmun":"CAJARI","defonte":null,"desatelite":"157-104_20050621","deversao":"bho_massa_dagua","deobs":null,"nuvzreg":null,"nuvzlago":null,"nuvzdeflu":null,"cdtipooper":null,"detipooper":null,"fovzlago":null,"fovzdeflu":null,"fovzreg":null,"cobarprin":null,"cotrecho":null,"nuvzrecebe":null,"nuvztransf":null,"deobsvazao":null,"cocda2013":null,"cocda2017":null},"geometry":{"type":"MultiPolygon","coordinates":[[[[-45.0215187,-3.3157221],[-45.0218188,-3.3161491],[-45.022219,-3.316576],[-45.022369,-3.3171536],[-45.0223691,-3.3176056],[-45.0226191,-3.3178567],[-45.0229443,-3.3182083],[-45.0230443,-3.3185097],[-45.0229443,-3.3187859],[-45.0226942,-3.3189617],[-45.0219439,-3.319238],[-45.0212687,-3.3193134],[-45.0205934,-3.3193636],[-45.0201183,-3.3191627],[-45.0199432,-3.3188865],[-45.0196681,-3.3188362],[-45.019368,-3.3188865],[-45.0190679,-3.3190372],[-45.0189678,-3.3192381],[-45.0189678,-3.3194139],[-45.0191179,-3.3195143],[-45.019368,-3.3196901],[-45.019393,-3.3199412],[-45.0195431,-3.3201924],[-45.0198682,-3.3201924],[-45.0201183,-3.3200417],[-45.0205684,-3.3198157],[-45.0213687,-3.3197654],[-45.0222502,-3.319925],[-45.0229254,-3.3200756],[-45.0234756,-3.3200505],[-45.0239508,-3.3202514],[-45.0242509,-3.3207285],[-45.0246511,-3.3209294],[-45.0249762,-3.3211806],[-45.0252763,-3.3211806],[-45.0257765,-3.3211303],[-45.0263267,-3.3212056],[-45.0264767,-3.3216075],[-45.0264768,-3.3218335],[-45.0264768,-3.3220595],[-45.0266018,-3.32216],[-45.0271537,-3.3222877],[-45.0277954,-3.3224309],[-45.0280806,-3.3223593],[-45.0281519,-3.3221087],[-45.0280449,-3.3217507],[-45.0277241,-3.3211421],[-45.0275101,-3.3204619],[-45.0276171,-3.3197101],[-45.0279023,-3.3194237],[-45.0282588,-3.3194595],[-45.0284371,-3.3197101],[-45.028544,-3.3199965],[-45.0287223,-3.3201039],[-45.0290075,-3.3201038],[-45.029364,-3.3201754],[-45.029471,-3.3205334],[-45.0292571,-3.3208914],[-45.0289719,-3.3209273],[-45.028758,-3.3210705],[-45.0287936,-3.3213569],[-45.0293284,-3.3220728],[-45.0294354,-3.3226814],[-45.0291502,-3.322932],[-45.0286511,-3.3228963],[-45.028045,-3.3229321],[-45.0276528,-3.3232901],[-45.0276172,-3.3236839],[-45.0276885,-3.3243999],[-45.0280643,-3.3250713],[-45.0285249,-3.3258228],[-45.0291006,-3.3261697],[-45.0298491,-3.3267477],[-45.0303096,-3.3274415],[-45.0304928,-3.3277449],[-45.0305242,-3.328061],[-45.0303984,-3.3285982],[-45.0304298,-3.3289459],[-45.0305557,-3.3291355],[-45.030839,-3.3291355],[-45.0312796,-3.3292303],[-45.0320979,-3.3298939],[-45.0324441,-3.3303995],[-45.0325071,-3.3307472],[-45.0323182,-3.3310948],[-45.0322553,-3.3316005],[-45.0325386,-3.33179],[-45.0329477,-3.3318848],[-45.0333254,-3.3316636],[-45.0333254,-3.3311264],[-45.0333253,-3.3305575],[-45.0334512,-3.3303679],[-45.0339548,-3.3303047],[-45.0347415,-3.3302414],[-45.0350877,-3.329957],[-45.0351192,-3.3295462],[-45.0347415,-3.3293881],[-45.0344268,-3.3294514],[-45.0339547,-3.329641],[-45.0335456,-3.3298623],[-45.033105,-3.3298623],[-45.0327903,-3.3296094],[-45.0322867,-3.329009],[-45.0322552,-3.3285034],[-45.0326014,-3.3281557],[-45.0328217,-3.3278081],[-45.0327587,-3.3275552],[-45.0322552,-3.3273657],[-45.0320639,-3.3268145],[-45.0318435,-3.3264037],[-45.0318435,-3.3259296],[-45.0320953,-3.3253608],[-45.0322841,-3.3244759],[-45.0321582,-3.3241599],[-45.0319064,-3.3241599],[-45.0315917,-3.3244759],[-45.0309937,-3.3247287],[-45.0304272,-3.3246024],[-45.0302699,-3.3242547],[-45.0302069,-3.3237175],[-45.0299866,-3.3233382],[-45.0299551,-3.3228958],[-45.0302384,-3.3226114],[-45.0308363,-3.3224849],[-45.0310566,-3.3222953],[-45.031151,-3.3218845],[-45.0308678,-3.3216633],[-45.0304901,-3.3216949],[-45.0301344,-3.3215284],[-45.0299179,-3.3211727],[-45.0299375,-3.3203624],[-45.0300753,-3.3196312],[-45.0305279,-3.3189988],[-45.0309412,-3.3183664],[-45.0313151,-3.3179514],[-45.0313348,-3.3175957],[-45.0311576,-3.3173585],[-45.0312363,-3.3167854],[-45.0314134,-3.3163111],[-45.0316299,-3.3158961],[-45.0316973,-3.3152949],[-45.0316973,-3.3150187],[-45.0316223,-3.3149433],[-45.0313222,-3.3150438],[-45.0311472,-3.3152447],[-45.0308971,-3.3156214],[-45.0303469,-3.3158223],[-45.0299217,-3.3160986],[-45.0297717,-3.3163749],[-45.0294716,-3.3165507],[-45.0293465,-3.3166511],[-45.0293716,-3.316852],[-45.0295466,-3.3171283],[-45.0295466,-3.3176054],[-45.0292716,-3.3181328],[-45.0288214,-3.3185095],[-45.0280962,-3.3188612],[-45.0272959,-3.3188109],[-45.0264956,-3.3186352],[-45.0262955,-3.3185598],[-45.0262455,-3.3182836],[-45.0263455,-3.3180827],[-45.0268207,-3.317932],[-45.0273458,-3.3177059],[-45.0275459,-3.3174297],[-45.0283712,-3.3168521],[-45.0286463,-3.3165507],[-45.0285212,-3.316174],[-45.027921,-3.3158224],[-45.0276209,-3.3155462],[-45.0276209,-3.3151193],[-45.0273958,-3.3149435],[-45.0271457,-3.3149435],[-45.0266705,-3.3152449],[-45.0259453,-3.3158225],[-45.0249699,-3.3159481],[-45.0239196,-3.3158979],[-45.0234194,-3.315471],[-45.0229442,-3.3150943],[-45.0219938,-3.3149185],[-45.0215687,-3.3150943],[-45.0214436,-3.315245],[-45.0215187,-3.3157221]]]]}},{"type":"Feature","properties":{"fid":30,"gid":2614.0,"esp_cd":6408.0,"cod_snisb":null,"cod_sar":null,"nmoriginal":null,"nmalternat":null,"nmgenerico":null,"nmligacao":null,"nmespecifi":null,"detipomass":"Natural","dedominial":"Estadual","dedominio":"Corpo Hídrico Estadual","defiscaliz":null,"nmemp":null,"fonmemp":null,"dtreserv":null,"fodtreserv":null,"nuvolumhm3":null,"fonuvolume":null,"nuperimkm":11.0336273571483,"nuareakm2":1.78558211427043,"nuareaha":178.558211427043,"nucompgeom":2.32850678131702,"usoprinc":null,"fousoprinc":null,"detipoapr":null,"detipomda":null,"salinidade":null,"regime":null,"nmriocomp":null,"nmufe":"MARANHÃO","nmmun":"CAJARI, VIANA","defonte":null,"desatelite":"157-104_20050621","deversao":"bho_massa_dagua","deobs":null,"nuvzreg":null,"nuvzlago":null,"nuvzdeflu":null,"cdtipooper":null,"detipooper":null,"fovzlago":null,"fovzdeflu":null,"fovzreg":null,"cobarprin":null,"cotrecho":null,"nuvzrecebe":null,"nuvztransf":null,"deobsvazao":null,"cocda2013":null,"cocda2017":null},"geometry":{"type":"MultiPolygon","coordinates":[[[[-45.0178825,-3.2949726],[-45.0181014,-3.2949176],[-45.0182177,-3.2946546],[-45.0181013,-3.2944501],[-45.0179432,-3.2943575],[-45.0178825,-3.2949726]]]]}},{"type":"Feature","properties":{"fid":31,"gid":22334.0,"esp_cd":6429.0,"cod_snisb":null,"cod_sar":null,"nmoriginal":null,"nmalternat":null,"nmgenerico":null,"nmligacao":null,"nmespecifi":null,"detipomass":"Natural","dedominial":"Estadual","dedominio":"Corpo Hídrico Estadual","defiscaliz":null,"nmemp":null,"fonmemp":null,"dtreserv":null,"fodtreserv":null,"nuvolumhm3":null,"fonuvolume":null,"nuperimkm":14.7990170209409,"nuareakm2":2.42947232604982,"nuareaha":242.947232604982,"nucompgeom":2.67747854709217,"usoprinc":null,"fousoprinc":null,"detipoapr":null,"detipomda":null,"salinidade":null,"regime":null,"nmriocomp":null,"nmufe":"MARANHÃO","nmmun":"CAJARI","defonte":null,"desatelite":"157-104_20050621","deversao":"bho_massa_dagua","deobs":null,"nuvzreg":null,"nuvzlago":null,"nuvzdeflu":null,"cdtipooper":null,"detipooper":null,"fovzlago":null,"fovzdeflu":null,"fovzreg":null,"cobarprin":null,"cotrecho":null,"nuvzrecebe":null,"nuvztransf":null,"deobsvazao":null,"cocda2013":null,"cocda2017":null},"geometry":{"type":"MultiPolygon","coordinates":[[[[-45.1964666,-3.3522141],[-45.1966272,-3.3526975],[-45.1964668,-3.353396],[-45.1964669,-3.3538795],[-45.1967345,-3.3540943],[-45.1972695,-3.3540942],[-45.197644,-3.3540404],[-45.1984465,-3.3539328],[-45.1991955,-3.3538789],[-45.1998911,-3.3543086],[-45.2001588,-3.3550069],[-45.20048,-3.3561351],[-45.2003732,-3.356726],[-45.2001593,-3.3573707],[-45.2001593,-3.3576931],[-45.2003734,-3.3580691],[-45.2006945,-3.3584988],[-45.2008553,-3.3597344],[-45.2010694,-3.3602716],[-45.2010696,-3.3610237],[-45.2008021,-3.3613998],[-45.2008022,-3.3617222],[-45.2010697,-3.3618296],[-45.2012837,-3.3618295],[-45.2014977,-3.3616146],[-45.2019256,-3.3612922],[-45.2020861,-3.3610772],[-45.2023536,-3.3610772],[-45.2026746,-3.3611308],[-45.2027817,-3.361292],[-45.2027283,-3.3619904],[-45.2026749,-3.3621516],[-45.2027284,-3.3624739],[-45.2030495,-3.3628499],[-45.2032101,-3.3632259],[-45.2033172,-3.3639243],[-45.2029964,-3.3645153],[-45.202729,-3.3652138],[-45.2023546,-3.3657511],[-45.2016591,-3.3661273],[-45.2013381,-3.3661274],[-45.2011776,-3.366396],[-45.2012313,-3.3669333],[-45.2010174,-3.3675243],[-45.2005359,-3.367793],[-45.2005895,-3.3682227],[-45.2009105,-3.3683301],[-45.2012851,-3.3683301],[-45.201499,-3.3682226],[-45.2019805,-3.3680076],[-45.202676,-3.3674702],[-45.2035855,-3.3675774],[-45.2041741,-3.367631],[-45.2044416,-3.3679533],[-45.2046557,-3.3682219],[-45.2046024,-3.3693501],[-45.2042817,-3.370747],[-45.2037468,-3.3713918],[-45.2034794,-3.3718753],[-45.2034795,-3.3723051],[-45.203961,-3.3724662],[-45.2048171,-3.3723048],[-45.2051381,-3.3726271],[-45.2055662,-3.3728419],[-45.2058872,-3.3727881],[-45.2061012,-3.3725732],[-45.2061011,-3.3723583],[-45.206101,-3.3716599],[-45.2061009,-3.3711764],[-45.2063148,-3.3706391],[-45.2065822,-3.3699406],[-45.2069566,-3.3696182],[-45.2075987,-3.3696718],[-45.2080268,-3.3700478],[-45.208562,-3.3710147],[-45.2091506,-3.3715518],[-45.2092595,-3.3719999],[-45.2090992,-3.3730207],[-45.2087247,-3.3731819],[-45.2086178,-3.3736654],[-45.2087784,-3.3738803],[-45.2091529,-3.3739877],[-45.2092066,-3.3745786],[-45.2092602,-3.3753845],[-45.2092069,-3.3764052],[-45.2091536,-3.3770499],[-45.2092072,-3.3776946],[-45.2093678,-3.3781243],[-45.2095284,-3.3782854],[-45.2097959,-3.3782854],[-45.2099029,-3.3781242],[-45.2097958,-3.3778556],[-45.2096887,-3.377587],[-45.2096887,-3.3772647],[-45.2096886,-3.3770498],[-45.2098491,-3.3768349],[-45.2103305,-3.3765661],[-45.2103305,-3.3762975],[-45.2100629,-3.3758678],[-45.2100628,-3.375438],[-45.2100626,-3.3742561],[-45.2101695,-3.3740412],[-45.2103835,-3.3738262],[-45.210865,-3.3740948],[-45.2113466,-3.3741484],[-45.2115606,-3.3739871],[-45.2114534,-3.3733962],[-45.2112928,-3.3730202],[-45.2106508,-3.3728592],[-45.2102227,-3.3724295],[-45.210062,-3.3717848],[-45.2100618,-3.3709252],[-45.2102222,-3.3704954],[-45.2108642,-3.3704416],[-45.2117738,-3.3705488],[-45.2124694,-3.3706561],[-45.213165,-3.3708709],[-45.2132186,-3.3713006],[-45.2141281,-3.371193],[-45.2142885,-3.3708706],[-45.2143954,-3.3703333],[-45.2151444,-3.370172],[-45.2156794,-3.3701182],[-45.2162679,-3.3697957],[-45.2166958,-3.3693121],[-45.2166957,-3.3688823],[-45.2163746,-3.36856],[-45.2156257,-3.3687751],[-45.2150906,-3.3687215],[-45.2145556,-3.3688828],[-45.2140742,-3.3694738],[-45.2138067,-3.3694739],[-45.2134321,-3.3691517],[-45.213325,-3.3686682],[-45.2135924,-3.3680772],[-45.2136458,-3.3678085],[-45.2130573,-3.3676475],[-45.2124688,-3.3680774],[-45.2116663,-3.3678627],[-45.2111847,-3.3677553],[-45.2106497,-3.3679166],[-45.2101147,-3.3682391],[-45.2098472,-3.368078],[-45.2096866,-3.3676482],[-45.2092585,-3.3670573],[-45.2087232,-3.3660905],[-45.208616,-3.3651235],[-45.2083484,-3.3644788],[-45.2083482,-3.3639953],[-45.2085622,-3.3638341],[-45.2091508,-3.3638877],[-45.2098997,-3.3635652],[-45.2108627,-3.3634576],[-45.2116653,-3.363726],[-45.2118259,-3.363726],[-45.2121468,-3.3634573],[-45.2126282,-3.3630274],[-45.2135377,-3.3625974],[-45.2142867,-3.3627047],[-45.2146613,-3.3627583],[-45.2151427,-3.3625433],[-45.2156778,-3.3625432],[-45.2159453,-3.362382],[-45.2158916,-3.361791],[-45.2151425,-3.3615226],[-45.2141795,-3.3615228],[-45.2133769,-3.3613618],[-45.2126814,-3.3613082],[-45.2120928,-3.3611472],[-45.2113973,-3.3613622],[-45.2109158,-3.3613623],[-45.2104344,-3.3616848],[-45.2100064,-3.3617386],[-45.2095248,-3.3618461],[-45.2091503,-3.3618462],[-45.2089363,-3.3615239],[-45.2089362,-3.3609867],[-45.2092036,-3.3605569],[-45.2095246,-3.3604493],[-45.2099525,-3.3601269],[-45.2102199,-3.3595359],[-45.2108083,-3.3592134],[-45.2111828,-3.358891],[-45.2115037,-3.3583],[-45.2115036,-3.3579239],[-45.2118781,-3.3577627],[-45.2123596,-3.3576014],[-45.2128411,-3.3578699],[-45.2134297,-3.3579772],[-45.2140183,-3.3585143],[-45.2144999,-3.3587828],[-45.2146604,-3.3586754],[-45.2147138,-3.358353],[-45.2146067,-3.3578158],[-45.2144996,-3.3574935],[-45.2144461,-3.3571712],[-45.2141785,-3.3569026],[-45.2136401,-3.356562],[-45.2131585,-3.356401],[-45.2127839,-3.3558638],[-45.2127838,-3.3555415],[-45.2125162,-3.355058],[-45.2121952,-3.3549506],[-45.2115532,-3.3549508],[-45.2105366,-3.3547361],[-45.2098945,-3.3545214],[-45.2096269,-3.353823],[-45.2096802,-3.3531246],[-45.2097871,-3.3528022],[-45.2098941,-3.3523724],[-45.209894,-3.3521038],[-45.2096264,-3.351889],[-45.2088239,-3.3519966],[-45.2082354,-3.3518893],[-45.2072647,-3.3521666],[-45.2054291,-3.3523718],[-45.2046133,-3.3524402],[-45.2037023,-3.3524912],[-45.203167,-3.3524913],[-45.2026317,-3.352861],[-45.2014959,-3.3530189],[-45.2008004,-3.3530727],[-45.2002655,-3.3535564],[-45.199677,-3.3535028],[-45.1994629,-3.353073],[-45.1993558,-3.3528044],[-45.1990347,-3.352321],[-45.1982857,-3.3523211],[-45.1977506,-3.3521064],[-45.197376,-3.3517304],[-45.196841,-3.3514618],[-45.1965734,-3.3514619],[-45.1964666,-3.3522141]]]]}},{"type":"Feature","properties":{"fid":32,"gid":19610.0,"esp_cd":6386.0,"cod_snisb":null,"cod_sar":null,"nmoriginal":null,"nmalternat":null,"nmgenerico":null,"nmligacao":null,"nmespecifi":null,"detipomass":"Natural","dedominial":"Estadual","dedominio":"Corpo Hídrico Estadual","defiscaliz":null,"nmemp":null,"fonmemp":null,"dtreserv":null,"fodtreserv":null,"nuvolumhm3":null,"fonuvolume":null,"nuperimkm":14.0092418333664,"nuareakm2":1.69369979862932,"nuareaha":169.369979862932,"nucompgeom":3.03560683975262,"usoprinc":null,"fousoprinc":null,"detipoapr":null,"detipomda":null,"salinidade":null,"regime":null,"nmriocomp":null,"nmufe":"MARANHÃO","nmmun":"CAJARI","defonte":null,"desatelite":"157-104_20050621","deversao":"bho_massa_dagua","deobs":null,"nuvzreg":null,"nuvzlago":null,"nuvzdeflu":null,"cdtipooper":null,"detipooper":null,"fovzlago":null,"fovzdeflu":null,"fovzreg":null,"cobarprin":null,"cotrecho":null,"nuvzrecebe":null,"nuvztransf":null,"deobsvazao":null,"cocda2013":null,"cocda2017":null},"geometry":{"type":"MultiPolygon","coordinates":[[[[-45.033712,-3.419644],[-45.033247,-3.4196907],[-45.0329449,-3.4195273],[-45.0327588,-3.4190605],[-45.0325264,-3.4188504],[-45.0322706,-3.4188504],[-45.0321079,-3.4190838],[-45.031736,-3.4193639],[-45.031364,-3.4192706],[-45.0308758,-3.4190839],[-45.0305736,-3.4188271],[-45.0302946,-3.4187804],[-45.0301086,-3.4189438],[-45.0301319,-3.4194807],[-45.0304574,-3.4200642],[-45.0305504,-3.4204144],[-45.0304574,-3.4206478],[-45.0302017,-3.4207178],[-45.0299692,-3.4205778],[-45.0297832,-3.4202043],[-45.0295427,-3.4202095],[-45.0293102,-3.4202795],[-45.0290275,-3.420411],[-45.0287684,-3.4205122],[-45.028538,-3.4207435],[-45.0285669,-3.4210615],[-45.0287396,-3.4215819],[-45.0286389,-3.4221167],[-45.0284262,-3.4224642],[-45.0281729,-3.422626],[-45.0281499,-3.4227878],[-45.0283341,-3.4229034],[-45.0286334,-3.4231114],[-45.0286564,-3.4233657],[-45.0284032,-3.4238049],[-45.0278967,-3.4240823],[-45.0275514,-3.4242903],[-45.0273212,-3.4245908],[-45.0273443,-3.4248913],[-45.0275745,-3.4251225],[-45.0279541,-3.4254606],[-45.028388,-3.4254878],[-45.0286863,-3.4254333],[-45.0290931,-3.4253789],[-45.0294727,-3.4254878],[-45.0296354,-3.42576],[-45.0296355,-3.4261412],[-45.0294727,-3.4264135],[-45.0290931,-3.4266586],[-45.0287677,-3.4270126],[-45.028605,-3.4275027],[-45.0283338,-3.4275844],[-45.027927,-3.4275572],[-45.0275745,-3.4275027],[-45.0273305,-3.4275299],[-45.0270593,-3.4277205],[-45.0265711,-3.4280745],[-45.0257576,-3.4282379],[-45.0254322,-3.4281835],[-45.0251339,-3.4281835],[-45.0249169,-3.4283196],[-45.0247813,-3.4285919],[-45.0247813,-3.4289459],[-45.0246186,-3.429191],[-45.0242119,-3.4292726],[-45.0239678,-3.4294088],[-45.0238322,-3.4296539],[-45.0238593,-3.4298717],[-45.0240763,-3.4301167],[-45.024239,-3.4301984],[-45.0245644,-3.4301984],[-45.0248356,-3.4301167],[-45.0252424,-3.4301167],[-45.0254594,-3.4302801],[-45.0255678,-3.4305251],[-45.0257848,-3.430634],[-45.0259746,-3.4304979],[-45.0260831,-3.4302256],[-45.0264085,-3.4299805],[-45.026761,-3.4299805],[-45.0271136,-3.430035],[-45.0271949,-3.4303617],[-45.0271407,-3.4309335],[-45.0268424,-3.4318593],[-45.0268967,-3.4324311],[-45.0270323,-3.4327306],[-45.0274119,-3.4327033],[-45.0279814,-3.4323221],[-45.0281441,-3.4319682],[-45.0284424,-3.431233],[-45.0284966,-3.4306884],[-45.0289305,-3.4299805],[-45.0292288,-3.4296809],[-45.029744,-3.429218],[-45.0300152,-3.4290547],[-45.0303135,-3.4289457],[-45.0308016,-3.4289457],[-45.0310186,-3.4291908],[-45.0312084,-3.429572],[-45.0311813,-3.4301438],[-45.0308288,-3.4304705],[-45.0302593,-3.4306339],[-45.0300695,-3.4310151],[-45.0299339,-3.4314508],[-45.0296085,-3.4317231],[-45.0295,-3.4319681],[-45.0295814,-3.4322676],[-45.0298034,-3.4327918],[-45.0299119,-3.4334725],[-45.0299933,-3.4340443],[-45.0300204,-3.4347795],[-45.0301018,-3.4350245],[-45.030373,-3.4350245],[-45.0305899,-3.4347794],[-45.0308069,-3.4343438],[-45.0309967,-3.4336631],[-45.0309967,-3.4329551],[-45.0313763,-3.4321383],[-45.0319186,-3.4316481],[-45.0322441,-3.4314575],[-45.0326237,-3.4314303],[-45.0328949,-3.4316209],[-45.0335458,-3.4319748],[-45.0337627,-3.4324649],[-45.0339797,-3.4330095],[-45.0340611,-3.4334724],[-45.0340611,-3.4337719],[-45.0342509,-3.4341803],[-45.0346848,-3.4343436],[-45.0350916,-3.4342075],[-45.0358238,-3.4343164],[-45.0362577,-3.4346159],[-45.0365018,-3.4350515],[-45.0366427,-3.4357393],[-45.0364258,-3.43642],[-45.0364529,-3.4368285],[-45.0367512,-3.4371824],[-45.0372394,-3.4378359],[-45.0374021,-3.4383804],[-45.0379445,-3.4386799],[-45.0383784,-3.4386799],[-45.0387309,-3.4386254],[-45.0387852,-3.4384621],[-45.0387309,-3.4381353],[-45.0385139,-3.4376725],[-45.0381614,-3.4373185],[-45.0380529,-3.4369373],[-45.0381342,-3.4365017],[-45.0386766,-3.4362021],[-45.0390291,-3.4361749],[-45.0392732,-3.4359298],[-45.0392732,-3.4355759],[-45.0391918,-3.4352763],[-45.0393003,-3.4348951],[-45.0395172,-3.4345684],[-45.0396528,-3.4342689],[-45.0396528,-3.4339966],[-45.0395714,-3.4337243],[-45.0393544,-3.4333431],[-45.0391917,-3.4328258],[-45.0391646,-3.4323629],[-45.0394629,-3.4318456],[-45.0398425,-3.4314371],[-45.0405476,-3.4313009],[-45.0410357,-3.4313282],[-45.0413069,-3.4312192],[-45.0413611,-3.4308652],[-45.0413611,-3.4304568],[-45.041117,-3.4301573],[-45.0407102,-3.4298851],[-45.0404397,-3.4293836],[-45.0403041,-3.4286212],[-45.0401142,-3.4279133],[-45.0398701,-3.4274232],[-45.0392735,-3.4270692],[-45.0388939,-3.4270148],[-45.0384329,-3.4271237],[-45.0381075,-3.4275049],[-45.0381617,-3.4279406],[-45.0383516,-3.4281856],[-45.0382973,-3.4285668],[-45.0379448,-3.4288119],[-45.0374296,-3.4288663],[-45.0370228,-3.4288664],[-45.0368329,-3.428703],[-45.0367787,-3.428349],[-45.03686,-3.4279134],[-45.0367244,-3.4274505],[-45.036399,-3.4273688],[-45.0360736,-3.4274505],[-45.035477,-3.4275595],[-45.0350702,-3.4276684],[-45.0348804,-3.4279951],[-45.0347991,-3.4285397],[-45.0349889,-3.4289209],[-45.0352872,-3.4292204],[-45.0353387,-3.42935],[-45.0352586,-3.429484],[-45.0349651,-3.4297118],[-45.0347783,-3.4298994],[-45.0346715,-3.4301808],[-45.0347916,-3.4305024],[-45.0349918,-3.4306765],[-45.0354722,-3.4306497],[-45.0357658,-3.4305157],[-45.0361268,-3.4302911],[-45.0365704,-3.4302226],[-45.0369458,-3.4302568],[-45.0373553,-3.430154],[-45.0376965,-3.4303938],[-45.0376828,-3.4306809],[-45.0375631,-3.4307771],[-45.0373238,-3.4309694],[-45.0372519,-3.4312818],[-45.0373956,-3.4314982],[-45.0377068,-3.4317145],[-45.0377068,-3.432051],[-45.0374914,-3.4322914],[-45.0370365,-3.4324356],[-45.0363902,-3.4324597],[-45.0359114,-3.4323395],[-45.0356002,-3.4319549],[-45.0354565,-3.4319069],[-45.0351693,-3.4319069],[-45.0348341,-3.4319069],[-45.0344272,-3.4319069],[-45.0340681,-3.4318348],[-45.0339005,-3.4315944],[-45.0338287,-3.431282],[-45.033685,-3.4308974],[-45.0334217,-3.4307291],[-45.0332541,-3.4304648],[-45.0332301,-3.4300321],[-45.0332301,-3.4296475],[-45.0331344,-3.429311],[-45.0328231,-3.4290466],[-45.0325119,-3.4288063],[-45.0325358,-3.4284457],[-45.0327752,-3.4281813],[-45.0330386,-3.4280131],[-45.0330625,-3.4278208],[-45.0329667,-3.4275083],[-45.032847,-3.4272199],[-45.0327512,-3.4269555],[-45.0327991,-3.4267151],[-45.0329906,-3.4265709],[-45.0334694,-3.4264507],[-45.0337088,-3.4263545],[-45.0337566,-3.4260661],[-45.0336848,-3.4256815],[-45.0334694,-3.4255133],[-45.0332539,-3.425297],[-45.0332539,-3.4248884],[-45.0335651,-3.4245038],[-45.0336369,-3.4240711],[-45.0337326,-3.4236144],[-45.0340438,-3.4233981],[-45.0345705,-3.4234701],[-45.0349296,-3.4235423],[-45.0350014,-3.4239028],[-45.034786,-3.4245037],[-45.0346663,-3.4251046],[-45.034786,-3.425393],[-45.0352408,-3.4254411],[-45.0356239,-3.4254892],[-45.0358154,-3.4257776],[-45.0360309,-3.4259458],[-45.0362702,-3.4259458],[-45.0366772,-3.4256334],[-45.0369645,-3.4249844],[-45.0374432,-3.4242392],[-45.0375629,-3.4235902],[-45.0377563,-3.4230985],[-45.0379958,-3.4229062],[-45.038283,-3.422786],[-45.0385463,-3.4227379],[-45.0386421,-3.4225937],[-45.0386181,-3.4222332],[-45.0383548,-3.4218967],[-45.0379957,-3.4216323],[-45.0378281,-3.4212717],[-45.0378281,-3.4208871],[-45.037732,-3.4203596],[-45.037416,-3.4200687],[-45.0369683,-3.4199366],[-45.0366259,-3.4198044],[-45.0365996,-3.4194606],[-45.0367313,-3.419302],[-45.0368893,-3.4190111],[-45.0368103,-3.4186409],[-45.0364679,-3.4183765],[-45.0359719,-3.4179587],[-45.0356811,-3.4176813],[-45.0354322,-3.4173797],[-45.0352462,-3.417123],[-45.0350138,-3.4170997],[-45.0347813,-3.417193],[-45.0345488,-3.4174264],[-45.0342234,-3.4176599],[-45.0339444,-3.4177299],[-45.0338514,-3.41794],[-45.0338747,-3.4181968],[-45.0341304,-3.4188037],[-45.0340607,-3.4193405],[-45.033712,-3.419644]]]]}},{"type":"Feature","properties":{"fid":33,"gid":3507.0,"esp_cd":6385.0,"cod_snisb":null,"cod_sar":null,"nmoriginal":null,"nmalternat":null,"nmgenerico":null,"nmligacao":null,"nmespecifi":null,"detipomass":"Artificial","dedominial":"Estadual","dedominio":"Corpo Hídrico Estadual","defiscaliz":"ESTADO","nmemp":null,"fonmemp":null,"dtreserv":null,"fodtreserv":null,"nuvolumhm3":null,"fonuvolume":null,"nuperimkm":18.8315785109498,"nuareakm2":2.45241643569817,"nuareaha":245.241643569817,"nucompgeom":3.3910853802232,"usoprinc":null,"fousoprinc":null,"detipoapr":null,"detipomda":null,"salinidade":null,"regime":null,"nmriocomp":null,"nmufe":"MARANHÃO","nmmun":"CAJARI","defonte":null,"desatelite":"157-104_20050621","deversao":"bho_massa_dagua","deobs":null,"nuvzreg":null,"nuvzlago":null,"nuvzdeflu":null,"cdtipooper":null,"detipooper":null,"fovzlago":null,"fovzdeflu":null,"fovzreg":null,"cobarprin":null,"cotrecho":null,"nuvzrecebe":null,"nuvztransf":null,"deobsvazao":null,"cocda2013":null,"cocda2017":null},"geometry":{"type":"MultiPolygon","coordinates":[[[[-45.0030343,-3.4138335],[-45.0032901,-3.4144499],[-45.0036483,-3.4148866],[-45.0038529,-3.4152462],[-45.0038018,-3.4155544],[-45.0035459,-3.4157085],[-45.0031367,-3.4157856],[-45.0025994,-3.4158883],[-45.002446,-3.4162223],[-45.0023181,-3.4164791],[-45.0020878,-3.4166332],[-45.0017553,-3.4166075],[-45.0014483,-3.4166589],[-45.0011157,-3.4168644],[-45.0007576,-3.4171213],[-45.0003994,-3.4170956],[-45.0001436,-3.4171726],[-45.0000157,-3.4173524],[-45.0000669,-3.4175579],[-45.0002203,-3.4177634],[-45.0005273,-3.4178661],[-45.0007064,-3.4180716],[-45.0008087,-3.4183028],[-45.0010645,-3.4185083],[-45.0013971,-3.4184826],[-45.0015762,-3.4183542],[-45.0016774,-3.4181847],[-45.0022971,-3.4178114],[-45.0027102,-3.417604],[-45.0029167,-3.4172722],[-45.0032472,-3.4170233],[-45.0035777,-3.4170648],[-45.0038256,-3.4173551],[-45.0039082,-3.4177285],[-45.0043213,-3.4180188],[-45.0047757,-3.4178944],[-45.0049823,-3.4175625],[-45.0050236,-3.4171477],[-45.0053954,-3.4167329],[-45.0056019,-3.4167329],[-45.0058911,-3.4167744],[-45.0061802,-3.4170233],[-45.0067586,-3.4175625],[-45.0068825,-3.4179773],[-45.0068412,-3.4183091],[-45.0065108,-3.418475],[-45.0058498,-3.4190143],[-45.005478,-3.419595],[-45.0052301,-3.4199268],[-45.0047344,-3.4200098],[-45.0034951,-3.4196779],[-45.0029167,-3.4194706],[-45.002545,-3.4195535],[-45.0023384,-3.4198439],[-45.002421,-3.4200512],[-45.0031646,-3.4203416],[-45.0034125,-3.4211297],[-45.0032885,-3.4218348],[-45.0029994,-3.4221667],[-45.002545,-3.4221667],[-45.001884,-3.4220422],[-45.0015122,-3.4221252],[-45.0013469,-3.4222911],[-45.0013469,-3.4227473],[-45.0017188,-3.4231621],[-45.0022558,-3.4233695],[-45.0027102,-3.4235769],[-45.0033299,-3.423494],[-45.0037843,-3.4237428],[-45.0041974,-3.4236599],[-45.0047757,-3.423328],[-45.0052301,-3.4227059],[-45.0056019,-3.422457],[-45.006139,-3.4225399],[-45.0064695,-3.4229133],[-45.0063869,-3.4237428],[-45.0056846,-3.4245309],[-45.0055193,-3.4249457],[-45.005602,-3.425236],[-45.0060977,-3.4251531],[-45.006577,-3.4251403],[-45.0067803,-3.4252015],[-45.0068006,-3.425426],[-45.006699,-3.4256506],[-45.0066786,-3.4259771],[-45.0068819,-3.4262221],[-45.0072275,-3.4263854],[-45.0074308,-3.4263241],[-45.0074308,-3.4260588],[-45.0073291,-3.4258547],[-45.0074105,-3.4256097],[-45.0076341,-3.4255485],[-45.007939,-3.4256097],[-45.008122,-3.4258547],[-45.0083659,-3.4258547],[-45.0083862,-3.4256302],[-45.0082033,-3.4253036],[-45.0078577,-3.424977],[-45.0077967,-3.4245075],[-45.0077764,-3.4239564],[-45.0078373,-3.4233441],[-45.007939,-3.4228338],[-45.0081626,-3.4223439],[-45.0085895,-3.4221602],[-45.0089147,-3.4217724],[-45.0091384,-3.4213234],[-45.0097482,-3.4211805],[-45.0102158,-3.4213234],[-45.0103174,-3.4217724],[-45.0101548,-3.4225072],[-45.0099397,-3.4232676],[-45.0096471,-3.4236593],[-45.0096796,-3.4241163],[-45.0099722,-3.4245406],[-45.0102973,-3.424965],[-45.0105899,-3.425324],[-45.0109475,-3.425324],[-45.0110775,-3.4248997],[-45.0109475,-3.4244754],[-45.0109475,-3.4239204],[-45.0114676,-3.4233656],[-45.0123778,-3.4226475],[-45.012898,-3.422321],[-45.0131817,-3.4222585],[-45.0135017,-3.4223709],[-45.0136776,-3.422644],[-45.0136457,-3.4230295],[-45.0133257,-3.4230937],[-45.0128458,-3.4231259],[-45.0126538,-3.4233507],[-45.0126859,-3.4236559],[-45.0129258,-3.4240093],[-45.0132618,-3.4244108],[-45.01348,-3.4249124],[-45.0135824,-3.4255032],[-45.0135056,-3.426171],[-45.0132754,-3.4268388],[-45.013301,-3.4273526],[-45.0134289,-3.4278406],[-45.0137103,-3.427969],[-45.0140429,-3.4278663],[-45.0143499,-3.427558],[-45.0146824,-3.427558],[-45.0150662,-3.4278919],[-45.015501,-3.4282002],[-45.0158336,-3.4281488],[-45.0160383,-3.4278149],[-45.0159615,-3.4273525],[-45.0156801,-3.4270186],[-45.0156034,-3.4268645],[-45.0156033,-3.4266333],[-45.0157568,-3.4263508],[-45.0158592,-3.4260426],[-45.015808,-3.4257086],[-45.0156545,-3.425349],[-45.0153475,-3.4249638],[-45.0152963,-3.4246812],[-45.0153987,-3.4242702],[-45.0157824,-3.4240904],[-45.0161917,-3.4240134],[-45.0164987,-3.4239877],[-45.0167801,-3.4241932],[-45.0169591,-3.4245271],[-45.0172406,-3.4249123],[-45.0177778,-3.4249637],[-45.0184781,-3.4248836],[-45.0187851,-3.4247038],[-45.0188874,-3.4244212],[-45.018785,-3.4239846],[-45.0185804,-3.4237791],[-45.018299,-3.423625],[-45.0182478,-3.4231883],[-45.018478,-3.4227774],[-45.0187594,-3.4226232],[-45.0191943,-3.4226232],[-45.0196548,-3.4224691],[-45.0197571,-3.4220838],[-45.0196548,-3.4217499],[-45.0193989,-3.4216215],[-45.0191431,-3.4214674],[-45.0190408,-3.4213133],[-45.0190408,-3.4209794],[-45.0192966,-3.4207995],[-45.0197827,-3.4207995],[-45.0200897,-3.4205427],[-45.0202943,-3.4203115],[-45.0202943,-3.4199005],[-45.0200896,-3.4195409],[-45.0198338,-3.4192327],[-45.0197826,-3.4189245],[-45.0199617,-3.4186933],[-45.0203198,-3.4187447],[-45.0204733,-3.4190015],[-45.0207547,-3.4190786],[-45.020985,-3.4189501],[-45.0210873,-3.4186933],[-45.0212664,-3.4185392],[-45.0216757,-3.4185392],[-45.0221617,-3.4188474],[-45.0225199,-3.4191813],[-45.0226478,-3.4196436],[-45.0224687,-3.4201317],[-45.0221106,-3.4205426],[-45.0219315,-3.4209536],[-45.0218548,-3.4213646],[-45.0219571,-3.4215701],[-45.022213,-3.4216471],[-45.0226478,-3.42157],[-45.0228525,-3.4217241],[-45.0228781,-3.4220324],[-45.0226734,-3.4222892],[-45.0223153,-3.4225718],[-45.021906,-3.4225461],[-45.021599,-3.4223663],[-45.0214199,-3.4224177],[-45.0213432,-3.4226232],[-45.0213176,-3.4229314],[-45.0209851,-3.4231883],[-45.0207548,-3.4232654],[-45.0206013,-3.4235993],[-45.0206781,-3.4239589],[-45.020627,-3.4244983],[-45.0202176,-3.4246267],[-45.0197572,-3.4246267],[-45.0195525,-3.4246781],[-45.0195269,-3.4249093],[-45.0196293,-3.4251918],[-45.0198083,-3.4255],[-45.0198595,-3.425834],[-45.0199363,-3.4261935],[-45.0202432,-3.426322],[-45.0208828,-3.4263476],[-45.0211386,-3.4263219],[-45.02163,-3.426359],[-45.0218091,-3.4265132],[-45.021937,-3.4268727],[-45.0221161,-3.4274122],[-45.0223975,-3.427669],[-45.0228324,-3.4278745],[-45.0230882,-3.4277204],[-45.0231394,-3.4271553],[-45.023165,-3.4262563],[-45.0232161,-3.4255114],[-45.0232928,-3.4252545],[-45.0234463,-3.4250747],[-45.0237277,-3.4251004],[-45.0240603,-3.4252545],[-45.0244184,-3.4255627],[-45.0249812,-3.4255627],[-45.0256464,-3.4255113],[-45.0262092,-3.4254599],[-45.0262859,-3.4252545],[-45.0263115,-3.4249719],[-45.0261836,-3.4248178],[-45.0256975,-3.4244839],[-45.0253649,-3.4237647],[-45.0253905,-3.4233794],[-45.0256975,-3.4231225],[-45.0260556,-3.4231996],[-45.0264394,-3.4234821],[-45.0267208,-3.4234564],[-45.0269766,-3.4232252],[-45.0270277,-3.4227629],[-45.0271812,-3.422506],[-45.0270789,-3.4221208],[-45.026823,-3.422018],[-45.0262858,-3.4219153],[-45.0260812,-3.4217098],[-45.0260556,-3.4213759],[-45.0262858,-3.421119],[-45.0266979,-3.4205916],[-45.0271072,-3.4204375],[-45.0274142,-3.4202833],[-45.0277467,-3.4199494],[-45.0279002,-3.419821],[-45.0279002,-3.4196155],[-45.0277467,-3.41941],[-45.0273886,-3.4190504],[-45.0273885,-3.4186138],[-45.0277467,-3.4183055],[-45.0281048,-3.4182028],[-45.028463,-3.4184083],[-45.0285909,-3.4188449],[-45.0288211,-3.4190247],[-45.0291025,-3.418999],[-45.0292049,-3.4187678],[-45.0292304,-3.4184596],[-45.0294606,-3.4182541],[-45.0297165,-3.4182027],[-45.0299211,-3.4179459],[-45.0301258,-3.4175092],[-45.0304839,-3.4172009],[-45.0309188,-3.416867],[-45.0312769,-3.4168156],[-45.0314048,-3.4165588],[-45.0314559,-3.4159937],[-45.0311745,-3.4155057],[-45.030842,-3.4150947],[-45.0303815,-3.4149149],[-45.0298187,-3.414915],[-45.0291792,-3.4153003],[-45.0287955,-3.4159938],[-45.0284629,-3.4165075],[-45.0282838,-3.4167901],[-45.0281048,-3.4168671],[-45.0278746,-3.4168671],[-45.0274908,-3.4165332],[-45.0268768,-3.4158397],[-45.0264164,-3.4156343],[-45.0259303,-3.4155829],[-45.0254698,-3.41566],[-45.025214,-3.4159168],[-45.025214,-3.4162764],[-45.0253164,-3.4165076],[-45.0256745,-3.4167644],[-45.025828,-3.4169699],[-45.0258025,-3.4172268],[-45.0255722,-3.4175093],[-45.0251373,-3.4176635],[-45.0249839,-3.4178946],[-45.0247792,-3.4183313],[-45.0243443,-3.4186652],[-45.0237559,-3.418768],[-45.0232955,-3.4186396],[-45.0228606,-3.418357],[-45.0226303,-3.4179717],[-45.0221955,-3.417792],[-45.0215559,-3.4178176],[-45.0210187,-3.417869],[-45.0206094,-3.4177149],[-45.0201489,-3.4172783],[-45.0193814,-3.4171499],[-45.0187931,-3.4172013],[-45.0185117,-3.4171499],[-45.0184861,-3.4169701],[-45.0185373,-3.4167132],[-45.0192395,-3.4163502],[-45.0194697,-3.4160934],[-45.0194442,-3.4159649],[-45.0192395,-3.4158365],[-45.0187791,-3.4157852],[-45.0186,-3.415554],[-45.0186767,-3.4152714],[-45.0185744,-3.4151687],[-45.0183186,-3.415066],[-45.0179348,-3.415143],[-45.0174744,-3.4154513],[-45.0169627,-3.4155283],[-45.0166558,-3.415554],[-45.0164255,-3.4157081],[-45.0159651,-3.415965],[-45.0155814,-3.4158109],[-45.0153255,-3.4157595],[-45.0150953,-3.4158623],[-45.0150953,-3.4161448],[-45.015172,-3.416453],[-45.015479,-3.4166585],[-45.0158884,-3.4168383],[-45.0158628,-3.4171722],[-45.0156837,-3.4173777],[-45.0153511,-3.4174034],[-45.0150953,-3.4172493],[-45.0149162,-3.416864],[-45.0146348,-3.4165044],[-45.0141999,-3.4163246],[-45.0137906,-3.416376],[-45.0133302,-3.4166072],[-45.0128953,-3.4166586],[-45.0126906,-3.4165301],[-45.0125627,-3.4161962],[-45.0123069,-3.4161192],[-45.0120511,-3.4161705],[-45.0115395,-3.4162476],[-45.0111813,-3.4160935],[-45.0110278,-3.4157082],[-45.0105929,-3.4155798],[-45.0102604,-3.4156569],[-45.0097487,-3.4158367],[-45.0094673,-3.4157853],[-45.0086743,-3.4157596],[-45.0078557,-3.4160935],[-45.00746,-3.4161195],[-45.0072809,-3.4159397],[-45.0072041,-3.4156315],[-45.0072297,-3.4152719],[-45.0070506,-3.4149123],[-45.0068971,-3.414604],[-45.0066413,-3.414116],[-45.0061809,-3.4139105],[-45.0058227,-3.4139105],[-45.0056692,-3.4140646],[-45.0053878,-3.4142958],[-45.0049529,-3.4143215],[-45.0044157,-3.4141674],[-45.0040576,-3.4136537],[-45.0038273,-3.4131143],[-45.0032134,-3.4129345],[-45.0028553,-3.4130115],[-45.0026762,-3.413217],[-45.0027018,-3.4135252],[-45.0030343,-3.4138335]]]]}},{"type":"Feature","properties":{"fid":34,"gid":43160.0,"esp_cd":6411.0,"cod_snisb":null,"cod_sar":null,"nmoriginal":null,"nmalternat":null,"nmgenerico":null,"nmligacao":null,"nmespecifi":null,"detipomass":"Natural","dedominial":"Estadual","dedominio":"Corpo Hídrico Estadual","defiscaliz":null,"nmemp":null,"fonmemp":null,"dtreserv":null,"fodtreserv":null,"nuvolumhm3":null,"fonuvolume":null,"nuperimkm":4.79549815561563,"nuareakm2":0.332736352019482,"nuareaha":33.2736352019482,"nucompgeom":2.34440538989408,"usoprinc":null,"fousoprinc":null,"detipoapr":null,"detipomda":null,"salinidade":null,"regime":null,"nmriocomp":null,"nmufe":"MARANHÃO","nmmun":"CAJARI","defonte":null,"desatelite":"157-104_20050621","deversao":"bho_massa_dagua","deobs":null,"nuvzreg":null,"nuvzlago":null,"nuvzdeflu":null,"cdtipooper":null,"detipooper":null,"fovzlago":null,"fovzdeflu":null,"fovzreg":null,"cobarprin":null,"cotrecho":null,"nuvzrecebe":null,"nuvztransf":null,"deobsvazao":null,"cocda2013":null,"cocda2017":null},"geometry":{"type":"MultiPolygon","coordinates":[[[[-45.088449,-3.3400324],[-45.0880374,-3.3403539],[-45.0879002,-3.3406754],[-45.0878707,-3.340902],[-45.0879931,-3.3414752],[-45.0877078,-3.3421712],[-45.0868109,-3.3433585],[-45.0861993,-3.3438089],[-45.0860771,-3.3443821],[-45.0862811,-3.3456103],[-45.0864442,-3.3462653],[-45.0866073,-3.34647],[-45.0869742,-3.346429],[-45.0874227,-3.3465927],[-45.0876674,-3.3470021],[-45.0875451,-3.3474525],[-45.0873005,-3.3476163],[-45.086852,-3.3477801],[-45.0866482,-3.3479848],[-45.086689,-3.3482304],[-45.0869336,-3.3483123],[-45.087219,-3.3481894],[-45.0875451,-3.3479028],[-45.0881567,-3.3479028],[-45.0884735,-3.3482794],[-45.088805,-3.3490281],[-45.0893021,-3.3491113],[-45.0895506,-3.3486953],[-45.0895506,-3.3481129],[-45.0885562,-3.3470314],[-45.0882247,-3.3458667],[-45.088556,-3.3444524],[-45.089053,-3.3431211],[-45.0898814,-3.3419563],[-45.0901822,-3.3406957],[-45.0905351,-3.3403413],[-45.0910805,-3.3402446],[-45.0917222,-3.3404056],[-45.0922998,-3.3414365],[-45.0925566,-3.3422741],[-45.0928775,-3.343015],[-45.0932305,-3.3438527],[-45.0937439,-3.3442392],[-45.0941931,-3.344658],[-45.0944818,-3.3447224],[-45.0947154,-3.3445785],[-45.0948526,-3.3441652],[-45.0952184,-3.3435681],[-45.0953098,-3.3432007],[-45.0958129,-3.342971],[-45.0959044,-3.3427413],[-45.0958586,-3.3424658],[-45.095447,-3.3424199],[-45.0948067,-3.34242],[-45.0942578,-3.3421444],[-45.0938461,-3.341823],[-45.0931601,-3.3415934],[-45.0927484,-3.3410883],[-45.0924739,-3.340032],[-45.0918335,-3.3397106],[-45.0913303,-3.3389758],[-45.0906443,-3.3387922],[-45.0902327,-3.33893],[-45.090004,-3.3394811],[-45.0897296,-3.3397108],[-45.0891808,-3.3397567],[-45.0887234,-3.3398027],[-45.088449,-3.3400324]]]]}},{"type":"Feature","properties":{"fid":35,"gid":6795.0,"esp_cd":32750.0,"cod_snisb":null,"cod_sar":null,"nmoriginal":null,"nmalternat":null,"nmgenerico":null,"nmligacao":null,"nmespecifi":null,"detipomass":"Natural","dedominial":"Estadual","dedominio":"Corpo Hídrico Estadual","defiscaliz":null,"nmemp":null,"fonmemp":null,"dtreserv":null,"fodtreserv":null,"nuvolumhm3":null,"fonuvolume":null,"nuperimkm":1.41682161107799,"nuareakm2":0.053401702086949,"nuareaha":5.34017020869495,"nucompgeom":1.72896710727432,"usoprinc":null,"fousoprinc":null,"detipoapr":null,"detipomda":null,"salinidade":null,"regime":null,"nmriocomp":null,"nmufe":"MARANHÃO","nmmun":"CAJARI","defonte":null,"desatelite":"157-104_20050621","deversao":"bho_massa_dagua_20","deobs":"Atualizada geometria em 09/2016","nuvzreg":null,"nuvzlago":null,"nuvzdeflu":null,"cdtipooper":null,"detipooper":null,"fovzlago":null,"fovzdeflu":null,"fovzreg":null,"cobarprin":null,"cotrecho":null,"nuvzrecebe":null,"nuvztransf":null,"deobsvazao":null,"cocda2013":null,"cocda2017":null},"geometry":{"type":"MultiPolygon","coordinates":[[[[-45.0341601,-3.4414893],[-45.0338644,-3.4414893],[-45.0335029,-3.4414673],[-45.0331853,-3.4414013],[-45.0329115,-3.4413904],[-45.0327253,-3.4414234],[-45.0326705,-3.4415004],[-45.0326815,-3.4416214],[-45.0328567,-3.4418414],[-45.0330649,-3.4420834],[-45.0332949,-3.4422044],[-45.033492,-3.4422594],[-45.0336672,-3.4422594],[-45.033963,-3.4422593],[-45.0343901,-3.4421603],[-45.0347735,-3.4421713],[-45.0352006,-3.4422153],[-45.0354416,-3.4423253],[-45.0355511,-3.4424573],[-45.0355511,-3.4425893],[-45.0355511,-3.4427323],[-45.0354745,-3.4428533],[-45.0353649,-3.4429743],[-45.0352225,-3.4431283],[-45.0351021,-3.4432933],[-45.0349707,-3.4435683],[-45.0349707,-3.4437553],[-45.0349816,-3.4439313],[-45.0350035,-3.4440743],[-45.0350802,-3.4441073],[-45.0352116,-3.4440853],[-45.0353321,-3.4439313],[-45.0356278,-3.4437333],[-45.0358031,-3.4436783],[-45.0360002,-3.4434913],[-45.0361426,-3.4433043],[-45.0363069,-3.4431723],[-45.0366245,-3.4431173],[-45.0368545,-3.4430623],[-45.0369531,-3.4429192],[-45.036975,-3.4427652],[-45.0369531,-3.4426222],[-45.0368435,-3.4424462],[-45.0367011,-3.4423582],[-45.036263,-3.4420943],[-45.0361097,-3.4419623],[-45.0359125,-3.4418413],[-45.0357044,-3.4417753],[-45.035562,-3.4417203],[-45.0353758,-3.4416873],[-45.0352115,-3.4415333],[-45.0350801,-3.4413793],[-45.0349268,-3.4412913],[-45.0346749,-3.4412583],[-45.0345653,-3.4412803],[-45.0344558,-3.4413573],[-45.0343572,-3.4414563],[-45.0341601,-3.4414893]]]]}},{"type":"Feature","properties":{"fid":36,"gid":6052.0,"esp_cd":6317.0,"cod_snisb":null,"cod_sar":null,"nmoriginal":null,"nmalternat":null,"nmgenerico":null,"nmligacao":null,"nmespecifi":null,"detipomass":"Natural","dedominial":"Estadual","dedominio":"Corpo Hídrico Estadual","defiscaliz":null,"nmemp":null,"fonmemp":null,"dtreserv":null,"fodtreserv":null,"nuvolumhm3":null,"fonuvolume":null,"nuperimkm":2.82240533909859,"nuareakm2":0.318696626291308,"nuareaha":31.8696626291308,"nucompgeom":1.40987224260268,"usoprinc":null,"fousoprinc":null,"detipoapr":null,"detipomda":null,"salinidade":null,"regime":null,"nmriocomp":null,"nmufe":"MARANHÃO","nmmun":"CAJARI, MONÇÃO","defonte":null,"desatelite":"157-104_20050621","deversao":"bho_massa_dagua","deobs":null,"nuvzreg":null,"nuvzlago":null,"nuvzdeflu":null,"cdtipooper":null,"detipooper":null,"fovzlago":null,"fovzdeflu":null,"fovzreg":null,"cobarprin":null,"cotrecho":null,"nuvzrecebe":null,"nuvztransf":null,"deobsvazao":null,"cocda2013":null,"cocda2017":null},"geometry":{"type":"MultiPolygon","coordinates":[[[[-45.1225421,-3.5016805],[-45.1210209,-3.499642],[-45.1207171,-3.4998116],[-45.1203401,-3.5003166],[-45.1204659,-3.5013896],[-45.1209688,-3.5025256],[-45.1217858,-3.5032197],[-45.1224771,-3.5035983],[-45.1227285,-3.5040401],[-45.1229171,-3.5047974],[-45.1234828,-3.505681],[-45.1236056,-3.5062144],[-45.1237971,-3.5065014],[-45.1243627,-3.5066276],[-45.1247397,-3.506312],[-45.1247396,-3.5057439],[-45.124551,-3.5049866],[-45.1248651,-3.504671],[-45.1251847,-3.5046126],[-45.1225421,-3.5016805]]]]}},{"type":"Feature","properties":{"fid":37,"gid":29233.0,"esp_cd":32748.0,"cod_snisb":null,"cod_sar":null,"nmoriginal":null,"nmalternat":null,"nmgenerico":null,"nmligacao":null,"nmespecifi":null,"detipomass":"Natural","dedominial":"Estadual","dedominio":"Corpo Hídrico Estadual","defiscaliz":null,"nmemp":null,"fonmemp":null,"dtreserv":null,"fodtreserv":null,"nuvolumhm3":null,"fonuvolume":null,"nuperimkm":1.98070497975447,"nuareakm2":0.100725948128969,"nuareaha":10.0725948128969,"nucompgeom":1.75994144942499,"usoprinc":null,"fousoprinc":null,"detipoapr":null,"detipomda":null,"salinidade":null,"regime":null,"nmriocomp":null,"nmufe":"MARANHÃO","nmmun":"CAJARI, MONÇÃO","defonte":null,"desatelite":"157-104_20050621","deversao":"bho_massa_dagua_20","deobs":"Atualizada geometria em 09/2016","nuvzreg":null,"nuvzlago":null,"nuvzdeflu":null,"cdtipooper":null,"detipooper":null,"fovzlago":null,"fovzdeflu":null,"fovzreg":null,"cobarprin":null,"cotrecho":null,"nuvzrecebe":null,"nuvztransf":null,"deobsvazao":null,"cocda2013":null,"cocda2017":null},"geometry":{"type":"MultiPolygon","coordinates":[[[[-45.1429108,-3.4115346],[-45.1429043,-3.4114833],[-45.1428282,-3.4112314],[-45.1426458,-3.4110787],[-45.1424558,-3.4109719],[-45.1423797,-3.4108726],[-45.1423317,-3.4105767],[-45.1423778,-3.4102678],[-45.1424854,-3.4099898],[-45.1426237,-3.4097735],[-45.1427313,-3.4096499],[-45.1427928,-3.4092947],[-45.1427928,-3.4090785],[-45.142762,-3.4089086],[-45.1426082,-3.4088468],[-45.1424852,-3.4088623],[-45.1423776,-3.408955],[-45.1423314,-3.409094],[-45.1423161,-3.409233],[-45.1423007,-3.4094183],[-45.14227,-3.4095728],[-45.1421778,-3.4096809],[-45.142024,-3.4098199],[-45.1419164,-3.4098508],[-45.1416703,-3.4098354],[-45.1415012,-3.4097891],[-45.1413628,-3.4096965],[-45.1412551,-3.4095884],[-45.1410859,-3.4094649],[-45.1407938,-3.4094649],[-45.1405478,-3.4094958],[-45.1403632,-3.4096349],[-45.1402864,-3.4097121],[-45.1401326,-3.4098666],[-45.1400096,-3.4100056],[-45.1397636,-3.4102064],[-45.1396504,-3.4103628],[-45.1395737,-3.4104706],[-45.1394204,-3.4106247],[-45.1393284,-3.410748],[-45.1392824,-3.4109174],[-45.1393438,-3.4111023],[-45.1394358,-3.4111947],[-45.1397119,-3.4112717],[-45.1399726,-3.4113332],[-45.1403101,-3.4113332],[-45.1406781,-3.4113023],[-45.1410156,-3.4112869],[-45.141353,-3.4113638],[-45.1415685,-3.4115785],[-45.1416319,-3.411724],[-45.1429108,-3.4115346]]]]}},{"type":"Feature","properties":{"fid":38,"gid":44906.0,"esp_cd":32740.0,"cod_snisb":null,"cod_sar":null,"nmoriginal":null,"nmalternat":null,"nmgenerico":null,"nmligacao":null,"nmespecifi":null,"detipomass":"Natural","dedominial":"Estadual","dedominio":"Corpo Hídrico Estadual","defiscaliz":null,"nmemp":null,"fonmemp":null,"dtreserv":null,"fodtreserv":null,"nuvolumhm3":null,"fonuvolume":null,"nuperimkm":1.58955060294568,"nuareakm2":0.062544610939272,"nuareaha":6.25446109392725,"nucompgeom":1.79237351849865,"usoprinc":null,"fousoprinc":null,"detipoapr":null,"detipomda":null,"salinidade":null,"regime":null,"nmriocomp":null,"nmufe":"MARANHÃO","nmmun":"CAJARI","defonte":null,"desatelite":"157-104_20050621","deversao":"bho_massa_dagua_20","deobs":"Atualizada geometria em 09/2016","nuvzreg":null,"nuvzlago":null,"nuvzdeflu":null,"cdtipooper":null,"detipooper":null,"fovzlago":null,"fovzdeflu":null,"fovzreg":null,"cobarprin":null,"cotrecho":null,"nuvzrecebe":null,"nuvztransf":null,"deobsvazao":null,"cocda2013":null,"cocda2017":null},"geometry":{"type":"MultiPolygon","coordinates":[[[[-45.0793398,-3.3626349],[-45.079405,-3.3629128],[-45.0795428,-3.3631794],[-45.0797305,-3.3634032],[-45.0800723,-3.363583],[-45.0803653,-3.3636157],[-45.0807234,-3.3635666],[-45.0812605,-3.3634194],[-45.0816511,-3.3634848],[-45.0819116,-3.3636646],[-45.0821883,-3.3638771],[-45.0826603,-3.3640242],[-45.0831649,-3.3643348],[-45.0833765,-3.3646781],[-45.0834254,-3.3650704],[-45.0833929,-3.3652993],[-45.0834254,-3.3656099],[-45.0836533,-3.3658061],[-45.0838486,-3.3658388],[-45.0839788,-3.3656753],[-45.0841578,-3.3653319],[-45.0841904,-3.3651521],[-45.0842555,-3.3649886],[-45.0842717,-3.3647597],[-45.084174,-3.3645636],[-45.0840438,-3.3644492],[-45.0838648,-3.3641713],[-45.0832734,-3.3634917],[-45.0831002,-3.3633076],[-45.0827743,-3.3631337],[-45.0826215,-3.3630417],[-45.0824382,-3.3629292],[-45.0821938,-3.3628985],[-45.0818068,-3.3628985],[-45.0814606,-3.3628986],[-45.0811449,-3.3628577],[-45.0807375,-3.3627759],[-45.0804829,-3.3625611],[-45.0803815,-3.3624223],[-45.0801933,-3.3622737],[-45.079942,-3.3621444],[-45.079649,-3.3621281],[-45.0793886,-3.3621281],[-45.0792747,-3.3621608],[-45.0792096,-3.3622262],[-45.0791771,-3.3623243],[-45.0791934,-3.3624551],[-45.0793398,-3.3626349]]]]}},{"type":"Feature","properties":{"fid":39,"gid":20159.0,"esp_cd":32751.0,"cod_snisb":null,"cod_sar":null,"nmoriginal":null,"nmalternat":null,"nmgenerico":null,"nmligacao":null,"nmespecifi":null,"detipomass":"Natural","dedominial":"Estadual","dedominio":"Corpo Hídrico Estadual","defiscaliz":null,"nmemp":null,"fonmemp":null,"dtreserv":null,"fodtreserv":null,"nuvolumhm3":null,"fonuvolume":null,"nuperimkm":1.96663678997798,"nuareakm2":0.103583329054711,"nuareaha":10.3583329054711,"nucompgeom":1.72317083407065,"usoprinc":null,"fousoprinc":null,"detipoapr":null,"detipomda":null,"salinidade":null,"regime":null,"nmriocomp":null,"nmufe":"MARANHÃO","nmmun":"CAJARI","defonte":null,"desatelite":"157-104_20050621","deversao":"bho_massa_dagua_20","deobs":"Atualizada geometria em 09/2016","nuvzreg":null,"nuvzlago":null,"nuvzdeflu":null,"cdtipooper":null,"detipooper":null,"fovzlago":null,"fovzdeflu":null,"fovzreg":null,"cobarprin":null,"cotrecho":null,"nuvzrecebe":null,"nuvztransf":null,"deobsvazao":null,"cocda2013":null,"cocda2017":null},"geometry":{"type":"MultiPolygon","coordinates":[[[[-45.0724732,-3.4626741],[-45.0726298,-3.4630201],[-45.0728178,-3.463429],[-45.0728804,-3.4638537],[-45.0728335,-3.4643727],[-45.0728362,-3.464421],[-45.072863,-3.4644978],[-45.0729275,-3.4646086],[-45.0731154,-3.464703],[-45.0734913,-3.464876],[-45.0735853,-3.4650332],[-45.0736166,-3.465222],[-45.0736009,-3.465395],[-45.0735383,-3.4655208],[-45.0734287,-3.4656309],[-45.0733504,-3.4656938],[-45.0732721,-3.4656939],[-45.0731625,-3.465741],[-45.0731155,-3.4658669],[-45.0731625,-3.4660713],[-45.0732252,-3.4662286],[-45.0734444,-3.4664173],[-45.073648,-3.4664173],[-45.0738203,-3.4664802],[-45.0738673,-3.4666375],[-45.0738673,-3.466842],[-45.0737734,-3.4669835],[-45.0736324,-3.4671408],[-45.0734602,-3.4672981],[-45.0732879,-3.4674554],[-45.0731783,-3.4675813],[-45.073147,-3.4677385],[-45.073147,-3.4678644],[-45.0732409,-3.4679902],[-45.0733976,-3.4679902],[-45.0737891,-3.4679115],[-45.0739457,-3.4677699],[-45.0741492,-3.4676598],[-45.0743371,-3.4672037],[-45.0743371,-3.4664802],[-45.0744154,-3.4660555],[-45.0746033,-3.4657567],[-45.0749948,-3.4655993],[-45.0750887,-3.4655364],[-45.075167,-3.4654735],[-45.075214,-3.4653162],[-45.0751357,-3.4651432],[-45.075026,-3.4650174],[-45.0749008,-3.4650331],[-45.0747755,-3.4649545],[-45.0746502,-3.4648287],[-45.0746502,-3.4646085],[-45.0746971,-3.4644355],[-45.0748537,-3.4643097],[-45.0751199,-3.4643096],[-45.0754488,-3.4642939],[-45.0756368,-3.4642309],[-45.075762,-3.463995],[-45.0758403,-3.4638849],[-45.0758716,-3.4637748],[-45.075809,-3.4636175],[-45.075668,-3.4635546],[-45.0755114,-3.4633659],[-45.0754331,-3.4632401],[-45.0752451,-3.4630985],[-45.074744,-3.4629885],[-45.0743211,-3.4629571],[-45.073773,-3.4628785],[-45.0736791,-3.4628785],[-45.0733345,-3.4626897],[-45.0731622,-3.4625954],[-45.07299,-3.4624067],[-45.0728803,-3.4622966],[-45.072755,-3.4622494],[-45.0726454,-3.4622494],[-45.0725358,-3.4622966],[-45.0724732,-3.4624382],[-45.0724732,-3.4626741]]]]}},{"type":"Feature","properties":{"fid":40,"gid":48414.0,"esp_cd":45556.0,"cod_snisb":null,"cod_sar":null,"nmoriginal":null,"nmalternat":null,"nmgenerico":null,"nmligacao":null,"nmespecifi":null,"detipomass":"Natural","dedominial":"Estadual","dedominio":"Corpo Hídrico Estadual","defiscaliz":null,"nmemp":null,"fonmemp":null,"dtreserv":null,"fodtreserv":null,"nuvolumhm3":null,"fonuvolume":null,"nuperimkm":5.53932971311753,"nuareakm2":1.04968132319814,"nuareaha":104.968132319814,"nucompgeom":1.52467608891784,"usoprinc":null,"fousoprinc":null,"detipoapr":null,"detipomda":"Lago/Lagoa","salinidade":"Doce","regime":"Permanente","nmriocomp":null,"nmufe":"MARANHÃO","nmmun":"CAJARI","defonte":null,"desatelite":null,"deversao":"hid_massa_dagua_a_bc250k_2015","deobs":null,"nuvzreg":null,"nuvzlago":null,"nuvzdeflu":null,"cdtipooper":null,"detipooper":null,"fovzlago":null,"fovzdeflu":null,"fovzreg":null,"cobarprin":null,"cotrecho":null,"nuvzrecebe":null,"nuvztransf":null,"deobsvazao":null,"cocda2013":null,"cocda2017":null},"geometry":{"type":"MultiPolygon","coordinates":[[[[-44.940081,-3.3936396],[-44.9415891,-3.3929933],[-44.9424509,-3.3928856],[-44.9425586,-3.3922392],[-44.94202,-3.3909466],[-44.9408351,-3.3907311],[-44.9387884,-3.3907311],[-44.9369571,-3.3907311],[-44.9352335,-3.3905157],[-44.9339409,-3.3905157],[-44.9322173,-3.3905157],[-44.9304938,-3.3905157],[-44.9292011,-3.3905157],[-44.9281239,-3.3896539],[-44.9270466,-3.3890076],[-44.9253231,-3.3891153],[-44.9243536,-3.3898693],[-44.9243536,-3.3912697],[-44.9252154,-3.3922392],[-44.926508,-3.3928856],[-44.9264003,-3.3935319],[-44.925754,-3.3941782],[-44.9248922,-3.3955786],[-44.923815,-3.3973022],[-44.9246768,-3.3975176],[-44.9274775,-3.3975176],[-44.9289856,-3.3970867],[-44.9302783,-3.3964404],[-44.931571,-3.3956863],[-44.9331868,-3.3945014],[-44.9340486,-3.3942859],[-44.9352335,-3.3942859],[-44.9363108,-3.3943937],[-44.9379266,-3.3946091],[-44.9380343,-3.3945014],[-44.940081,-3.3936396]]]]}},{"type":"Feature","properties":{"fid":41,"gid":35661.0,"esp_cd":6388.0,"cod_snisb":null,"cod_sar":null,"nmoriginal":"Lago da Santa Rosa","nmalternat":null,"nmgenerico":"Lago","nmligacao":"da","nmespecifi":"Santa Rosa","detipomass":"Natural","dedominial":"Estadual","dedominio":"Corpo Hídrico Estadual","defiscaliz":null,"nmemp":null,"fonmemp":null,"dtreserv":null,"fodtreserv":null,"nuvolumhm3":null,"fonuvolume":null,"nuperimkm":12.2133187043162,"nuareakm2":2.62631170036783,"nuareaha":262.631170036783,"nucompgeom":2.12524823493645,"usoprinc":null,"fousoprinc":null,"detipoapr":null,"detipomda":null,"salinidade":null,"regime":null,"nmriocomp":null,"nmufe":"MARANHÃO","nmmun":"CAJARI","defonte":"Carta 1:100000","desatelite":"157-104_20050621","deversao":"bho_massa_dagua","deobs":null,"nuvzreg":null,"nuvzlago":null,"nuvzdeflu":null,"cdtipooper":null,"detipooper":null,"fovzlago":null,"fovzdeflu":null,"fovzreg":null,"cobarprin":null,"cotrecho":null,"nuvzrecebe":null,"nuvztransf":null,"deobsvazao":null,"cocda2013":null,"cocda2017":null},"geometry":{"type":"MultiPolygon","coordinates":[[[[-45.0485664,-3.4448354],[-45.0482346,-3.4457239],[-45.0474973,-3.4464643],[-45.047313,-3.4467604],[-45.047313,-3.4470565],[-45.0476448,-3.4474267],[-45.0481979,-3.4476488],[-45.0482347,-3.4479449],[-45.0482717,-3.4488703],[-45.0483823,-3.4493145],[-45.0482348,-3.4496107],[-45.0478662,-3.4497587],[-45.0472762,-3.4494626],[-45.0467601,-3.4490925],[-45.0463321,-3.4488594],[-45.0461506,-3.4488594],[-45.0460418,-3.4490598],[-45.0460237,-3.4497702],[-45.0458423,-3.4503167],[-45.0453887,-3.4506446],[-45.0443572,-3.4506234],[-45.0435684,-3.4502508],[-45.04329,-3.4495521],[-45.0434292,-3.4490396],[-45.0436612,-3.4487136],[-45.0436611,-3.4481546],[-45.0434291,-3.4479217],[-45.043058,-3.4479217],[-45.042594,-3.4481546],[-45.0417126,-3.4489466],[-45.0411558,-3.4490863],[-45.0405991,-3.4490864],[-45.0404135,-3.4487603],[-45.0403206,-3.4479684],[-45.0402742,-3.4471299],[-45.0400365,-3.4468055],[-45.0397169,-3.4465304],[-45.0395342,-3.4465075],[-45.0394201,-3.446668],[-45.0393745,-3.4472869],[-45.0391233,-3.4480433],[-45.0385069,-3.4485706],[-45.0375481,-3.4490291],[-45.0365892,-3.4491896],[-45.0362239,-3.4491667],[-45.0360184,-3.4492125],[-45.0359499,-3.4494188],[-45.0359727,-3.4497398],[-45.0363381,-3.4501982],[-45.0369088,-3.4504733],[-45.0376851,-3.4506108],[-45.038644,-3.4509546],[-45.0388868,-3.4514158],[-45.0385949,-3.4519434],[-45.0377566,-3.4521238],[-45.0371013,-3.4521649],[-45.0360365,-3.4528229],[-45.0352993,-3.4532753],[-45.0349717,-3.4540155],[-45.0349307,-3.4546734],[-45.0350536,-3.4550024],[-45.0351355,-3.455537],[-45.0352584,-3.4559071],[-45.035627,-3.4559071],[-45.0359956,-3.4555781],[-45.0364461,-3.4548379],[-45.0369786,-3.4546322],[-45.0371834,-3.4548379],[-45.0373062,-3.4552902],[-45.0373472,-3.4558248],[-45.0377158,-3.455907],[-45.0381663,-3.4557425],[-45.0386987,-3.4549611],[-45.0389854,-3.4545499],[-45.039395,-3.4544265],[-45.0398455,-3.4543854],[-45.0400913,-3.4546321],[-45.0405828,-3.4548788],[-45.0409104,-3.4547143],[-45.041279,-3.4545498],[-45.0417295,-3.4545498],[-45.0426306,-3.4545498],[-45.0434907,-3.454632],[-45.0439412,-3.4550843],[-45.0439003,-3.45566],[-45.0433679,-3.455989],[-45.0431221,-3.4562357],[-45.0429993,-3.4566881],[-45.0429202,-3.4571142],[-45.0426744,-3.4574021],[-45.0422239,-3.4577722],[-45.0421011,-3.4585535],[-45.0420602,-3.4595815],[-45.042265,-3.4598694],[-45.0425517,-3.4601161],[-45.0429203,-3.4600338],[-45.0432479,-3.459746],[-45.0436575,-3.4593759],[-45.0439852,-3.4593758],[-45.0443538,-3.4595814],[-45.0448453,-3.4597048],[-45.0452548,-3.4597459],[-45.0456644,-3.4598692],[-45.0459102,-3.4604449],[-45.0458283,-3.4617197],[-45.0457464,-3.462501],[-45.0459922,-3.4627888],[-45.0464837,-3.4627066],[-45.0469342,-3.4624187],[-45.0475485,-3.4610617],[-45.0477532,-3.4605271],[-45.0482037,-3.460157],[-45.0486133,-3.4602392],[-45.0488181,-3.4604037],[-45.0491458,-3.4604448],[-45.0493915,-3.4604036],[-45.0494324,-3.4601158],[-45.0493505,-3.4598279],[-45.048941,-3.459499],[-45.048818,-3.4589233],[-45.048859,-3.4582242],[-45.0493504,-3.457813],[-45.0498419,-3.4575662],[-45.0503743,-3.4574839],[-45.0510706,-3.4572372],[-45.0518897,-3.4565792],[-45.0528316,-3.4558801],[-45.0535688,-3.4555099],[-45.0541832,-3.4551809],[-45.0547156,-3.4549341],[-45.0549203,-3.4545229],[-45.0549203,-3.4537827],[-45.0548793,-3.4532482],[-45.0550841,-3.4527547],[-45.0556574,-3.4525902],[-45.0565175,-3.4525901],[-45.0568861,-3.4523845],[-45.057419,-3.4514223],[-45.0579012,-3.4499156],[-45.0581691,-3.4488932],[-45.0581633,-3.4483296],[-45.0580314,-3.4480648],[-45.0577677,-3.4480384],[-45.0574248,-3.4480649],[-45.0572666,-3.4479325],[-45.057293,-3.4475883],[-45.0573193,-3.4470851],[-45.0576358,-3.4466614],[-45.0578996,-3.4459035],[-45.0576887,-3.4447602],[-45.0575199,-3.4440404],[-45.0572247,-3.4435746],[-45.0569295,-3.4435323],[-45.0565499,-3.4436593],[-45.0564656,-3.4439981],[-45.0563813,-3.4445062],[-45.0560439,-3.444718],[-45.0554956,-3.4447604],[-45.0553269,-3.4444216],[-45.0552003,-3.4437018],[-45.0550738,-3.4434053],[-45.0547786,-3.443236],[-45.0541459,-3.4431513],[-45.053682,-3.4432784],[-45.0534712,-3.4439136],[-45.0533217,-3.4444011],[-45.0530191,-3.4445413],[-45.0525069,-3.4445881],[-45.0520646,-3.4442843],[-45.0517153,-3.4441674],[-45.051273,-3.4442142],[-45.0510402,-3.4443778],[-45.0509238,-3.444635],[-45.0507143,-3.444822],[-45.0504349,-3.4448921],[-45.0502253,-3.4446817],[-45.0499925,-3.4443311],[-45.0491159,-3.4423872],[-45.0479914,-3.440976],[-45.0477322,-3.4408626],[-45.0475017,-3.4408626],[-45.0471098,-3.4410941],[-45.0468562,-3.4414413],[-45.0468792,-3.4416496],[-45.0470406,-3.4417654],[-45.0476631,-3.4419274],[-45.0481473,-3.4421357],[-45.0484557,-3.4425404],[-45.0484189,-3.4432807],[-45.0485295,-3.4439841],[-45.0485664,-3.4448354]]]]}},{"type":"Feature","properties":{"fid":42,"gid":15033.0,"esp_cd":32759.0,"cod_snisb":null,"cod_sar":null,"nmoriginal":"Lagoa de Santa Maria","nmalternat":null,"nmgenerico":"Lagoa","nmligacao":"de","nmespecifi":"Santa Maria","detipomass":"Natural","dedominial":"Estadual","dedominio":"Corpo Hídrico Estadual","defiscaliz":null,"nmemp":null,"fonmemp":null,"dtreserv":null,"fodtreserv":null,"nuvolumhm3":null,"fonuvolume":null,"nuperimkm":1.38068090531415,"nuareakm2":0.041856437820142,"nuareaha":4.18564378201417,"nucompgeom":1.90309862038715,"usoprinc":null,"fousoprinc":null,"detipoapr":null,"detipomda":null,"salinidade":null,"regime":null,"nmriocomp":null,"nmufe":"MARANHÃO","nmmun":"CAJARI","defonte":null,"desatelite":"157-104_20050621","deversao":"bho_massa_dagua_20","deobs":"Atualizada geometria em 09/2016","nuvzreg":null,"nuvzlago":null,"nuvzdeflu":null,"cdtipooper":null,"detipooper":null,"fovzlago":null,"fovzdeflu":null,"fovzreg":null,"cobarprin":null,"cotrecho":null,"nuvzrecebe":null,"nuvztransf":null,"deobsvazao":null,"cocda2013":null,"cocda2017":null},"geometry":{"type":"MultiPolygon","coordinates":[[[[-45.0510336,-3.4743486],[-45.051102,-3.4745003],[-45.0511927,-3.474663],[-45.0512963,-3.4748061],[-45.0515361,-3.4749362],[-45.0518082,-3.4750012],[-45.0520478,-3.4750533],[-45.0522292,-3.4750923],[-45.0523977,-3.4751638],[-45.0524495,-3.4752289],[-45.0524819,-3.4753525],[-45.0524431,-3.4754696],[-45.0524107,-3.4756062],[-45.0523524,-3.4756843],[-45.0522098,-3.4757689],[-45.0520285,-3.475847],[-45.0517823,-3.4759056],[-45.0513134,-3.4760445],[-45.0509715,-3.4762735],[-45.0508265,-3.4764816],[-45.0508058,-3.4767105],[-45.0508473,-3.4768249],[-45.0510545,-3.4769186],[-45.0513549,-3.4768873],[-45.0515207,-3.4767313],[-45.0516657,-3.476544],[-45.051759,-3.4764399],[-45.051904,-3.4763462],[-45.0520801,-3.4763775],[-45.0521837,-3.4764607],[-45.0523288,-3.4765647],[-45.0524842,-3.4765959],[-45.05265,-3.4765855],[-45.0527432,-3.4764815],[-45.0528054,-3.4763358],[-45.0528261,-3.4760757],[-45.0528779,-3.4757219],[-45.0528779,-3.4753785],[-45.0529193,-3.4750664],[-45.0529711,-3.4747647],[-45.0530125,-3.4745774],[-45.052971,-3.4743277],[-45.0529607,-3.4742444],[-45.0528363,-3.474182],[-45.0526291,-3.4742028],[-45.0524012,-3.4743693],[-45.0521111,-3.4744005],[-45.0518521,-3.4744005],[-45.0516034,-3.4742861],[-45.0515206,-3.4741508],[-45.0515102,-3.4738907],[-45.0514687,-3.4737138],[-45.0513444,-3.473589],[-45.0511683,-3.473537],[-45.0510439,-3.4735474],[-45.0509093,-3.4736514],[-45.0508471,-3.4738595],[-45.0508782,-3.474078],[-45.0509611,-3.4742133],[-45.0510336,-3.4743486]]]]}},{"type":"Feature","properties":{"fid":43,"gid":42385.0,"esp_cd":6405.0,"cod_snisb":null,"cod_sar":null,"nmoriginal":null,"nmalternat":null,"nmgenerico":null,"nmligacao":null,"nmespecifi":null,"detipomass":"Natural","dedominial":"Estadual","dedominio":"Corpo Hídrico Estadual","defiscaliz":null,"nmemp":null,"fonmemp":null,"dtreserv":null,"fodtreserv":null,"nuvolumhm3":null,"fonuvolume":null,"nuperimkm":3.40943019569988,"nuareakm2":0.221357107737626,"nuareaha":22.1357107737626,"nucompgeom":2.04354485933102,"usoprinc":null,"fousoprinc":null,"detipoapr":null,"detipomda":null,"salinidade":null,"regime":null,"nmriocomp":null,"nmufe":"MARANHÃO","nmmun":"CAJARI","defonte":null,"desatelite":"157-104_20050621","deversao":"bho_massa_dagua","deobs":null,"nuvzreg":null,"nuvzlago":null,"nuvzdeflu":null,"cdtipooper":null,"detipooper":null,"fovzlago":null,"fovzdeflu":null,"fovzreg":null,"cobarprin":null,"cotrecho":null,"nuvzrecebe":null,"nuvztransf":null,"deobsvazao":null,"cocda2013":null,"cocda2017":null},"geometry":{"type":"MultiPolygon","coordinates":[[[[-45.0247545,-3.3314746],[-45.0243665,-3.3320807],[-45.0243234,-3.3331631],[-45.0239353,-3.3338991],[-45.0235042,-3.3344187],[-45.0232886,-3.335198],[-45.0231873,-3.3356837],[-45.0228487,-3.3360237],[-45.0222199,-3.3360723],[-45.021833,-3.3361694],[-45.021724,-3.3362596],[-45.0217919,-3.3364299],[-45.022233,-3.336941],[-45.0225723,-3.3373498],[-45.0227419,-3.3375542],[-45.0230812,-3.3375542],[-45.023658,-3.3373157],[-45.0239973,-3.3374179],[-45.0243705,-3.3373157],[-45.0250491,-3.3369409],[-45.0252866,-3.3367024],[-45.0252187,-3.3364298],[-45.0251169,-3.3361914],[-45.0252187,-3.3357485],[-45.0256598,-3.3354418],[-45.0264402,-3.3355099],[-45.0266777,-3.3354077],[-45.0267794,-3.3351692],[-45.0266933,-3.3350051],[-45.0265645,-3.3348758],[-45.0262483,-3.3348523],[-45.0255469,-3.3348438],[-45.0253372,-3.3347836],[-45.0252174,-3.3345731],[-45.0252773,-3.334152],[-45.025427,-3.3337911],[-45.0253072,-3.3332197],[-45.0253072,-3.3326783],[-45.0256367,-3.3321971],[-45.0258763,-3.3318662],[-45.0261758,-3.331776],[-45.0263854,-3.3318362],[-45.0265053,-3.3322572],[-45.0269246,-3.3328587],[-45.0270145,-3.33337],[-45.0272241,-3.3337911],[-45.0276435,-3.3338512],[-45.0278831,-3.3336407],[-45.0278531,-3.3332196],[-45.027284,-3.332197],[-45.0272241,-3.331776],[-45.0273439,-3.3315654],[-45.0277033,-3.3315654],[-45.027913,-3.3315654],[-45.0280627,-3.3313549],[-45.0280028,-3.3310842],[-45.0276134,-3.3308737],[-45.0270827,-3.3306952],[-45.026436,-3.330219],[-45.0261773,-3.3298293],[-45.0259617,-3.3296129],[-45.0255305,-3.3295263],[-45.0251425,-3.3295696],[-45.0248838,-3.329916],[-45.0248407,-3.3306087],[-45.0247545,-3.3314746]]]]}},{"type":"Feature","properties":{"fid":44,"gid":35730.0,"esp_cd":6316.0,"cod_snisb":null,"cod_sar":null,"nmoriginal":null,"nmalternat":null,"nmgenerico":null,"nmligacao":null,"nmespecifi":null,"detipomass":"Natural","dedominial":"Estadual","dedominio":"Corpo Hídrico Estadual","defiscaliz":null,"nmemp":null,"fonmemp":null,"dtreserv":null,"fodtreserv":null,"nuvolumhm3":null,"fonuvolume":null,"nuperimkm":2.76504700473475,"nuareakm2":0.340535625969239,"nuareaha":34.0535625969239,"nucompgeom":1.33619656251619,"usoprinc":null,"fousoprinc":null,"detipoapr":null,"detipomda":null,"salinidade":null,"regime":null,"nmriocomp":null,"nmufe":"MARANHÃO","nmmun":"CAJARI","defonte":null,"desatelite":"157-104_20050621","deversao":"bho_massa_dagua","deobs":null,"nuvzreg":null,"nuvzlago":null,"nuvzdeflu":null,"cdtipooper":null,"detipooper":null,"fovzlago":null,"fovzdeflu":null,"fovzreg":null,"cobarprin":null,"cotrecho":null,"nuvzrecebe":null,"nuvztransf":null,"deobsvazao":null,"cocda2013":null,"cocda2017":null},"geometry":{"type":"MultiPolygon","coordinates":[[[[-45.1129486,-3.5023242],[-45.1125716,-3.502703],[-45.1121137,-3.5029465],[-45.1117905,-3.5034065],[-45.1113596,-3.5040558],[-45.1109556,-3.5045699],[-45.1103361,-3.5048134],[-45.1099027,-3.5052193],[-45.1098593,-3.5056118],[-45.110033,-3.5060915],[-45.109816,-3.5066148],[-45.109078,-3.5073562],[-45.1090346,-3.5077051],[-45.1091649,-3.5079231],[-45.1095991,-3.5080975],[-45.1102938,-3.5083155],[-45.1107087,-3.5084715],[-45.1113703,-3.5093573],[-45.112084,-3.509639],[-45.1123264,-3.509693],[-45.112488,-3.5095848],[-45.1125418,-3.5093684],[-45.1124071,-3.508665],[-45.1124878,-3.5079075],[-45.1127607,-3.5075456],[-45.1133263,-3.5071668],[-45.1139458,-3.5070044],[-45.1140805,-3.5067068],[-45.1142689,-3.5060845],[-45.114646,-3.5055975],[-45.1152654,-3.5047587],[-45.1155077,-3.5040282],[-45.1155077,-3.5035954],[-45.1158309,-3.5033789],[-45.1163157,-3.5032977],[-45.1164504,-3.5028919],[-45.1164234,-3.5023508],[-45.1161809,-3.5021074],[-45.1158307,-3.5021344],[-45.1156961,-3.5022968],[-45.115319,-3.5023509],[-45.1147533,-3.5022157],[-45.1141338,-3.501783],[-45.1137297,-3.5017018],[-45.1131641,-3.501756],[-45.1129486,-3.5020536],[-45.1129486,-3.5023242]]]]}},{"type":"Feature","properties":{"fid":45,"gid":762.0,"esp_cd":6432.0,"cod_snisb":null,"cod_sar":null,"nmoriginal":"Lago de Viana","nmalternat":null,"nmgenerico":"Lago","nmligacao":"de","nmespecifi":"Viana","detipomass":"Natural","dedominial":"Estadual","dedominio":"Corpo Hídrico Estadual","defiscaliz":null,"nmemp":null,"fonmemp":null,"dtreserv":null,"fodtreserv":null,"nuvolumhm3":null,"fonuvolume":null,"nuperimkm":364.177498837692,"nuareakm2":128.397069007804,"nuareaha":12839.7069007804,"nucompgeom":9.06326466030335,"usoprinc":null,"fousoprinc":null,"detipoapr":null,"detipomda":null,"salinidade":null,"regime":null,"nmriocomp":null,"nmufe":"MARANHÃO","nmmun":"CAJARI, PENALVA, VIANA","defonte":"Carta 1:100000","desatelite":"157-104_20050621","deversao":"bho_massa_dagua","deobs":null,"nuvzreg":null,"nuvzlago":null,"nuvzdeflu":null,"cdtipooper":null,"detipooper":null,"fovzlago":null,"fovzdeflu":null,"fovzreg":null,"cobarprin":null,"cotrecho":null,"nuvzrecebe":null,"nuvztransf":null,"deobsvazao":null,"cocda2013":null,"cocda2017":null},"geometry":{"type":"MultiPolygon","coordinates":[[[[-45.1066885,-3.3013408],[-45.1064819,-3.301326],[-45.1062277,-3.3012059],[-45.1062116,-3.3011809],[-45.1059222,-3.3010839],[-45.1011971,-3.2951757],[-45.0981177,-3.291769],[-45.0963069,-3.2891645],[-45.0940106,-3.285862],[-45.0917492,-3.2828558],[-45.0901033,-3.2802518],[-45.0888721,-3.2769491],[-45.0874092,-3.274101],[-45.0868158,-3.2729458],[-45.0829166,-3.2696393],[-45.0798346,-3.2680369],[-45.077165,-3.2676247],[-45.074288,-3.2653325],[-45.073026,-3.2644312],[-45.0727922,-3.2642641],[-45.0670019,-3.2601237],[-45.0657272,-3.2593425],[-45.0656054,-3.2595108],[-45.0651481,-3.2597934],[-45.0644095,-3.2597935],[-45.0636708,-3.2597229],[-45.0633542,-3.2591224],[-45.0633541,-3.2585219],[-45.0635197,-3.2579896],[-45.0617123,-3.2568819],[-45.061525,-3.2571797],[-45.0609271,-3.257533],[-45.0603995,-3.2574977],[-45.0601884,-3.2572151],[-45.0598366,-3.2569679],[-45.0595793,-3.2567817],[-45.0592393,-3.256611],[-45.0589236,-3.2565623],[-45.0588022,-3.2565013],[-45.0586808,-3.2565257],[-45.0586322,-3.2565867],[-45.0586686,-3.2566842],[-45.0587415,-3.2567452],[-45.0590086,-3.2569037],[-45.0592879,-3.2569768],[-45.0594991,-3.2573573],[-45.0595302,-3.2577004],[-45.059406,-3.2581369],[-45.0589403,-3.2584487],[-45.0584435,-3.2586047],[-45.0580088,-3.258823],[-45.0577604,-3.2590101],[-45.0577355,-3.2590699],[-45.0577677,-3.2591453],[-45.0578856,-3.2591776],[-45.0580678,-3.2591668],[-45.0582822,-3.2591237],[-45.0585073,-3.2591237],[-45.0586466,-3.2592314],[-45.0587455,-3.25935],[-45.0588689,-3.2593755],[-45.0590832,-3.2593396],[-45.0593332,-3.25922],[-45.059619,-3.25922],[-45.0598571,-3.2591722],[-45.0599524,-3.2590645],[-45.0600119,-3.2588732],[-45.0602024,-3.2587536],[-45.0604763,-3.258646],[-45.0608692,-3.258646],[-45.0612503,-3.2586698],[-45.0615837,-3.258897],[-45.0617623,-3.2591481],[-45.0618219,-3.2594829],[-45.0616917,-3.2601183],[-45.0612959,-3.2605464],[-45.0609609,-3.2608828],[-45.0609,-3.2610969],[-45.0609914,-3.2612498],[-45.0612959,-3.2612191],[-45.0621181,-3.2612497],[-45.0627271,-3.2614331],[-45.0629707,-3.2618918],[-45.0626967,-3.2624422],[-45.0620268,-3.2629927],[-45.0609915,-3.2632068],[-45.060078,-3.263268],[-45.0591645,-3.2633598],[-45.05886,-3.2634516],[-45.0586379,-3.2635167],[-45.058533,-3.2636973],[-45.058623,-3.2638327],[-45.0588477,-3.2638779],[-45.0598129,-3.2638221],[-45.060426,-3.2638991],[-45.0608475,-3.2641684],[-45.0609242,-3.2647456],[-45.0610008,-3.2649765],[-45.0612691,-3.2649765],[-45.0615756,-3.264861],[-45.0618822,-3.2645147],[-45.0623419,-3.2640529],[-45.0628401,-3.2636295],[-45.0636447,-3.263514],[-45.0641812,-3.2637834],[-45.0642167,-3.2639186],[-45.0642355,-3.2642216],[-45.0640659,-3.2645814],[-45.063783,-3.2648844],[-45.0638019,-3.2651116],[-45.0639905,-3.2652063],[-45.0642544,-3.2651874],[-45.0644996,-3.2650358],[-45.0648013,-3.2651116],[-45.0650276,-3.2650548],[-45.0650841,-3.2649601],[-45.0650841,-3.2647518],[-45.0650275,-3.2642973],[-45.0650463,-3.2639943],[-45.0651217,-3.2635777],[-45.0653668,-3.2632179],[-45.0655742,-3.2628203],[-45.0654749,-3.2625148],[-45.0657642,-3.2621274],[-45.0662946,-3.2621273],[-45.0668733,-3.262321],[-45.0669952,-3.262358],[-45.0671305,-3.2625278],[-45.0669275,-3.2629015],[-45.0665555,-3.2631393],[-45.0659804,-3.2634451],[-45.065879,-3.2636489],[-45.0659128,-3.2639546],[-45.0661496,-3.2643283],[-45.0663188,-3.2644981],[-45.066657,-3.2644641],[-45.0667923,-3.2644302],[-45.0670968,-3.2642943],[-45.0675704,-3.2643961],[-45.0679425,-3.2646679],[-45.068044,-3.2652793],[-45.0680778,-3.265585],[-45.068044,-3.2659587],[-45.0681117,-3.2661285],[-45.0682132,-3.2663324],[-45.06845,-3.2665362],[-45.0687206,-3.2665022],[-45.0688559,-3.2663663],[-45.0689235,-3.2660945],[-45.0688897,-3.2657209],[-45.0692279,-3.2653811],[-45.0694985,-3.2650414],[-45.0699383,-3.2650074],[-45.0703104,-3.2651433],[-45.0705133,-3.265449],[-45.0707163,-3.2657547],[-45.0710546,-3.2658906],[-45.0712914,-3.2656528],[-45.0714605,-3.2652791],[-45.0716634,-3.2650753],[-45.0719679,-3.2652451],[-45.0722047,-3.2657206],[-45.0722386,-3.2662641],[-45.0723063,-3.2669435],[-45.0725092,-3.2670115],[-45.0729152,-3.2669435],[-45.0732872,-3.2666038],[-45.0738285,-3.2666037],[-45.0743359,-3.2669434],[-45.0744374,-3.2674869],[-45.0742683,-3.2677926],[-45.0737169,-3.2681834],[-45.073449,-3.2683986],[-45.0732883,-3.268829],[-45.0726991,-3.2688828],[-45.0724312,-3.2686677],[-45.0723241,-3.2682373],[-45.0720562,-3.268076],[-45.0717884,-3.2683988],[-45.0716277,-3.2688829],[-45.0714135,-3.2690443],[-45.0709849,-3.268883],[-45.0706635,-3.2687216],[-45.070235,-3.2687216],[-45.0701278,-3.2689906],[-45.0703421,-3.2692058],[-45.0708778,-3.2693671],[-45.0711992,-3.2694747],[-45.0714136,-3.2700664],[-45.0717886,-3.2703891],[-45.0716815,-3.2708195],[-45.0710387,-3.2713037],[-45.0707173,-3.2713037],[-45.0699673,-3.2710886],[-45.0699137,-3.2706045],[-45.0695387,-3.2702817],[-45.0690566,-3.270228],[-45.068253,-3.2701742],[-45.0675031,-3.2696363],[-45.0674495,-3.2691522],[-45.0673959,-3.268668],[-45.067128,-3.2683991],[-45.0668602,-3.2684529],[-45.0665388,-3.2687219],[-45.0658424,-3.2687757],[-45.0653602,-3.2683992],[-45.0649852,-3.2679689],[-45.0648735,-3.2678671],[-45.0646331,-3.2678485],[-45.0645407,-3.2681085],[-45.0644113,-3.2684799],[-45.0641154,-3.2687399],[-45.0637641,-3.2689071],[-45.0637086,-3.2691299],[-45.0636717,-3.2695013],[-45.0638196,-3.2696684],[-45.0642449,-3.2697427],[-45.0647278,-3.2699856],[-45.0651062,-3.270318],[-45.0660992,-3.2706504],[-45.0662411,-3.2711727],[-45.0659102,-3.2716951],[-45.0658156,-3.2722175],[-45.0653428,-3.2727874],[-45.064728,-3.2726924],[-45.0643497,-3.2721701],[-45.0641605,-3.2716477],[-45.0637349,-3.2715528],[-45.0635458,-3.2718852],[-45.0634512,-3.2723126],[-45.0631202,-3.27274],[-45.0628198,-3.2728997],[-45.0626306,-3.2729946],[-45.0624888,-3.2734695],[-45.0627253,-3.2738494],[-45.0631982,-3.2740868],[-45.0631982,-3.2747042],[-45.0625362,-3.2750841],[-45.0621106,-3.2752266],[-45.061354,-3.2750367],[-45.0607865,-3.2745144],[-45.0606919,-3.274087],[-45.0610229,-3.2736596],[-45.0613539,-3.2734221],[-45.0617184,-3.2731864],[-45.061849,-3.2730717],[-45.061849,-3.2729077],[-45.0617184,-3.2728258],[-45.0614082,-3.2728258],[-45.0608294,-3.2728564],[-45.0602032,-3.2727726],[-45.0598275,-3.2721019],[-45.0598692,-3.2713892],[-45.0599109,-3.2706346],[-45.0600778,-3.2698381],[-45.0601195,-3.2694189],[-45.0601613,-3.2690416],[-45.0600778,-3.2686224],[-45.0600777,-3.2682032],[-45.0599107,-3.2678679],[-45.0597421,-3.2677573],[-45.0595983,-3.2676954],[-45.0595572,-3.2677573],[-45.0595366,-3.267943],[-45.0596188,-3.2682937],[-45.0594471,-3.2687983],[-45.059132,-3.2699061],[-45.059027,-3.2709085],[-45.0586068,-3.2713833],[-45.0579239,-3.2715943],[-45.0574911,-3.2716585],[-45.0572735,-3.2716585],[-45.0571285,-3.271786],[-45.0571829,-3.2719317],[-45.0572736,-3.2720409],[-45.0572736,-3.2721138],[-45.057328,-3.2722413],[-45.0573098,-3.2724962],[-45.0572555,-3.2726601],[-45.0573461,-3.2727694],[-45.0575275,-3.2727329],[-45.0576726,-3.2726419],[-45.0578902,-3.2725508],[-45.0582704,-3.2725457],[-45.0586719,-3.2726923],[-45.0589638,-3.2730954],[-45.0591463,-3.2737916],[-45.0587814,-3.2743047],[-45.0579395,-3.2747068],[-45.0576579,-3.2751279],[-45.0570439,-3.275169],[-45.0566345,-3.2753335],[-45.056307,-3.2758679],[-45.0561433,-3.2763201],[-45.0554883,-3.2766491],[-45.055038,-3.2767313],[-45.0546287,-3.2767313],[-45.054481,-3.2768056],[-45.054481,-3.2768907],[-45.0545234,-3.2770042],[-45.0546506,-3.2770894],[-45.0549333,-3.2772597],[-45.0554587,-3.2774156],[-45.0558881,-3.2773248],[-45.0562045,-3.2771432],[-45.0565208,-3.2772567],[-45.0567243,-3.277529],[-45.0571084,-3.2775971],[-45.057244,-3.2774609],[-45.057244,-3.2771205],[-45.0575604,-3.2766893],[-45.058121,-3.2763093],[-45.0585185,-3.276273],[-45.058916,-3.27591],[-45.0595665,-3.2757648],[-45.0601086,-3.2761277],[-45.06047,-3.2769987],[-45.0602532,-3.2778333],[-45.0597473,-3.2780874],[-45.059386,-3.2785955],[-45.0593137,-3.279031],[-45.059386,-3.2791398],[-45.0596028,-3.2791761],[-45.0600365,-3.2791761],[-45.0606147,-3.2792849],[-45.0610267,-3.2792343],[-45.0612827,-3.2790915],[-45.0615671,-3.2790058],[-45.0618514,-3.2789772],[-45.062022,-3.2787202],[-45.062022,-3.278349],[-45.0620504,-3.2779206],[-45.0619935,-3.277635],[-45.0621926,-3.2773208],[-45.062676,-3.2772352],[-45.0629889,-3.2774636],[-45.0631595,-3.2776921],[-45.0636429,-3.2777206],[-45.063842,-3.2774921],[-45.0643823,-3.2772922],[-45.0647804,-3.277492],[-45.0649795,-3.2778633],[-45.0649796,-3.2785487],[-45.065264,-3.2786914],[-45.0654346,-3.2786343],[-45.0655767,-3.2780917],[-45.0656051,-3.2773206],[-45.0656051,-3.2766067],[-45.0656051,-3.2760926],[-45.0658894,-3.27555],[-45.0664297,-3.2754643],[-45.0669985,-3.2757499],[-45.0669985,-3.2761211],[-45.067226,-3.2764067],[-45.067482,-3.2764638],[-45.0677379,-3.2764066],[-45.0680223,-3.2760639],[-45.0680507,-3.2758069],[-45.0680791,-3.2754071],[-45.0681644,-3.2751501],[-45.0685341,-3.2749216],[-45.069046,-3.2749787],[-45.0691597,-3.2754641],[-45.0691029,-3.2758354],[-45.0687617,-3.2766065],[-45.0685627,-3.2771491],[-45.0680793,-3.2776346],[-45.067539,-3.2779773],[-45.0670555,-3.2782058],[-45.066629,-3.2784058],[-45.0662309,-3.2784915],[-45.0661171,-3.2787485],[-45.0661456,-3.278977],[-45.06643,-3.2790912],[-45.0668281,-3.2790911],[-45.0673684,-3.2792625],[-45.0675675,-3.2792339],[-45.0679087,-3.2793766],[-45.0681647,-3.279805],[-45.0679373,-3.2802334],[-45.0675676,-3.2805475],[-45.0669704,-3.2804905],[-45.0664585,-3.2802906],[-45.065975,-3.2802049],[-45.0656053,-3.2805191],[-45.0656338,-3.2810903],[-45.0659183,-3.2817185],[-45.0664302,-3.2819755],[-45.0669136,-3.282004],[-45.0673402,-3.2824609],[-45.0675393,-3.2828322],[-45.0673971,-3.2832034],[-45.0669137,-3.2832891],[-45.066288,-3.2831178],[-45.0659468,-3.2828608],[-45.0654064,-3.2826895],[-45.0649798,-3.2828895],[-45.0645249,-3.282918],[-45.0642405,-3.2827181],[-45.064013,-3.282661],[-45.0637286,-3.2828324],[-45.0637286,-3.2832037],[-45.063814,-3.2837177],[-45.0640983,-3.2838319],[-45.0643259,-3.2839461],[-45.0648093,-3.283889],[-45.0650937,-3.2839746],[-45.0656028,-3.2842146],[-45.0658018,-3.2844145],[-45.0658303,-3.2846715],[-45.065745,-3.2849285],[-45.065489,-3.2849],[-45.0650625,-3.2848429],[-45.0646643,-3.2849],[-45.0645506,-3.2852713],[-45.0645506,-3.2855569],[-45.0646644,-3.2860138],[-45.0645507,-3.286385],[-45.0640104,-3.2864422],[-45.0635838,-3.2863851],[-45.0634984,-3.2859282],[-45.0635837,-3.2855569],[-45.0636121,-3.2852428],[-45.0631855,-3.2847859],[-45.062759,-3.2847288],[-45.0621333,-3.284786],[-45.0617921,-3.2846146],[-45.0613939,-3.2843291],[-45.0609958,-3.2841006],[-45.0604839,-3.2842435],[-45.0603986,-3.2847289],[-45.0603418,-3.2854143],[-45.0604555,-3.2857856],[-45.0604271,-3.2861283],[-45.0601997,-3.2865852],[-45.0598015,-3.2866709],[-45.0594318,-3.2865567],[-45.0593749,-3.2862711],[-45.0594886,-3.2858999],[-45.0596024,-3.2856143],[-45.0594033,-3.2850717],[-45.059517,-3.2845862],[-45.059517,-3.2841293],[-45.0593463,-3.2837009],[-45.0594316,-3.283244],[-45.0593747,-3.2828156],[-45.0588912,-3.2825301],[-45.0582941,-3.2827872],[-45.0580097,-3.2833012],[-45.0577253,-3.2834154],[-45.0573556,-3.283444],[-45.0572134,-3.283187],[-45.0572418,-3.2826159],[-45.0573271,-3.2821875],[-45.0573271,-3.2817306],[-45.0570427,-3.2815021],[-45.0567014,-3.2815593],[-45.0564455,-3.2813594],[-45.0563886,-3.2811595],[-45.0560189,-3.2812451],[-45.0557914,-3.2813594],[-45.0553933,-3.2813309],[-45.0551658,-3.2814451],[-45.0550805,-3.2818164],[-45.0552796,-3.2820163],[-45.0555924,-3.2821305],[-45.0555355,-3.2823875],[-45.0552512,-3.2825017],[-45.0548815,-3.2827588],[-45.0542559,-3.2829587],[-45.0538862,-3.2827588],[-45.053488,-3.2824162],[-45.0533742,-3.2819021],[-45.0535448,-3.2814166],[-45.0537438,-3.2810454],[-45.0536016,-3.2806456],[-45.0534026,-3.2803029],[-45.053106,-3.2801252],[-45.0527079,-3.280011],[-45.0522813,-3.2799825],[-45.0520538,-3.2798683],[-45.0518263,-3.2798683],[-45.0517125,-3.2800967],[-45.0515419,-3.280468],[-45.0512575,-3.2806679],[-45.0508309,-3.2805252],[-45.0506603,-3.2803253],[-45.0505466,-3.2800397],[-45.0500631,-3.2798969],[-45.0499209,-3.2796399],[-45.0498924,-3.2792115],[-45.0495796,-3.2788974],[-45.0493236,-3.2784691],[-45.0492668,-3.2781835],[-45.0488686,-3.2778979],[-45.0486695,-3.2777551],[-45.048243,-3.277898],[-45.047987,-3.2780693],[-45.0477027,-3.2780979],[-45.0474752,-3.2781264],[-45.0472761,-3.2780408],[-45.0472476,-3.277898],[-45.0472476,-3.277641],[-45.0471339,-3.2774125],[-45.0468495,-3.2774125],[-45.0466505,-3.2775268],[-45.0466505,-3.2779266],[-45.0466505,-3.2784121],[-45.0465936,-3.2788976],[-45.0465652,-3.2791831],[-45.0463662,-3.2794687],[-45.0459965,-3.2796687],[-45.0452855,-3.2797543],[-45.0447736,-3.2794973],[-45.0447167,-3.279069],[-45.0443186,-3.278555],[-45.0442332,-3.2783265],[-45.0441195,-3.2778696],[-45.0439204,-3.2776126],[-45.0436644,-3.2774698],[-45.0432663,-3.2776126],[-45.0426976,-3.278298],[-45.042527,-3.2789549],[-45.0422142,-3.2793261],[-45.0420151,-3.2794689],[-45.0415032,-3.2796117],[-45.0412473,-3.2798116],[-45.0411336,-3.2801543],[-45.0412758,-3.2803542],[-45.0416739,-3.2805827],[-45.041873,-3.2810967],[-45.041873,-3.2816679],[-45.0419015,-3.2819535],[-45.0421859,-3.2820677],[-45.0425555,-3.2819534],[-45.0429537,-3.2818677],[-45.0432665,-3.2816392],[-45.0433802,-3.2814965],[-45.0436931,-3.281525],[-45.0439206,-3.281782],[-45.0442618,-3.2818106],[-45.0444893,-3.2818962],[-45.0444609,-3.2821533],[-45.0440344,-3.2826102],[-45.0435509,-3.28301],[-45.0431528,-3.2832956],[-45.0426409,-3.28321],[-45.0422997,-3.283467],[-45.0423281,-3.2837811],[-45.0426125,-3.2841809],[-45.042641,-3.2843808],[-45.042641,-3.2846093],[-45.0429254,-3.2851233],[-45.0431529,-3.2852375],[-45.0434089,-3.2857801],[-45.0440022,-3.2869646],[-45.0443234,-3.2871661],[-45.0450861,-3.2876499],[-45.0456081,-3.2883755],[-45.0463953,-3.2892559],[-45.0471321,-3.290451],[-45.0483222,-3.291077],[-45.0492685,-3.2916787],[-45.0501748,-3.2920427],[-45.0508999,-3.2926797],[-45.0516249,-3.2931347],[-45.0528031,-3.2931346],[-45.0541626,-3.2942267],[-45.0559752,-3.2952277],[-45.0577878,-3.2964107],[-45.0595098,-3.2967746],[-45.0605067,-3.2969566],[-45.0617447,-3.2970087],[-45.0621015,-3.2968743],[-45.0623691,-3.2965608],[-45.0629488,-3.2963368],[-45.0638854,-3.2964711],[-45.0644206,-3.2965606],[-45.0652234,-3.297098],[-45.0656693,-3.296874],[-45.0660261,-3.2965158],[-45.0666504,-3.2962022],[-45.0678545,-3.2956199],[-45.0682558,-3.2950825],[-45.069237,-3.2948585],[-45.0699505,-3.2948137],[-45.0706353,-3.2945001],[-45.0713935,-3.2945449],[-45.0717949,-3.2947687],[-45.0725976,-3.2947239],[-45.0730882,-3.2945895],[-45.0737125,-3.2937833],[-45.0743814,-3.292798],[-45.0749611,-3.2920367],[-45.0757192,-3.2912753],[-45.0764327,-3.2905139],[-45.0771462,-3.2897077],[-45.0778151,-3.2891702],[-45.0787516,-3.288991],[-45.0792422,-3.2890357],[-45.0796436,-3.2886774],[-45.0801787,-3.2882743],[-45.0804462,-3.287916],[-45.080803,-3.287513],[-45.0807583,-3.2868412],[-45.0810704,-3.2861694],[-45.0815545,-3.2854618],[-45.082284,-3.2848981],[-45.0829013,-3.2845599],[-45.0835186,-3.2844472],[-45.0839115,-3.2843908],[-45.0840799,-3.2848416],[-45.0837993,-3.2853488],[-45.0830137,-3.2857434],[-45.0825647,-3.286307],[-45.0823403,-3.2866452],[-45.0824525,-3.2868706],[-45.0826209,-3.2870397],[-45.0830699,-3.2870396],[-45.083575,-3.2868142],[-45.0841362,-3.2867578],[-45.0845405,-3.2866986],[-45.0846786,-3.2868927],[-45.084651,-3.2870314],[-45.0842367,-3.2871424],[-45.0837949,-3.2873365],[-45.0832149,-3.2876971],[-45.0825994,-3.2879566],[-45.0823344,-3.2881784],[-45.0822461,-3.2886219],[-45.0823787,-3.2891541],[-45.0822462,-3.2897306],[-45.0818046,-3.2898637],[-45.0814424,-3.2898372],[-45.0810449,-3.2900147],[-45.0808241,-3.2904138],[-45.0804708,-3.2905026],[-45.0800734,-3.2904139],[-45.0795876,-3.2904583],[-45.0791018,-3.2908131],[-45.0788368,-3.2909905],[-45.0783952,-3.2911236],[-45.0779977,-3.2913011],[-45.0777328,-3.2912567],[-45.077247,-3.2913011],[-45.0768495,-3.291789],[-45.0768495,-3.2920994],[-45.0764079,-3.2924542],[-45.0759222,-3.2928978],[-45.0757014,-3.2932082],[-45.0757014,-3.293563],[-45.0757456,-3.2938291],[-45.0757898,-3.2940952],[-45.0757456,-3.29445],[-45.0758781,-3.2946274],[-45.076099,-3.2948048],[-45.0761432,-3.295337],[-45.0761874,-3.2955144],[-45.0764523,-3.2955143],[-45.0769382,-3.2955587],[-45.0773356,-3.2959578],[-45.0782631,-3.2962238],[-45.0788372,-3.2964898],[-45.0791906,-3.2965341],[-45.0797206,-3.2969333],[-45.0800297,-3.2969332],[-45.0804714,-3.2970219],[-45.0809572,-3.2975097],[-45.0810014,-3.2977758],[-45.0813106,-3.2980418],[-45.0821055,-3.2980418],[-45.082503,-3.2980417],[-45.0836071,-3.2980416],[-45.0845787,-3.2981303],[-45.0849762,-3.2980415],[-45.0852411,-3.2979528],[-45.0854178,-3.2977754],[-45.0859036,-3.2977754],[-45.0862127,-3.2979527],[-45.0864336,-3.2981301],[-45.0868752,-3.2981301],[-45.0874052,-3.2985735],[-45.0878469,-3.2987065],[-45.088421,-3.2987065],[-45.0891718,-3.2986177],[-45.0898784,-3.2983515],[-45.0902512,-3.2981011],[-45.0906045,-3.2980123],[-45.0911345,-3.2982784],[-45.091797,-3.2984114],[-45.0925036,-3.2985444],[-45.0928212,-3.2985647],[-45.0930161,-3.2985255],[-45.0931331,-3.2983297],[-45.093172,-3.298134],[-45.093172,-3.2978599],[-45.0933669,-3.2975467],[-45.0936398,-3.2975858],[-45.0939907,-3.2978207],[-45.0944196,-3.2978598],[-45.0946145,-3.298173],[-45.0948874,-3.2982513],[-45.0953943,-3.2984861],[-45.0957841,-3.2983686],[-45.096135,-3.2981728],[-45.0967198,-3.2980945],[-45.0971486,-3.2979378],[-45.0980063,-3.2979378],[-45.098786,-3.2978594],[-45.099098,-3.2982117],[-45.0987861,-3.2986032],[-45.0980844,-3.2988773],[-45.0975386,-3.2989948],[-45.0969148,-3.2993081],[-45.0967238,-3.2993893],[-45.0966471,-3.2995434],[-45.0966663,-3.2996975],[-45.0968197,-3.2998324],[-45.0971075,-3.2998131],[-45.0973761,-3.2999864],[-45.0975104,-3.3001983],[-45.0976831,-3.3003717],[-45.0982587,-3.3005836],[-45.098604,-3.3006606],[-45.0988342,-3.3009303],[-45.099217,-3.3013121],[-45.0996465,-3.3017126],[-45.1001374,-3.3020514],[-45.1002908,-3.3023287],[-45.100659,-3.3027291],[-45.1009965,-3.3027599],[-45.1016101,-3.3026366],[-45.1020089,-3.3023901],[-45.1024691,-3.3022052],[-45.1031134,-3.3023284],[-45.1037884,-3.3027904],[-45.1044633,-3.3027903],[-45.1051996,-3.3023898],[-45.1058131,-3.3021124],[-45.1061199,-3.3018967],[-45.1063653,-3.3017735],[-45.1065801,-3.3017735],[-45.1067361,-3.3017463],[-45.1068557,-3.3016562],[-45.1068707,-3.3014911],[-45.1066926,-3.3013422],[-45.1066885,-3.3013408]]],[[[-45.0536877,-3.251964],[-45.0528122,-3.2519641],[-45.0523059,-3.2522184],[-45.0522047,-3.2530828],[-45.0519515,-3.2537438],[-45.0512933,-3.2537439],[-45.0508376,-3.2535405],[-45.050635,-3.2529303],[-45.0505843,-3.2525236],[-45.0496223,-3.2523202],[-45.0488628,-3.2525236],[-45.0482552,-3.2530322],[-45.0482552,-3.2534898],[-45.0485084,-3.2539983],[-45.0487616,-3.2543542],[-45.048711,-3.2549135],[-45.0484579,-3.2552186],[-45.0480021,-3.2551678],[-45.0475971,-3.2550153],[-45.0465844,-3.2546085],[-45.0457742,-3.2539475],[-45.0457235,-3.2531848],[-45.0455219,-3.2527003],[-45.0455725,-3.2522935],[-45.0458256,-3.2519884],[-45.0460282,-3.2518358],[-45.0466864,-3.2518866],[-45.0471421,-3.2518357],[-45.0475472,-3.2515306],[-45.0475472,-3.2512764],[-45.0472433,-3.2509205],[-45.0470408,-3.2504628],[-45.0470407,-3.2500052],[-45.0474964,-3.2492933],[-45.0479015,-3.2488865],[-45.048104,-3.2485814],[-45.0480643,-3.2485177],[-45.0469082,-3.2478091],[-45.0467682,-3.2479918],[-45.0462503,-3.2483119],[-45.0457323,-3.2482719],[-45.0452143,-3.2479519],[-45.0449503,-3.2476079],[-45.0448257,-3.2472576],[-45.0447758,-3.2468823],[-45.0446761,-3.2466571],[-45.0445266,-3.246457],[-45.0443639,-3.2464899],[-45.044212,-3.2468459],[-45.0440602,-3.2473035],[-45.0440602,-3.247812],[-45.0443134,-3.2483713],[-45.0444653,-3.2489815],[-45.0444653,-3.2493374],[-45.0442628,-3.2496934],[-45.0433514,-3.2499477],[-45.0427438,-3.2498968],[-45.0422374,-3.2495918],[-45.0412754,-3.2495409],[-45.0408197,-3.2492867],[-45.0406678,-3.2489308],[-45.0409716,-3.2482189],[-45.0414273,-3.2480663],[-45.0419842,-3.2479138],[-45.0423386,-3.2476595],[-45.0428449,-3.2472019],[-45.0427943,-3.2466934],[-45.042288,-3.2466425],[-45.0419842,-3.2467951],[-45.0416804,-3.2467951],[-45.0413259,-3.2464392],[-45.0412246,-3.2461341],[-45.0404145,-3.2460325],[-45.0400094,-3.246185],[-45.0393006,-3.2462867],[-45.0385917,-3.2467444],[-45.0379841,-3.2468461],[-45.0373145,-3.2471398],[-45.0371164,-3.2473187],[-45.0366808,-3.2473784],[-45.0365621,-3.2474778],[-45.0365423,-3.2475971],[-45.0366373,-3.2477064],[-45.0368385,-3.2478276],[-45.0373616,-3.2478276],[-45.0380751,-3.2480101],[-45.0385579,-3.2481717],[-45.0387591,-3.2484545],[-45.0387591,-3.2488586],[-45.0387189,-3.2491414],[-45.0386787,-3.2496263],[-45.0387591,-3.2500304],[-45.0385177,-3.2505961],[-45.0379544,-3.2507173],[-45.0373509,-3.2504749],[-45.0370692,-3.2501516],[-45.0369887,-3.2495859],[-45.0368278,-3.2493435],[-45.0363852,-3.2491011],[-45.0362645,-3.2489799],[-45.036023,-3.2487374],[-45.0357816,-3.2485354],[-45.0357816,-3.2482122],[-45.0355,-3.2479697],[-45.0351378,-3.2478485],[-45.0346148,-3.248091],[-45.0344136,-3.2483738],[-45.0344136,-3.2488587],[-45.0344539,-3.249182],[-45.0345343,-3.249586],[-45.0346148,-3.2499093],[-45.0345746,-3.250475],[-45.0345746,-3.2507174],[-45.0344539,-3.2509599],[-45.034132,-3.2511619],[-45.0338906,-3.2512427],[-45.0339711,-3.2514852],[-45.0340918,-3.2516064],[-45.0341723,-3.2517276],[-45.0341723,-3.2518892],[-45.0338102,-3.2519296],[-45.0332871,-3.2519701],[-45.0330859,-3.2520913],[-45.0331262,-3.2523741],[-45.0334883,-3.252657],[-45.0339711,-3.252859],[-45.0346954,-3.2529398],[-45.0352989,-3.2531014],[-45.0358623,-3.2531014],[-45.0361037,-3.2533438],[-45.0361439,-3.2538691],[-45.0361439,-3.2542328],[-45.0358221,-3.2545156],[-45.035299,-3.2545156],[-45.0349771,-3.2548389],[-45.0345345,-3.2551218],[-45.0340919,-3.2551218],[-45.0336493,-3.2549198],[-45.0332067,-3.2546773],[-45.0329653,-3.254839],[-45.0328849,-3.2551622],[-45.0329251,-3.2554047],[-45.0327239,-3.2556067],[-45.0322008,-3.2554855],[-45.0315973,-3.2548794],[-45.0311547,-3.2543945],[-45.0307925,-3.2539905],[-45.0302694,-3.2538693],[-45.030028,-3.2540309],[-45.0298269,-3.2543542],[-45.0295452,-3.2545562],[-45.0295452,-3.2547583],[-45.0298269,-3.2550411],[-45.0298671,-3.2556472],[-45.0298671,-3.2559705],[-45.0301086,-3.2562533],[-45.0304305,-3.2562937],[-45.0307926,-3.2563341],[-45.0311145,-3.2566169],[-45.0314364,-3.2568594],[-45.0318387,-3.2568189],[-45.0322009,-3.2566573],[-45.032563,-3.2567381],[-45.0326032,-3.2569401],[-45.0325228,-3.2573038],[-45.0323619,-3.2577887],[-45.0321607,-3.2582332],[-45.0321607,-3.2588393],[-45.0319595,-3.259405],[-45.0318791,-3.2600111],[-45.0317182,-3.2602939],[-45.0308732,-3.260698],[-45.0299477,-3.2609405],[-45.0288614,-3.2609001],[-45.028459,-3.2608597],[-45.0283785,-3.2606981],[-45.0282176,-3.260294],[-45.0278957,-3.2602132],[-45.0275336,-3.2601728],[-45.0272519,-3.25989],[-45.0268898,-3.2594051],[-45.0268092,-3.2589606],[-45.0267711,-3.2582978],[-45.0267308,-3.2580957],[-45.0266948,-3.2579329],[-45.0193267,-3.2792033],[-45.0194585,-3.2796565],[-45.0199945,-3.2814936],[-45.0210298,-3.2818424],[-45.0210178,-3.2817643],[-45.0212173,-3.2813636],[-45.021716,-3.2813636],[-45.0220152,-3.2817308],[-45.022647,-3.281831],[-45.023046,-3.2817642],[-45.023179,-3.2815972],[-45.0232122,-3.28123],[-45.0232745,-3.2809962],[-45.0236848,-3.2810337],[-45.0242816,-3.2810711],[-45.0246918,-3.2811085],[-45.0250648,-3.2812958],[-45.0251021,-3.2817453],[-45.0254378,-3.2821198],[-45.0257362,-3.2819325],[-45.0261465,-3.2815954],[-45.0261838,-3.2809587],[-45.0261838,-3.2802096],[-45.0266313,-3.2793481],[-45.0267805,-3.278599],[-45.0271535,-3.278112],[-45.0274736,-3.2775175],[-45.0279474,-3.2771474],[-45.0287372,-3.2771474],[-45.0295857,-3.2772442],[-45.0298811,-3.2775038],[-45.0298442,-3.2779118],[-45.0295118,-3.2783569],[-45.0289947,-3.2786166],[-45.0289578,-3.2790617],[-45.0287362,-3.2793955],[-45.0284407,-3.2801003],[-45.028293,-3.2807679],[-45.0284777,-3.2810276],[-45.0284777,-3.2814726],[-45.0279606,-3.2818807],[-45.0273327,-3.2820661],[-45.027148,-3.2822887],[-45.027185,-3.2824],[-45.0274435,-3.2824371],[-45.0276282,-3.2825112],[-45.0279237,-3.2823999],[-45.0284038,-3.2823629],[-45.0288101,-3.2822516],[-45.0291795,-3.2819177],[-45.0296966,-3.2818064],[-45.0301398,-3.2819919],[-45.0301029,-3.2825112],[-45.0298444,-3.2826595],[-45.0298074,-3.2828079],[-45.0299182,-3.2831417],[-45.0298813,-3.283661],[-45.0299552,-3.2843286],[-45.0296228,-3.284477],[-45.0294751,-3.284885],[-45.0292904,-3.2851818],[-45.028958,-3.2853301],[-45.0287733,-3.2851076],[-45.0285886,-3.2849221],[-45.0285147,-3.2841432],[-45.0284777,-3.2835868],[-45.0284408,-3.2832159],[-45.0282561,-3.2829934],[-45.0278129,-3.2830305],[-45.0273697,-3.2833273],[-45.0268526,-3.2835498],[-45.0262985,-3.2835127],[-45.0259046,-3.2835156],[-45.0257751,-3.2837237],[-45.0257751,-3.284062],[-45.025801,-3.2848426],[-45.0259047,-3.2852849],[-45.0260602,-3.285467],[-45.0262934,-3.2855191],[-45.0266302,-3.2851808],[-45.0269152,-3.2847645],[-45.0274075,-3.2848165],[-45.0277443,-3.2849986],[-45.028133,-3.2851808],[-45.0285475,-3.285519],[-45.0287549,-3.2858572],[-45.028703,-3.2863256],[-45.0285481,-3.2869074],[-45.028341,-3.2874067],[-45.0283824,-3.2880308],[-45.0284144,-3.2885001],[-45.0287341,-3.2887336],[-45.0292283,-3.2884709],[-45.0297515,-3.2880038],[-45.0322197,-3.2860523],[-45.0337059,-3.2844768],[-45.034449,-3.2834817],[-45.0351921,-3.2829013],[-45.0356876,-3.2824037],[-45.0359353,-3.2818233],[-45.0360178,-3.2813258],[-45.0357701,-3.2805795],[-45.0354964,-3.2800227],[-45.0353744,-3.2796555],[-45.0357401,-3.2793698],[-45.0356995,-3.2790842],[-45.0354963,-3.2790026],[-45.0350087,-3.278921],[-45.0343992,-3.2790026],[-45.0340742,-3.2788802],[-45.0337491,-3.2785946],[-45.0333834,-3.2782274],[-45.0333428,-3.2778194],[-45.0337897,-3.277697],[-45.0340741,-3.2778194],[-45.0344805,-3.2779009],[-45.034643,-3.2779417],[-45.0348462,-3.2777377],[-45.0350087,-3.2776153],[-45.0353744,-3.2776153],[-45.0356588,-3.2776969],[-45.0358213,-3.2779417],[-45.0363089,-3.2780233],[-45.0368372,-3.2781865],[-45.0371216,-3.2785945],[-45.0370404,-3.2791658],[-45.0371623,-3.2794106],[-45.037528,-3.279533],[-45.0381781,-3.2794922],[-45.0384625,-3.2797778],[-45.0388689,-3.279737],[-45.0391533,-3.2795737],[-45.0393158,-3.2793289],[-45.039519,-3.2792065],[-45.0398034,-3.2789616],[-45.0401691,-3.2787984],[-45.0406973,-3.2788392],[-45.0411036,-3.2790024],[-45.0412255,-3.2789616],[-45.0414693,-3.2786351],[-45.0415099,-3.2782679],[-45.0413474,-3.2779823],[-45.0409817,-3.2777375],[-45.040941,-3.2774927],[-45.0411035,-3.2772478],[-45.0415505,-3.2772478],[-45.041835,-3.277411],[-45.0423632,-3.2775742],[-45.042607,-3.277411],[-45.0428914,-3.2770845],[-45.0431002,-3.2767515],[-45.0437749,-3.2766325],[-45.0444245,-3.2771399],[-45.0448577,-3.2774298],[-45.0455795,-3.2775023],[-45.0460126,-3.2771398],[-45.0464456,-3.2769224],[-45.0464456,-3.2763425],[-45.0463012,-3.2760525],[-45.0463012,-3.2754001],[-45.046229,-3.2750377],[-45.0457959,-3.2746753],[-45.045435,-3.2746753],[-45.0449297,-3.2749653],[-45.0447854,-3.2753277],[-45.0443587,-3.2754309],[-45.0440042,-3.2753292],[-45.0439536,-3.2749224],[-45.0440042,-3.2743123],[-45.0441561,-3.2737021],[-45.0442067,-3.2733461],[-45.044156,-3.2731936],[-45.0439535,-3.2729902],[-45.0437509,-3.2725834],[-45.0439534,-3.2721766],[-45.0443585,-3.2718715],[-45.0450674,-3.2717189],[-45.0453712,-3.2716172],[-45.0453206,-3.271363],[-45.0449155,-3.2710579],[-45.0443079,-3.2711088],[-45.0440041,-3.2714139],[-45.0437509,-3.2711597],[-45.0435483,-3.2708037],[-45.0433458,-3.2703969],[-45.0435483,-3.2695834],[-45.0438014,-3.2692782],[-45.0442065,-3.2692274],[-45.0445103,-3.2691765],[-45.0446622,-3.2688714],[-45.0448647,-3.2683629],[-45.0453204,-3.2681087],[-45.0460799,-3.2680578],[-45.0465357,-3.2680069],[-45.0467382,-3.2677018],[-45.0472445,-3.2675492],[-45.0479534,-3.2671933],[-45.0482066,-3.2669899],[-45.0487129,-3.2667864],[-45.0491686,-3.2669898],[-45.0496243,-3.2673457],[-45.0500294,-3.2680067],[-45.0501814,-3.2688203],[-45.0501308,-3.2696339],[-45.0502827,-3.2703458],[-45.0502827,-3.2707526],[-45.0502828,-3.2710576],[-45.0506373,-3.2714644],[-45.0505866,-3.2719221],[-45.050536,-3.272278],[-45.0508398,-3.2724814],[-45.0511436,-3.2722271],[-45.051498,-3.271922],[-45.0519538,-3.2719728],[-45.0524095,-3.2722271],[-45.0527133,-3.2722779],[-45.0528146,-3.2719219],[-45.0528652,-3.2714643],[-45.0525107,-3.2712609],[-45.052055,-3.2711084],[-45.0515993,-3.2710067],[-45.0511941,-3.2701932],[-45.0511435,-3.2694304],[-45.051346,-3.2687694],[-45.051346,-3.2682101],[-45.0511434,-3.2679558],[-45.0506371,-3.2678542],[-45.0504345,-3.267244],[-45.0504344,-3.2665321],[-45.0507889,-3.2660236],[-45.0513965,-3.2657185],[-45.0522066,-3.265871],[-45.0528142,-3.2659727],[-45.0532193,-3.2655658],[-45.0532699,-3.2651082],[-45.0537763,-3.2647014],[-45.0538775,-3.2643454],[-45.0537762,-3.2640403],[-45.0530167,-3.2639895],[-45.0522572,-3.2644981],[-45.0514977,-3.2647015],[-45.0509407,-3.2651083],[-45.050485,-3.2651083],[-45.0501306,-3.264905],[-45.0498267,-3.2644474],[-45.0495229,-3.2640406],[-45.0491685,-3.2639897],[-45.0491178,-3.2642948],[-45.0492191,-3.2647016],[-45.0493204,-3.265261],[-45.0489154,-3.2657186],[-45.0483078,-3.2660237],[-45.0475482,-3.2658712],[-45.0471938,-3.2652102],[-45.0471937,-3.2644475],[-45.0471937,-3.2636339],[-45.0469911,-3.2634305],[-45.0466367,-3.2633288],[-45.0464848,-3.2635831],[-45.0461304,-3.2637357],[-45.0454215,-3.2639391],[-45.0446113,-3.2638374],[-45.0444594,-3.2633289],[-45.0445087,-3.2629478],[-45.0447112,-3.2626936],[-45.0452176,-3.2625918],[-45.0454201,-3.262185],[-45.0458252,-3.2620325],[-45.0464834,-3.2620324],[-45.046686,-3.2615748],[-45.0471923,-3.2612697],[-45.0476986,-3.261168],[-45.0480024,-3.261168],[-45.0482556,-3.2609645],[-45.0482556,-3.2605578],[-45.0482049,-3.2592865],[-45.0482048,-3.2587272],[-45.0485592,-3.2579136],[-45.0487618,-3.257456],[-45.0492175,-3.2574051],[-45.0496732,-3.2578119],[-45.0500276,-3.2579644],[-45.0503315,-3.2583712],[-45.049977,-3.2586763],[-45.0496226,-3.2590322],[-45.0495214,-3.2595916],[-45.049572,-3.2598458],[-45.0499771,-3.2598966],[-45.0506354,-3.2599983],[-45.0508379,-3.2596424],[-45.0512429,-3.2591847],[-45.051648,-3.2585236],[-45.0524581,-3.2582694],[-45.0529644,-3.2580151],[-45.0536733,-3.2573032],[-45.0538252,-3.256693],[-45.0538251,-3.2555743],[-45.053825,-3.254659],[-45.053825,-3.2540997],[-45.0537743,-3.2534895],[-45.0541287,-3.2528793],[-45.0543819,-3.2525742],[-45.054357,-3.2523742],[-45.0536877,-3.251964]]],[[[-45.0331273,-3.2393634],[-45.0312256,-3.2448533],[-45.0312256,-3.2451109],[-45.0310887,-3.2452484],[-45.0309531,-3.24564],[-45.0315172,-3.2461357],[-45.0318088,-3.2464284],[-45.0321732,-3.2462088],[-45.0327563,-3.24555],[-45.0336309,-3.2446716],[-45.0345055,-3.2435736],[-45.0353073,-3.242622],[-45.0355259,-3.2418169],[-45.0355259,-3.2411581],[-45.0357436,-3.2409668],[-45.0331273,-3.2393634]]]]}},{"type":"Feature","properties":{"fid":46,"gid":58624.0,"esp_cd":6431.0,"cod_snisb":null,"cod_sar":null,"nmoriginal":"Lago de Apuí","nmalternat":null,"nmgenerico":"Lago","nmligacao":"de","nmespecifi":"Apuí","detipomass":"Natural","dedominial":"Estadual","dedominio":"Corpo Hídrico Estadual","defiscaliz":null,"nmemp":null,"fonmemp":null,"dtreserv":null,"fodtreserv":null,"nuvolumhm3":null,"fonuvolume":null,"nuperimkm":134.199448649471,"nuareakm2":34.2849238604139,"nuareaha":3428.49238604139,"nucompgeom":6.46320967478886,"usoprinc":null,"fousoprinc":null,"detipoapr":null,"detipomda":null,"salinidade":null,"regime":null,"nmriocomp":null,"nmufe":"MARANHÃO","nmmun":"CAJARI, PENALVA","defonte":"Carta 1:100000","desatelite":"157-104_20050621","deversao":"bho_massa_dagua","deobs":null,"nuvzreg":null,"nuvzlago":null,"nuvzdeflu":null,"cdtipooper":null,"detipooper":null,"fovzlago":null,"fovzdeflu":null,"fovzreg":null,"cobarprin":null,"cotrecho":null,"nuvzrecebe":null,"nuvztransf":null,"deobsvazao":null,"cocda2013":null,"cocda2017":null},"geometry":{"type":"MultiPolygon","coordinates":[[[[-45.1517541,-3.3323339],[-45.1514811,-3.3323588],[-45.1514632,-3.3323086],[-45.1505001,-3.3322249],[-45.1468026,-3.3289184],[-45.1463914,-3.327719],[-45.1453655,-3.3265177],[-45.1450398,-3.326487],[-45.1450398,-3.3268332],[-45.1448075,-3.3270486],[-45.1444678,-3.326923],[-45.1442711,-3.3265461],[-45.1441877,-3.3264065],[-45.1418796,-3.3261886],[-45.1418414,-3.3262193],[-45.1415145,-3.3265112],[-45.1414056,-3.3266571],[-45.1414056,-3.3269854],[-45.1414057,-3.3272407],[-45.1412604,-3.3273867],[-45.1407882,-3.3275326],[-45.1402982,-3.3274654],[-45.139912,-3.3274199],[-45.1397757,-3.3272146],[-45.1399573,-3.3267356],[-45.1399573,-3.3263706],[-45.1395938,-3.3261425],[-45.13942,-3.3260146],[-45.139197,-3.326015],[-45.1363255,-3.326018],[-45.1299581,-3.3265225],[-45.127084,-3.3249178],[-45.1224616,-3.3209035],[-45.1178363,-3.313902],[-45.1161932,-3.3098948],[-45.11455,-3.306892],[-45.1143421,-3.3047866],[-45.1127017,-3.3035872],[-45.1099966,-3.3025018],[-45.1094128,-3.3024793],[-45.108848,-3.3024321],[-45.108236,-3.3025267],[-45.1084244,-3.3029049],[-45.108848,-3.3031412],[-45.1096482,-3.3031884],[-45.1105897,-3.3034246],[-45.1110134,-3.3035664],[-45.1113429,-3.3039445],[-45.1114842,-3.3044171],[-45.112002,-3.3047007],[-45.1124257,-3.3051733],[-45.1125199,-3.3056933],[-45.11252,-3.3063551],[-45.1127084,-3.3069222],[-45.1128967,-3.3072059],[-45.1131792,-3.3078676],[-45.1128498,-3.3086239],[-45.1123791,-3.3089076],[-45.1108728,-3.3093805],[-45.1099314,-3.3096169],[-45.1089429,-3.3097116],[-45.1077661,-3.3096644],[-45.10706,-3.3094282],[-45.1064009,-3.309381],[-45.1056478,-3.309381],[-45.1049888,-3.3092393],[-45.1042356,-3.3092394],[-45.1036237,-3.3090976],[-45.1033883,-3.3094285],[-45.1032942,-3.310043],[-45.1036238,-3.3104684],[-45.1041887,-3.310752],[-45.1047065,-3.3108938],[-45.1052714,-3.3108937],[-45.1060716,-3.3109881],[-45.1068247,-3.3106572],[-45.1075308,-3.3107044],[-45.1078603,-3.3108934],[-45.1079997,-3.31128],[-45.1082352,-3.3121667],[-45.1084707,-3.3125214],[-45.1085002,-3.3129943],[-45.1081765,-3.31329],[-45.1076761,-3.3134378],[-45.1071168,-3.3133492],[-45.1068519,-3.3135266],[-45.1068519,-3.3140291],[-45.1069698,-3.3148271],[-45.1072347,-3.3150932],[-45.1077646,-3.3154478],[-45.1080296,-3.315832],[-45.1080296,-3.3162163],[-45.107853,-3.3165119],[-45.1073821,-3.316512],[-45.1069699,-3.3163051],[-45.1067049,-3.3157731],[-45.1065872,-3.3153888],[-45.1062928,-3.3152411],[-45.1057924,-3.3153002],[-45.1053508,-3.3152116],[-45.1051742,-3.314916],[-45.1054685,-3.3142952],[-45.1057334,-3.3139996],[-45.1056745,-3.313704],[-45.1055567,-3.3134972],[-45.1057333,-3.3133198],[-45.1060865,-3.313172],[-45.1064986,-3.3131719],[-45.1066458,-3.3129059],[-45.1062042,-3.3123443],[-45.105586,-3.3119896],[-45.1047618,-3.3119011],[-45.1040553,-3.3119307],[-45.1038198,-3.3119307],[-45.1037021,-3.3121672],[-45.103761,-3.3124037],[-45.1041437,-3.3124627],[-45.1042909,-3.3126992],[-45.1043203,-3.3130539],[-45.1038877,-3.3131272],[-45.1032055,-3.3130417],[-45.1022674,-3.3122711],[-45.1012441,-3.3120143],[-45.1007325,-3.3117575],[-45.0988564,-3.310987],[-45.0969803,-3.3102165],[-45.0947157,-3.3098033],[-45.0944156,-3.3096025],[-45.0940821,-3.3093346],[-45.0940154,-3.3091002],[-45.0937486,-3.3089663],[-45.0933819,-3.3091338],[-45.0929817,-3.3092008],[-45.0924482,-3.3092678],[-45.0923815,-3.3094017],[-45.0924483,-3.3096026],[-45.092715,-3.30977],[-45.0931485,-3.3098705],[-45.0933153,-3.3099709],[-45.0935487,-3.3101383],[-45.0941156,-3.3101717],[-45.0941823,-3.3102722],[-45.0942156,-3.3104731],[-45.093612,-3.3105718],[-45.09246,-3.3102317],[-45.0915791,-3.3101637],[-45.0912403,-3.3104359],[-45.090766,-3.3107082],[-45.0906983,-3.3109803],[-45.0908338,-3.3113886],[-45.0913759,-3.3115247],[-45.0921214,-3.3116607],[-45.092528,-3.3120689],[-45.092528,-3.3126133],[-45.0921893,-3.3132257],[-45.0917827,-3.3132938],[-45.0916472,-3.313634],[-45.0915795,-3.3145186],[-45.0910375,-3.314995],[-45.0902921,-3.3149951],[-45.0899532,-3.314791],[-45.0898854,-3.3142466],[-45.0904275,-3.3138383],[-45.0904275,-3.3132259],[-45.0902378,-3.3126181],[-45.0898988,-3.3121075],[-45.0893055,-3.3118523],[-45.0890089,-3.3118948],[-45.0888394,-3.3117672],[-45.0888818,-3.3115544],[-45.0891351,-3.3113426],[-45.0899943,-3.3108494],[-45.0902397,-3.309247],[-45.0902395,-3.3076445],[-45.0897485,-3.3066585],[-45.0883982,-3.306412],[-45.0863113,-3.3060424],[-45.0845928,-3.3059193],[-45.0832425,-3.3055496],[-45.082015,-3.3055497],[-45.0811557,-3.30518],[-45.0809102,-3.3045637],[-45.0814011,-3.3039473],[-45.0821376,-3.3028379],[-45.0817692,-3.301482],[-45.0807871,-3.3003727],[-45.0799278,-3.3002495],[-45.0789458,-3.3007426],[-45.0783322,-3.3017288],[-45.0778412,-3.302715],[-45.0767365,-3.3028383],[-45.0762455,-3.3023453],[-45.0752634,-3.3020989],[-45.0732994,-3.3018525],[-45.0724401,-3.3007431],[-45.0724399,-3.2985244],[-45.0714578,-3.2974151],[-45.0703531,-3.2974151],[-45.0690028,-3.2976617],[-45.0680209,-3.2987712],[-45.0677754,-3.2993875],[-45.0663025,-3.3007436],[-45.0656889,-3.302346],[-45.0637249,-3.3028393],[-45.0621291,-3.3019765],[-45.0618835,-3.3014834],[-45.0586919,-3.2997579],[-45.0562368,-3.2981556],[-45.0537818,-3.297786],[-45.051204,-3.2975396],[-45.0498537,-3.2966768],[-45.0469076,-3.2954443],[-45.0446981,-3.2942117],[-45.0434706,-3.2940885],[-45.0423658,-3.2937187],[-45.04077,-3.2927327],[-45.0385604,-3.2910071],[-45.0383802,-3.2904619],[-45.0381146,-3.2898953],[-45.0374508,-3.2891954],[-45.0369529,-3.2889288],[-45.0364551,-3.2887622],[-45.0359241,-3.2884289],[-45.0352935,-3.2881623],[-45.0348288,-3.2880957],[-45.0344305,-3.2880957],[-45.034331,-3.2883623],[-45.034331,-3.2886623],[-45.0345633,-3.2888623],[-45.0349284,-3.2892289],[-45.0354927,-3.2895955],[-45.0358577,-3.2899287],[-45.0362228,-3.290162],[-45.0365215,-3.2903287],[-45.0367871,-3.2905286],[-45.0367871,-3.2906953],[-45.0366211,-3.2908619],[-45.0363556,-3.2908953],[-45.0360237,-3.2910286],[-45.0356919,-3.2914952],[-45.0353932,-3.2917952],[-45.0349617,-3.2919618],[-45.0347958,-3.2920285],[-45.0345966,-3.2922285],[-45.0346298,-3.2924951],[-45.034663,-3.2927284],[-45.0347947,-3.2930097],[-45.0347283,-3.2934096],[-45.0344628,-3.2936762],[-45.0341973,-3.2938429],[-45.0338322,-3.2938762],[-45.0336663,-3.2942762],[-45.0336995,-3.2946095],[-45.0336331,-3.2949761],[-45.0335004,-3.295476],[-45.0333676,-3.2958427],[-45.0330689,-3.2961759],[-45.0329694,-3.2966426],[-45.0324715,-3.2969092],[-45.0319073,-3.2969426],[-45.0313431,-3.2970092],[-45.0308785,-3.2972426],[-45.0307125,-3.2976092],[-45.0307125,-3.2979425],[-45.0309449,-3.2981091],[-45.031144,-3.2981424],[-45.0317746,-3.2978091],[-45.0320733,-3.2977091],[-45.0326043,-3.2976424],[-45.0330274,-3.2977088],[-45.0332896,-3.2977829],[-45.0334945,-3.2978652],[-45.033642,-3.2979472],[-45.0337436,-3.2980491],[-45.0337436,-3.2981851],[-45.033642,-3.298355],[-45.0332359,-3.298423],[-45.0327959,-3.298423],[-45.032559,-3.2985929],[-45.0324913,-3.2988648],[-45.0327283,-3.2993406],[-45.0326944,-3.2996465],[-45.0326606,-3.2999184],[-45.0324237,-3.3000204],[-45.0320514,-3.3000544],[-45.0319837,-3.3003603],[-45.0321529,-3.3008361],[-45.0322883,-3.301006],[-45.0326268,-3.3012439],[-45.0326268,-3.3016517],[-45.0324576,-3.3017877],[-45.031982,-3.3021121],[-45.0314066,-3.3021801],[-45.0307974,-3.302452],[-45.0303236,-3.302452],[-45.030019,-3.30269],[-45.0296467,-3.3029279],[-45.029139,-3.3030638],[-45.0286991,-3.3031318],[-45.0285637,-3.3030978],[-45.0283606,-3.302758],[-45.0282591,-3.3025541],[-45.0281237,-3.3021802],[-45.0280221,-3.3020103],[-45.0276498,-3.3020103],[-45.0275483,-3.3021122],[-45.0274468,-3.3023841],[-45.027176,-3.3025881],[-45.0267699,-3.3026901],[-45.0265669,-3.3026561],[-45.0261945,-3.3024182],[-45.0260253,-3.3021803],[-45.0258561,-3.3022482],[-45.025653,-3.3024182],[-45.0257207,-3.3025881],[-45.0258561,-3.302792],[-45.0259915,-3.3031999],[-45.0260254,-3.3035057],[-45.0262623,-3.3038456],[-45.0264653,-3.3040835],[-45.0269053,-3.3040495],[-45.0272099,-3.3041175],[-45.027413,-3.3044234],[-45.027413,-3.3048312],[-45.0271084,-3.3051371],[-45.0271084,-3.3055109],[-45.0271085,-3.3057828],[-45.0271085,-3.3059527],[-45.0270746,-3.3061567],[-45.0272777,-3.3062926],[-45.0274469,-3.3061906],[-45.0280223,-3.3060547],[-45.0283269,-3.3061566],[-45.0286992,-3.3062926],[-45.0292068,-3.3062246],[-45.0299176,-3.3064285],[-45.0301207,-3.3064964],[-45.0303914,-3.3067003],[-45.0305607,-3.3066664],[-45.0307637,-3.3064284],[-45.0311022,-3.3064284],[-45.0312714,-3.3065644],[-45.0313391,-3.3068703],[-45.0315422,-3.3070062],[-45.0317791,-3.3069382],[-45.0317791,-3.3068362],[-45.0318467,-3.3066663],[-45.0320498,-3.3065304],[-45.0323883,-3.3064964],[-45.0327267,-3.3067682],[-45.0327944,-3.3070741],[-45.0327944,-3.307414],[-45.032896,-3.3077878],[-45.0332683,-3.3079238],[-45.0334713,-3.3078218],[-45.0337759,-3.3076859],[-45.0338098,-3.307312],[-45.0334375,-3.3071761],[-45.0332344,-3.3071081],[-45.0332682,-3.3068362],[-45.0334036,-3.3067342],[-45.0337421,-3.3067682],[-45.0341821,-3.3068702],[-45.0346897,-3.3068702],[-45.0349267,-3.3070061],[-45.0354682,-3.3073459],[-45.0355697,-3.3076178],[-45.0354682,-3.3077538],[-45.0350959,-3.3078897],[-45.0348251,-3.3078218],[-45.0345544,-3.3077878],[-45.0343852,-3.3078898],[-45.0342836,-3.3080937],[-45.0343513,-3.3084675],[-45.0343513,-3.3089093],[-45.0339452,-3.3091133],[-45.0334037,-3.3091133],[-45.0329637,-3.3091133],[-45.0326929,-3.3092832],[-45.0320837,-3.3096231],[-45.0315084,-3.3096572],[-45.0312038,-3.3098611],[-45.0310684,-3.310099],[-45.0310684,-3.3105408],[-45.0308355,-3.3107591],[-45.030734,-3.3109631],[-45.0308017,-3.3113029],[-45.0308694,-3.3115748],[-45.0308694,-3.3119827],[-45.0306325,-3.3126284],[-45.0304633,-3.3129003],[-45.0301248,-3.3132062],[-45.0300572,-3.3133082],[-45.0300572,-3.3134781],[-45.0298879,-3.313784],[-45.0297864,-3.3139199],[-45.029651,-3.3140899],[-45.029651,-3.3142938],[-45.0297864,-3.3144297],[-45.0300233,-3.3143957],[-45.0303956,-3.3140219],[-45.0307679,-3.313614],[-45.0313433,-3.3134441],[-45.0319525,-3.31341],[-45.0326971,-3.3136819],[-45.0333063,-3.3140897],[-45.0337802,-3.3142936],[-45.0342878,-3.3146335],[-45.034897,-3.3148714],[-45.0355401,-3.3148713],[-45.0361155,-3.3150413],[-45.0364539,-3.3153471],[-45.036454,-3.315721],[-45.0363186,-3.3158909],[-45.0360817,-3.3160609],[-45.0356079,-3.3161628],[-45.0352694,-3.3165027],[-45.0348255,-3.3168194],[-45.0341693,-3.3168407],[-45.0337249,-3.3169895],[-45.0335344,-3.3171595],[-45.0335344,-3.3174358],[-45.0336914,-3.3175292],[-45.0342505,-3.3175723],[-45.0345945,-3.3177019],[-45.0348956,-3.3180906],[-45.0347236,-3.3185225],[-45.0343365,-3.3188248],[-45.0339495,-3.3190839],[-45.0335624,-3.3193863],[-45.0333904,-3.3196454],[-45.0331753,-3.3199046],[-45.0331323,-3.3201637],[-45.0330033,-3.3205956],[-45.0327022,-3.3208116],[-45.0323728,-3.3209181],[-45.0320028,-3.3210364],[-45.0318851,-3.3211039],[-45.0318515,-3.3212052],[-45.0319524,-3.3213572],[-45.0321206,-3.321391],[-45.0324109,-3.3216011],[-45.0332996,-3.3220815],[-45.0334705,-3.3223904],[-45.0336072,-3.3227336],[-45.0338123,-3.3229052],[-45.0342908,-3.3230425],[-45.0345984,-3.3231111],[-45.034906,-3.32342],[-45.0350427,-3.3236602],[-45.035282,-3.3239691],[-45.0354529,-3.3242093],[-45.0356921,-3.3245525],[-45.0362048,-3.3247241],[-45.0363415,-3.3246554],[-45.036444,-3.3245182],[-45.0364098,-3.3242779],[-45.0362389,-3.3241406],[-45.036068,-3.3240033],[-45.036068,-3.3236258],[-45.0363073,-3.3228365],[-45.0362731,-3.3225962],[-45.0362731,-3.3222873],[-45.0359654,-3.3220814],[-45.0356237,-3.3220128],[-45.0353161,-3.3217039],[-45.0351793,-3.3214294],[-45.0351793,-3.3210862],[-45.0354185,-3.32064],[-45.0358287,-3.3205713],[-45.0361021,-3.3203654],[-45.0361704,-3.3199536],[-45.0364438,-3.3196447],[-45.0366831,-3.3195074],[-45.0371616,-3.3195074],[-45.0373667,-3.3196446],[-45.0377768,-3.3197133],[-45.0381185,-3.3193357],[-45.0384261,-3.3189582],[-45.0384603,-3.3186493],[-45.0386995,-3.3183747],[-45.039178,-3.3183747],[-45.0397932,-3.3186836],[-45.0398616,-3.3189238],[-45.0398616,-3.3192327],[-45.0396907,-3.3194386],[-45.0394515,-3.3196102],[-45.0392464,-3.3197475],[-45.0392464,-3.3199878],[-45.0393148,-3.3203996],[-45.0395199,-3.3208801],[-45.0395883,-3.3214292],[-45.0396566,-3.3219097],[-45.0399301,-3.3220813],[-45.0401351,-3.3222872],[-45.0404428,-3.3227333],[-45.0405453,-3.3230079],[-45.0404811,-3.3232985],[-45.0403786,-3.3235045],[-45.0403103,-3.3236417],[-45.0402761,-3.3239849],[-45.0406179,-3.3241222],[-45.0410622,-3.3239163],[-45.0417116,-3.3238476],[-45.0422926,-3.3241221],[-45.0426686,-3.3244653],[-45.0427369,-3.3248085],[-45.0425661,-3.3250488],[-45.0420876,-3.3253234],[-45.0416433,-3.3255636],[-45.0414724,-3.3259411],[-45.0418142,-3.32625],[-45.0424636,-3.3265246],[-45.0429079,-3.3266961],[-45.0430788,-3.3268677],[-45.0430788,-3.3271766],[-45.0429763,-3.3273139],[-45.0427029,-3.3274512],[-45.0423953,-3.3276228],[-45.0422928,-3.3277601],[-45.0422586,-3.3280003],[-45.0424295,-3.3281719],[-45.0426687,-3.3282749],[-45.0429422,-3.3284121],[-45.0433865,-3.3282405],[-45.0436941,-3.3280346],[-45.0443093,-3.327863],[-45.0449245,-3.3278286],[-45.0452321,-3.3280002],[-45.0454713,-3.3282747],[-45.0454372,-3.3286523],[-45.0453005,-3.3289268],[-45.0453005,-3.3292357],[-45.0453424,-3.3295012],[-45.0454226,-3.3296488],[-45.0455696,-3.3297427],[-45.0457567,-3.3298904],[-45.0458235,-3.3299843],[-45.0458904,-3.3301051],[-45.0458454,-3.3301785],[-45.0452647,-3.3304507],[-45.0449549,-3.3304118],[-45.0444903,-3.3304118],[-45.0440644,-3.3303341],[-45.0437547,-3.3304119],[-45.0430965,-3.3304508],[-45.0425158,-3.3308007],[-45.0414704,-3.3308396],[-45.0411994,-3.3307619],[-45.0408897,-3.3308008],[-45.0405412,-3.3309952],[-45.0400379,-3.3312284],[-45.0394571,-3.3312285],[-45.0389538,-3.3311896],[-45.0386828,-3.3311896],[-45.0382956,-3.3312285],[-45.0382182,-3.331384],[-45.0383344,-3.3315784],[-45.0386441,-3.3319283],[-45.0386441,-3.3322005],[-45.0387603,-3.3324337],[-45.0393798,-3.3324337],[-45.0406187,-3.3321226],[-45.0410446,-3.3319282],[-45.0414318,-3.3320448],[-45.0420125,-3.3320448],[-45.0426707,-3.3318504],[-45.0433676,-3.3314616],[-45.0436386,-3.3315004],[-45.0443355,-3.3316171],[-45.0450324,-3.331617],[-45.0455357,-3.3315004],[-45.0461939,-3.3312282],[-45.0466198,-3.3309171],[-45.0468134,-3.3306061],[-45.0467746,-3.3301784],[-45.0466583,-3.3291138],[-45.0466195,-3.3282585],[-45.0464646,-3.3277142],[-45.0460774,-3.3271699],[-45.0456902,-3.3267034],[-45.0454966,-3.3257703],[-45.0453417,-3.3254205],[-45.0450319,-3.3249928],[-45.0450707,-3.3247984],[-45.0449932,-3.3242541],[-45.0447996,-3.3236321],[-45.044335,-3.3232433],[-45.0440639,-3.3230101],[-45.0434057,-3.3224658],[-45.0432509,-3.3221159],[-45.043096,-3.3216882],[-45.0428637,-3.3212217],[-45.0427862,-3.3209885],[-45.0425539,-3.3207941],[-45.0422829,-3.3209496],[-45.0422055,-3.3213772],[-45.0421668,-3.3216883],[-45.0420119,-3.3219216],[-45.041586,-3.3218049],[-45.0413537,-3.3213384],[-45.0412762,-3.3211829],[-45.0412762,-3.320833],[-45.0413537,-3.3205609],[-45.0412375,-3.3200943],[-45.0412375,-3.3197833],[-45.0410826,-3.3194723],[-45.0410826,-3.3190446],[-45.041431,-3.3188113],[-45.0418956,-3.3188113],[-45.0421666,-3.3187336],[-45.0422828,-3.3184225],[-45.0425151,-3.3179949],[-45.0430184,-3.3176838],[-45.0432119,-3.3172172],[-45.0432506,-3.3165563],[-45.0429021,-3.3162064],[-45.0423601,-3.3159732],[-45.0420503,-3.3153123],[-45.042089,-3.3144181],[-45.0421664,-3.3137183],[-45.0424761,-3.3133683],[-45.0429794,-3.3131739],[-45.0434441,-3.3134461],[-45.043676,-3.3137247],[-45.0440594,-3.3141797],[-45.0440942,-3.3147746],[-45.044617,-3.3151595],[-45.0450353,-3.3153695],[-45.0455929,-3.3153695],[-45.0464642,-3.3151595],[-45.0468824,-3.3147045],[-45.0475794,-3.3144595],[-45.0480673,-3.3143894],[-45.0484507,-3.3145994],[-45.0490084,-3.3147744],[-45.0494615,-3.3147744],[-45.0500539,-3.3151243],[-45.0503676,-3.3153343],[-45.0511344,-3.3156842],[-45.0513086,-3.3159642],[-45.0514132,-3.3162791],[-45.0513087,-3.3164891],[-45.0511344,-3.3166991],[-45.0506465,-3.3166641],[-45.0503328,-3.3166292],[-45.0499495,-3.3167692],[-45.0497055,-3.3170142],[-45.0492873,-3.3172942],[-45.0488342,-3.3172592],[-45.0485554,-3.3171892],[-45.048416,-3.3175042],[-45.0485206,-3.3178892],[-45.0489388,-3.3183441],[-45.0492525,-3.3186591],[-45.0493919,-3.3189041],[-45.049392,-3.319254],[-45.0490434,-3.319464],[-45.0485207,-3.319499],[-45.0479979,-3.3190791],[-45.047475,-3.3185192],[-45.0472659,-3.3183092],[-45.0469871,-3.3180642],[-45.0468128,-3.3179592],[-45.0466037,-3.3179942],[-45.046534,-3.3182392],[-45.0467083,-3.3184842],[-45.0467432,-3.3189742],[-45.0469872,-3.3194641],[-45.0470569,-3.3200241],[-45.0471272,-3.3207717],[-45.0472318,-3.3210866],[-45.0474409,-3.3215766],[-45.0475107,-3.3218915],[-45.0477198,-3.3222765],[-45.0479638,-3.3225915],[-45.0484169,-3.3228714],[-45.0487305,-3.3230814],[-45.049567,-3.3232913],[-45.0498458,-3.3231513],[-45.0499155,-3.3227664],[-45.0504731,-3.3223814],[-45.0509262,-3.3223813],[-45.0512747,-3.3226963],[-45.0512748,-3.3229063],[-45.0511354,-3.3232563],[-45.0509959,-3.3233963],[-45.050996,-3.3236063],[-45.0511354,-3.3239212],[-45.0514142,-3.3242712],[-45.0516234,-3.3244812],[-45.0518673,-3.3247611],[-45.0521113,-3.3247261],[-45.0523901,-3.3243761],[-45.0528843,-3.3241741],[-45.0533722,-3.3239991],[-45.0536162,-3.3237541],[-45.0540344,-3.3236841],[-45.0543132,-3.323999],[-45.054383,-3.324419],[-45.054383,-3.324874],[-45.0542088,-3.3252589],[-45.0538254,-3.325259],[-45.053686,-3.325364],[-45.0535117,-3.325574],[-45.0535117,-3.3260289],[-45.0533723,-3.3264489],[-45.0534421,-3.3268689],[-45.0536512,-3.3271838],[-45.05393,-3.3272188],[-45.0542437,-3.3269738],[-45.0544528,-3.3265538],[-45.0545225,-3.3262389],[-45.0549058,-3.3260288],[-45.0553589,-3.3259938],[-45.0557423,-3.3262038],[-45.0557772,-3.3264138],[-45.0559515,-3.3266587],[-45.0565091,-3.3267287],[-45.0570667,-3.3266587],[-45.0577289,-3.3266936],[-45.0582517,-3.3270086],[-45.0587048,-3.3274985],[-45.0587745,-3.3277785],[-45.0587746,-3.3280235],[-45.0586003,-3.3281985],[-45.0583564,-3.3282335],[-45.0580427,-3.3284785],[-45.0577639,-3.3286535],[-45.0574677,-3.3288806],[-45.057267,-3.3292837],[-45.0572671,-3.3299386],[-45.0571166,-3.330392],[-45.0574176,-3.3308454],[-45.0574177,-3.33145],[-45.056916,-3.3317523],[-45.0564645,-3.3319538],[-45.0562136,-3.3322561],[-45.056314,-3.3326591],[-45.0564868,-3.3331424],[-45.056786,-3.3334178],[-45.0571101,-3.3337432],[-45.0575373,-3.3340052],[-45.0579362,-3.3342555],[-45.0580609,-3.334606],[-45.0579862,-3.3351567],[-45.0576122,-3.335307],[-45.0572881,-3.335307],[-45.0570139,-3.3353571],[-45.0569142,-3.3358077],[-45.0571884,-3.3363334],[-45.0575874,-3.3366589],[-45.0581857,-3.3368841],[-45.0586594,-3.3371345],[-45.0593326,-3.3375851],[-45.0600057,-3.3378604],[-45.0604296,-3.3380857],[-45.0606291,-3.3382859],[-45.0608285,-3.3385863],[-45.061028,-3.3389368],[-45.0610031,-3.3392122],[-45.060679,-3.3392873],[-45.0601554,-3.3392373],[-45.0597815,-3.3391873],[-45.0595571,-3.3389619],[-45.059557,-3.3387867],[-45.0594075,-3.3386866],[-45.059208,-3.3387366],[-45.0590335,-3.3389119],[-45.0588091,-3.3389119],[-45.0586595,-3.338962],[-45.058485,-3.3392374],[-45.0582856,-3.3394377],[-45.0581859,-3.3395879],[-45.0582108,-3.3397631],[-45.0582607,-3.3399634],[-45.0582108,-3.3401887],[-45.0580363,-3.3404141],[-45.0580363,-3.3406895],[-45.0580364,-3.3408647],[-45.0583106,-3.3409147],[-45.0586596,-3.3407896],[-45.0589896,-3.3406043],[-45.0593094,-3.3402474],[-45.0596648,-3.3402116],[-45.0600202,-3.3405328],[-45.0605178,-3.3409254],[-45.0605178,-3.3412822],[-45.0606956,-3.3414607],[-45.0608022,-3.3416391],[-45.0610865,-3.341532],[-45.0612997,-3.3412465],[-45.0618328,-3.3410323],[-45.0621527,-3.341068],[-45.062437,-3.3414605],[-45.0629701,-3.3414962],[-45.0635032,-3.3415319],[-45.0636454,-3.3416389],[-45.0636454,-3.3418887],[-45.0634677,-3.3420672],[-45.063219,-3.3422456],[-45.0629702,-3.3425668],[-45.0625793,-3.3430665],[-45.0620817,-3.3433163],[-45.0614065,-3.3433164],[-45.0608734,-3.3434948],[-45.0603403,-3.3438518],[-45.0599849,-3.344173],[-45.0595584,-3.3442444],[-45.0588325,-3.3442562],[-45.058624,-3.3443957],[-45.0585128,-3.3445353],[-45.0585545,-3.3447028],[-45.05867,-3.3448445],[-45.0589116,-3.3449658],[-45.0596363,-3.3449658],[-45.0602402,-3.3447231],[-45.0604415,-3.3447231],[-45.0609649,-3.3447231],[-45.0616896,-3.3445209],[-45.0622935,-3.3442379],[-45.0629376,-3.344157],[-45.0635783,-3.3444117],[-45.0639089,-3.3446963],[-45.0641293,-3.3449808],[-45.0643025,-3.3451863],[-45.0644915,-3.3452179],[-45.0647276,-3.3450756],[-45.0648271,-3.3448252],[-45.0655629,-3.3444397],[-45.0661708,-3.3443754],[-45.0671306,-3.344536],[-45.0681544,-3.3447608],[-45.0688582,-3.3447286],[-45.070042,-3.344857],[-45.0711426,-3.3451234],[-45.0724224,-3.3453482],[-45.0736061,-3.3455087],[-45.0751418,-3.3457335],[-45.0766775,-3.3462474],[-45.0776054,-3.3466971],[-45.0777334,-3.3470183],[-45.0777334,-3.3473717],[-45.0779254,-3.3477251],[-45.0780214,-3.3479178],[-45.0784053,-3.3482391],[-45.0784693,-3.3483997],[-45.0787573,-3.3484318],[-45.0790452,-3.3486888],[-45.0790772,-3.3491707],[-45.0790133,-3.3497168],[-45.0789814,-3.3501344],[-45.0786295,-3.35052],[-45.0784695,-3.3507449],[-45.0784375,-3.3509698],[-45.0785015,-3.3510983],[-45.0788854,-3.3510661],[-45.0790454,-3.3510661],[-45.0794293,-3.3511624],[-45.0794934,-3.3515158],[-45.0797173,-3.3515158],[-45.0800372,-3.3514836],[-45.0803891,-3.3511302],[-45.0807411,-3.3511302],[-45.081157,-3.351355],[-45.081157,-3.3515799],[-45.081221,-3.3520297],[-45.0812211,-3.3523831],[-45.0812851,-3.3526079],[-45.081445,-3.3527364],[-45.081861,-3.3527685],[-45.082053,-3.3529934],[-45.0822129,-3.3532504],[-45.0824049,-3.3536037],[-45.0828529,-3.3536679],[-45.0835887,-3.3536036],[-45.0839406,-3.3533466],[-45.0840366,-3.3530896],[-45.0841645,-3.3524149],[-45.0842987,-3.351912],[-45.0845787,-3.3515303],[-45.085279,-3.3514298],[-45.0857191,-3.3512891],[-45.0857591,-3.3508673],[-45.085699,-3.350586],[-45.0854789,-3.3504454],[-45.0852189,-3.3504052],[-45.0849988,-3.3505861],[-45.0847187,-3.3507066],[-45.0843786,-3.350787],[-45.0840985,-3.3507871],[-45.0840185,-3.3506063],[-45.0839985,-3.3502647],[-45.0838984,-3.350104],[-45.0838276,-3.3499084],[-45.0831901,-3.3498502],[-45.0824945,-3.3487446],[-45.0820888,-3.3485118],[-45.081857,-3.3481626],[-45.0818569,-3.3476389],[-45.0820307,-3.3469405],[-45.0823205,-3.3462421],[-45.0820306,-3.3455438],[-45.0820306,-3.3451364],[-45.0823783,-3.3446126],[-45.0830158,-3.3445544],[-45.0837692,-3.3443215],[-45.084059,-3.3440887],[-45.0840589,-3.3436813],[-45.083885,-3.3433904],[-45.0836532,-3.3433904],[-45.0832475,-3.3433904],[-45.0828418,-3.3433323],[-45.0826679,-3.3430413],[-45.0826679,-3.3428085],[-45.0830735,-3.3422265],[-45.0829576,-3.3418773],[-45.0829575,-3.3413536],[-45.0827837,-3.3410626],[-45.0827257,-3.340597],[-45.0827256,-3.3398405],[-45.0828415,-3.3393167],[-45.0831891,-3.3386183],[-45.0830732,-3.3381528],[-45.0828915,-3.3372225],[-45.0829198,-3.3367956],[-45.0829197,-3.3366106],[-45.0828631,-3.3363971],[-45.0825087,-3.3361125],[-45.0824804,-3.3359702],[-45.0824095,-3.3357283],[-45.0821544,-3.3355291],[-45.0818993,-3.3353156],[-45.081715,-3.3353156],[-45.0814174,-3.335088],[-45.0813607,-3.3349457],[-45.0813748,-3.3346468],[-45.0814032,-3.3344618],[-45.0813323,-3.3342484],[-45.0810347,-3.3342342],[-45.0808221,-3.3343622],[-45.0805812,-3.3344761],[-45.0803261,-3.3342342],[-45.080156,-3.334035],[-45.0798867,-3.3339354],[-45.0796258,-3.33363],[-45.0793282,-3.3333596],[-45.0791014,-3.3331746],[-45.0787472,-3.3331889],[-45.0784354,-3.3333597],[-45.0779961,-3.3334024],[-45.0775,-3.3331748],[-45.0773725,-3.3329898],[-45.0774008,-3.3326483],[-45.0777834,-3.3325771],[-45.078081,-3.3323778],[-45.0781377,-3.3321359],[-45.0779818,-3.3320078],[-45.077755,-3.3320221],[-45.0775283,-3.3321075],[-45.0772732,-3.3321217],[-45.0769189,-3.3319367],[-45.0766619,-3.3318687],[-45.0761435,-3.3318109],[-45.0758267,-3.3314061],[-45.0756539,-3.3308856],[-45.0753082,-3.3298445],[-45.0752794,-3.3293818],[-45.0756249,-3.3292083],[-45.0760857,-3.3291793],[-45.0762298,-3.3294106],[-45.0767193,-3.3292949],[-45.0768345,-3.3290346],[-45.0768057,-3.3286587],[-45.0765613,-3.3281583],[-45.0762733,-3.3279848],[-45.0760717,-3.3277535],[-45.0756972,-3.3274065],[-45.0753516,-3.3274644],[-45.0749197,-3.3276379],[-45.0746893,-3.3278693],[-45.0744301,-3.3278693],[-45.0740269,-3.3277247],[-45.0737101,-3.3276669],[-45.0733357,-3.3277826],[-45.0731054,-3.3279562],[-45.0726445,-3.3276959],[-45.0722701,-3.3274646],[-45.0719533,-3.3272622],[-45.0717517,-3.3272622],[-45.0715214,-3.3275225],[-45.0713198,-3.3278117],[-45.0709742,-3.3281009],[-45.0709454,-3.3283612],[-45.0711183,-3.3288528],[-45.0710031,-3.329142],[-45.0708879,-3.3296047],[-45.0707439,-3.329865],[-45.0703696,-3.3303277],[-45.0701104,-3.3303567],[-45.0699376,-3.3302699],[-45.0696784,-3.3301254],[-45.0695344,-3.3299229],[-45.0694768,-3.3298073],[-45.0693616,-3.3296338],[-45.0690448,-3.3297205],[-45.0689296,-3.3299519],[-45.0689584,-3.33027],[-45.0689584,-3.330617],[-45.0685841,-3.3308195],[-45.0680657,-3.3309063],[-45.0678641,-3.331022],[-45.0676625,-3.3312244],[-45.0674897,-3.3312823],[-45.0673169,-3.3311666],[-45.0671729,-3.3311088],[-45.0669425,-3.3311377],[-45.0667698,-3.3315137],[-45.0667698,-3.3318318],[-45.0666834,-3.3320053],[-45.0662226,-3.3322367],[-45.0659058,-3.3322367],[-45.0655602,-3.3322657],[-45.0652722,-3.3322657],[-45.0651282,-3.3322657],[-45.0650418,-3.3323524],[-45.0649843,-3.332526],[-45.0650131,-3.3326995],[-45.0651859,-3.332873],[-45.0651571,-3.3330465],[-45.0649267,-3.3332489],[-45.0644947,-3.3333068],[-45.0639763,-3.3333068],[-45.0638324,-3.3333069],[-45.0634867,-3.3333069],[-45.0633428,-3.3335382],[-45.0631988,-3.3336539],[-45.063026,-3.3337407],[-45.062882,-3.3337118],[-45.0627956,-3.3336829],[-45.0627092,-3.3335383],[-45.0627668,-3.3332491],[-45.0628243,-3.332555],[-45.0628531,-3.3322658],[-45.0628531,-3.3320923],[-45.0627379,-3.3320056],[-45.0626515,-3.3320634],[-45.0622483,-3.3321791],[-45.0620467,-3.3321791],[-45.0617299,-3.3320345],[-45.0615571,-3.3319189],[-45.0615571,-3.3316008],[-45.0615571,-3.3314273],[-45.061845,-3.3313405],[-45.061989,-3.3313115],[-45.0620754,-3.3310802],[-45.0619314,-3.3309934],[-45.0619314,-3.330444],[-45.0621042,-3.3300391],[-45.0623922,-3.3298077],[-45.0629393,-3.3298655],[-45.0630545,-3.3299812],[-45.0633137,-3.3299234],[-45.0635441,-3.3297209],[-45.0636305,-3.3292582],[-45.0637744,-3.3285352],[-45.0637744,-3.328246],[-45.063976,-3.327899],[-45.0642351,-3.3276098],[-45.0646095,-3.3275808],[-45.0647824,-3.3277832],[-45.0648112,-3.3281013],[-45.06484,-3.328564],[-45.0648688,-3.3288243],[-45.0649264,-3.3290557],[-45.0652432,-3.3290557],[-45.0655312,-3.3287086],[-45.0661071,-3.3280434],[-45.0666255,-3.3273782],[-45.067115,-3.3265685],[-45.0676045,-3.3257876],[-45.0680365,-3.3255562],[-45.0684973,-3.3254405],[-45.0686227,-3.3251337],[-45.0686227,-3.3247867],[-45.0687379,-3.3245842],[-45.069141,-3.3244974],[-45.0694866,-3.3244974],[-45.0697746,-3.3241793],[-45.0700338,-3.3237455],[-45.0702929,-3.3235719],[-45.0708401,-3.323543],[-45.0715251,-3.3235503],[-45.0719417,-3.3235502],[-45.0721332,-3.3235728],[-45.0722796,-3.323505],[-45.0722683,-3.3233919],[-45.0722233,-3.3233353],[-45.0720605,-3.3233241],[-45.0715955,-3.3232774],[-45.0710374,-3.3229038],[-45.0704327,-3.3222501],[-45.0698281,-3.3219699],[-45.0695026,-3.3220167],[-45.0688515,-3.3219233],[-45.0683864,-3.3212695],[-45.0680143,-3.3209894],[-45.0674097,-3.3206158],[-45.0674562,-3.3200087],[-45.0674562,-3.3195884],[-45.0668981,-3.3193549],[-45.066712,-3.3190747],[-45.0660609,-3.3190748],[-45.0653169,-3.3190748],[-45.0647123,-3.3191683],[-45.0642472,-3.3193084],[-45.0634566,-3.3193552],[-45.0632241,-3.3194019],[-45.0629916,-3.3194019],[-45.0625265,-3.3192618],[-45.0622939,-3.3191684],[-45.0622939,-3.3189816],[-45.0623405,-3.3188882],[-45.0624335,-3.3187481],[-45.0626195,-3.3184679],[-45.0626194,-3.318141],[-45.0625729,-3.3178141],[-45.0624334,-3.3173471],[-45.0624799,-3.317207],[-45.0628054,-3.3171136],[-45.0626658,-3.3165999],[-45.0623868,-3.3163664],[-45.0623403,-3.3160395],[-45.0619217,-3.3155726],[-45.0618287,-3.315199],[-45.0618286,-3.3149655],[-45.0622472,-3.3144985],[-45.0625262,-3.3142649],[-45.0626657,-3.3141248],[-45.0629447,-3.3141248],[-45.0630842,-3.3142182],[-45.0630843,-3.3145918],[-45.0631773,-3.3147786],[-45.0635494,-3.3149653],[-45.0637819,-3.3149187],[-45.0642004,-3.3146851],[-45.064991,-3.3144049],[-45.065363,-3.3143115],[-45.0657816,-3.3137977],[-45.0664326,-3.3138444],[-45.0666187,-3.3141712],[-45.0669443,-3.3145915],[-45.0673163,-3.314825],[-45.0678279,-3.3147783],[-45.0681534,-3.314498],[-45.0684789,-3.3138442],[-45.0684324,-3.3133305],[-45.0685719,-3.313097],[-45.0690834,-3.3130503],[-45.0693159,-3.3131904],[-45.0698275,-3.3133304],[-45.0710367,-3.313237],[-45.0717342,-3.3131902],[-45.0726644,-3.3133302],[-45.0730364,-3.3136104],[-45.0728505,-3.3140774],[-45.0723854,-3.3143576],[-45.0715948,-3.3143577],[-45.0708507,-3.3143578],[-45.0704079,-3.3145243],[-45.0700298,-3.314904],[-45.0698554,-3.3154004],[-45.0696809,-3.3157801],[-45.0699136,-3.3161889],[-45.0703007,-3.3164058],[-45.0705624,-3.3164934],[-45.0709405,-3.3171358],[-45.0709115,-3.3174279],[-45.0708533,-3.3176323],[-45.0708824,-3.3179535],[-45.0709115,-3.3181872],[-45.0709988,-3.3185084],[-45.0713769,-3.3188296],[-45.0716095,-3.318888],[-45.0719004,-3.3187711],[-45.0720748,-3.3184207],[-45.0721039,-3.318041],[-45.0721329,-3.3175446],[-45.0727436,-3.3172817],[-45.0736161,-3.3171648],[-45.0737615,-3.3173108],[-45.0743431,-3.3176904],[-45.0750412,-3.3181868],[-45.0753029,-3.3184788],[-45.0755356,-3.3190337],[-45.0757974,-3.3193257],[-45.0760009,-3.3195885],[-45.0765535,-3.3195593],[-45.0766989,-3.319238],[-45.0765826,-3.3190336],[-45.0764953,-3.3188876],[-45.076408,-3.3188],[-45.0763789,-3.3186248],[-45.0765825,-3.3183327],[-45.0766988,-3.3181575],[-45.0769023,-3.3177779],[-45.0769023,-3.3173982],[-45.0766696,-3.3171646],[-45.0766987,-3.3169018],[-45.0769895,-3.3166973],[-45.0772512,-3.3166389],[-45.0775711,-3.3168433],[-45.0775712,-3.3170185],[-45.0775712,-3.3172229],[-45.0777166,-3.3174273],[-45.0779493,-3.3173397],[-45.0780655,-3.3169893],[-45.0783854,-3.316814],[-45.0785187,-3.3168782],[-45.0792279,-3.3169375],[-45.0795234,-3.3172342],[-45.0795234,-3.3175902],[-45.079228,-3.317887],[-45.0784597,-3.3180651],[-45.078046,-3.3183025],[-45.0778097,-3.3187179],[-45.0778688,-3.319074],[-45.0781643,-3.319252],[-45.078578,-3.3196674],[-45.0792281,-3.319786],[-45.0795827,-3.3199047],[-45.07976,-3.3199047],[-45.0801737,-3.3197266],[-45.0810011,-3.3196672],[-45.0814738,-3.3188957],[-45.0819466,-3.3186583],[-45.0830103,-3.3189549],[-45.0831877,-3.3193109],[-45.0833059,-3.319667],[-45.0831286,-3.3199044],[-45.0828332,-3.3203198],[-45.0820058,-3.3203792],[-45.0817694,-3.3200825],[-45.0812966,-3.3203793],[-45.0810011,-3.3205574],[-45.0808239,-3.3209728],[-45.0806466,-3.3213289],[-45.080233,-3.321685],[-45.0798784,-3.3217443],[-45.0797602,-3.3220411],[-45.0798193,-3.3224565],[-45.0798194,-3.323228],[-45.0798785,-3.323584],[-45.0798786,-3.3240588],[-45.0804104,-3.3240588],[-45.0811787,-3.3239994],[-45.0817697,-3.3235839],[-45.0824198,-3.3236432],[-45.0829196,-3.323169],[-45.083156,-3.3227535],[-45.0835105,-3.321982],[-45.0839832,-3.3213292],[-45.0842788,-3.3213291],[-45.0845151,-3.3215665],[-45.0852243,-3.3215071],[-45.0855789,-3.3212697],[-45.085638,-3.3209136],[-45.0858743,-3.3204982],[-45.0863471,-3.3202014],[-45.0864061,-3.319608],[-45.0859924,-3.3191926],[-45.0853423,-3.3189553],[-45.0852832,-3.3183618],[-45.0858741,-3.3180057],[-45.0867015,-3.3178869],[-45.0871152,-3.3184803],[-45.0871743,-3.3188364],[-45.0874108,-3.3191331],[-45.0878244,-3.3191331],[-45.088179,-3.3188363],[-45.0888291,-3.3189549],[-45.0890064,-3.3190736],[-45.0890655,-3.319311],[-45.0886519,-3.3196671],[-45.0884155,-3.3200825],[-45.0882974,-3.3205573],[-45.0878246,-3.3209728],[-45.0876473,-3.3210915],[-45.0872928,-3.3214476],[-45.0871746,-3.3219224],[-45.0869973,-3.3222784],[-45.0865246,-3.3227532],[-45.0862882,-3.3229313],[-45.0861109,-3.3228719],[-45.0854017,-3.322872],[-45.0853426,-3.32305],[-45.0853427,-3.3233468],[-45.0856382,-3.3237622],[-45.0859337,-3.3240589],[-45.086052,-3.3248897],[-45.086052,-3.3251271],[-45.0864657,-3.3254831],[-45.086584,-3.3257205],[-45.0869385,-3.3257204],[-45.0872931,-3.3254237],[-45.0876477,-3.3249489],[-45.0878841,-3.3247708],[-45.0882386,-3.3247708],[-45.0887114,-3.324296],[-45.0888887,-3.3241773],[-45.0894796,-3.3240585],[-45.0897161,-3.3244146],[-45.0900707,-3.3247706],[-45.0903071,-3.325364],[-45.0904844,-3.325364],[-45.0907208,-3.325364],[-45.090839,-3.3251266],[-45.0907208,-3.3245926],[-45.0906616,-3.3242365],[-45.0906616,-3.3238211],[-45.0908979,-3.3233463],[-45.0914889,-3.3232869],[-45.0919026,-3.3234055],[-45.0921981,-3.3236429],[-45.0926709,-3.3235241],[-45.093321,-3.3232274],[-45.0940301,-3.3228712],[-45.0948575,-3.3226338],[-45.0955667,-3.322515],[-45.0959213,-3.322693],[-45.0965714,-3.322871],[-45.0971033,-3.3233457],[-45.0973988,-3.3239391],[-45.097458,-3.3244732],[-45.0974581,-3.3251853],[-45.0971035,-3.3257788],[-45.0964535,-3.3261943],[-45.0957443,-3.3263724],[-45.0953307,-3.3267285],[-45.0951534,-3.3271439],[-45.0951534,-3.3275594],[-45.0952717,-3.3279154],[-45.0959809,-3.3281527],[-45.0961582,-3.3284494],[-45.0963946,-3.3286868],[-45.0965719,-3.3289242],[-45.0967493,-3.3291022],[-45.0971038,-3.3288648],[-45.0971629,-3.3283306],[-45.0975764,-3.3272624],[-45.0981673,-3.3259567],[-45.0989356,-3.3253632],[-45.0997629,-3.324829],[-45.099881,-3.3244136],[-45.0999401,-3.3240575],[-45.0997036,-3.3235235],[-45.0995263,-3.3230487],[-45.0997626,-3.3226333],[-45.1004127,-3.3226332],[-45.1006492,-3.3229893],[-45.1008856,-3.323286],[-45.1013584,-3.3231079],[-45.101772,-3.3228705],[-45.1023039,-3.3229297],[-45.1027767,-3.3232264],[-45.1033086,-3.3230483],[-45.1033085,-3.3225142],[-45.1028948,-3.3218021],[-45.1023037,-3.3213274],[-45.1021264,-3.3212088],[-45.1018901,-3.3211494],[-45.10189,-3.3208527],[-45.1020673,-3.3206747],[-45.102481,-3.3207933],[-45.1030129,-3.3207933],[-45.1034265,-3.3204965],[-45.1034265,-3.3197844],[-45.1028355,-3.3196064],[-45.1026581,-3.3191316],[-45.1031308,-3.3184195],[-45.1037809,-3.3181227],[-45.1043719,-3.31836],[-45.1043719,-3.3188347],[-45.1044902,-3.3192501],[-45.1050221,-3.3194875],[-45.1054949,-3.3196061],[-45.1056722,-3.3198435],[-45.1054949,-3.3201995],[-45.1051995,-3.320437],[-45.1049631,-3.3206744],[-45.1047267,-3.3210898],[-45.1047268,-3.3213865],[-45.1047268,-3.3216832],[-45.1050814,-3.3218019],[-45.1059088,-3.3219205],[-45.1060862,-3.3223359],[-45.1061453,-3.32287],[-45.1063226,-3.3232854],[-45.1066773,-3.3235821],[-45.107091,-3.3238787],[-45.1069728,-3.3243535],[-45.106517,-3.3245566],[-45.106123,-3.3245419],[-45.1059332,-3.3247178],[-45.1059333,-3.3249816],[-45.1059558,-3.3251664],[-45.1059981,-3.3254211],[-45.1060404,-3.3256334],[-45.1061249,-3.3259305],[-45.1062518,-3.325973],[-45.1065477,-3.3259305],[-45.1068436,-3.3256758],[-45.1075623,-3.3256757],[-45.1081119,-3.3261001],[-45.108112,-3.3267793],[-45.1079429,-3.3273737],[-45.1076893,-3.3278407],[-45.1072243,-3.3279256],[-45.1069284,-3.328053],[-45.1064634,-3.3283927],[-45.1059561,-3.3284776],[-45.1054488,-3.3284352],[-45.105026,-3.3281381],[-45.1047723,-3.3276712],[-45.1043495,-3.3273316],[-45.1040536,-3.3271194],[-45.1037781,-3.3263887],[-45.103654,-3.3262641],[-45.1034266,-3.3261707],[-45.1033336,-3.3262226],[-45.1032922,-3.3263679],[-45.103314,-3.3264744],[-45.1034339,-3.326715],[-45.1034938,-3.3274067],[-45.1034939,-3.3278577],[-45.1034939,-3.3282787],[-45.1033442,-3.3286096],[-45.1031047,-3.3290907],[-45.1032844,-3.3294816],[-45.1037636,-3.3299627],[-45.1039134,-3.3303537],[-45.1039733,-3.3309852],[-45.103674,-3.3314664],[-45.1033446,-3.3317671],[-45.102787,-3.3322184],[-45.1026699,-3.3323124],[-45.1025762,-3.3324418],[-45.1025762,-3.3325359],[-45.1026231,-3.3325829],[-45.1027388,-3.3325793],[-45.1032476,-3.3323748],[-45.1040957,-3.3321363],[-45.1045367,-3.3316253],[-45.1051133,-3.3309439],[-45.1053847,-3.3306373],[-45.1058596,-3.3305691],[-45.1063685,-3.3306031],[-45.1067756,-3.3308415],[-45.1068774,-3.3310118],[-45.1068774,-3.3312843],[-45.1067757,-3.3315909],[-45.1066883,-3.3318555],[-45.1066053,-3.3319805],[-45.1065638,-3.3320888],[-45.1065473,-3.3321554],[-45.1065639,-3.3322054],[-45.1066143,-3.3322121],[-45.1067135,-3.3321765],[-45.1070553,-3.3318332],[-45.1073483,-3.3310976],[-45.107397,-3.3304601],[-45.1076048,-3.3297685],[-45.1076503,-3.3296314],[-45.1079386,-3.3293266],[-45.1081207,-3.3290675],[-45.1083786,-3.3290675],[-45.1087125,-3.3290065],[-45.1089705,-3.329037],[-45.1092284,-3.3285493],[-45.1092283,-3.3281988],[-45.1093649,-3.3279093],[-45.109638,-3.3277873],[-45.1099112,-3.3277111],[-45.1101754,-3.3276869],[-45.1104529,-3.327594],[-45.1104837,-3.3274701],[-45.1103295,-3.3273772],[-45.1102986,-3.3270675],[-45.1103911,-3.3268508],[-45.1106378,-3.3267269],[-45.1109771,-3.3268507],[-45.111378,-3.3270055],[-45.1117789,-3.3270984],[-45.1121489,-3.3270983],[-45.1124881,-3.3269744],[-45.1126114,-3.3267576],[-45.1129815,-3.3267266],[-45.1131666,-3.3269124],[-45.1133825,-3.3271911],[-45.1136908,-3.3272839],[-45.1139376,-3.3271291],[-45.1141534,-3.3268503],[-45.1146159,-3.3266955],[-45.114986,-3.3267264],[-45.1152327,-3.3268502],[-45.1153253,-3.327005],[-45.1155411,-3.3271908],[-45.1158804,-3.3271908],[-45.1163429,-3.3272836],[-45.116943,-3.3275478],[-45.1172446,-3.3276159],[-45.1174558,-3.3277295],[-45.1176896,-3.3278506],[-45.1177876,-3.3279339],[-45.117863,-3.3280399],[-45.1178706,-3.3281383],[-45.1177757,-3.3281828],[-45.1174954,-3.3282141],[-45.1171528,-3.3282766],[-45.1166235,-3.3284331],[-45.1159072,-3.3285895],[-45.1153155,-3.3283081],[-45.1149418,-3.3279329],[-45.1143501,-3.3279643],[-45.1140076,-3.3281207],[-45.1134159,-3.3282458],[-45.1130111,-3.3280895],[-45.1123571,-3.3280896],[-45.1120768,-3.3284336],[-45.1120769,-3.328715],[-45.1122326,-3.3289339],[-45.112544,-3.3291528],[-45.1126375,-3.3294029],[-45.112513,-3.3296219],[-45.1122327,-3.3298095],[-45.1120148,-3.3302161],[-45.1118902,-3.3305288],[-45.1114854,-3.3305288],[-45.1109248,-3.3302787],[-45.1103642,-3.3300599],[-45.1101463,-3.3299974],[-45.1099906,-3.3299974],[-45.1098971,-3.3301225],[-45.1098972,-3.3302475],[-45.1099283,-3.3304977],[-45.1100572,-3.3308854],[-45.1100884,-3.3313544],[-45.1098393,-3.3317297],[-45.1093722,-3.3318861],[-45.1089051,-3.3322301],[-45.1088117,-3.3325428],[-45.1087495,-3.3329807],[-45.1088741,-3.3333559],[-45.1090921,-3.3334809],[-45.1094347,-3.3333871],[-45.1101509,-3.3335434],[-45.1106492,-3.3339186],[-45.1107739,-3.3346065],[-45.1106805,-3.3352632],[-45.1102135,-3.3356698],[-45.1096218,-3.3357637],[-45.108999,-3.3360139],[-45.1085008,-3.3364518],[-45.1085319,-3.3368895],[-45.1086877,-3.3372961],[-45.108968,-3.3374524],[-45.1095908,-3.3375774],[-45.1101825,-3.3375773],[-45.1107431,-3.337546],[-45.1110233,-3.3372645],[-45.1114281,-3.3367954],[-45.111864,-3.3358885],[-45.112113,-3.3352318],[-45.1126424,-3.3345125],[-45.1129226,-3.3340434],[-45.1135765,-3.3336993],[-45.1142305,-3.3338243],[-45.1144485,-3.334012],[-45.1144174,-3.3343559],[-45.114106,-3.3346374],[-45.1138569,-3.3349189],[-45.1135767,-3.335388],[-45.113421,-3.3359196],[-45.1133588,-3.3364512],[-45.1135146,-3.3366388],[-45.1137637,-3.3367951],[-45.1138883,-3.3369515],[-45.1139195,-3.3372016],[-45.1138883,-3.3373267],[-45.1137015,-3.3375456],[-45.1137327,-3.3377958],[-45.114013,-3.3378896],[-45.1144489,-3.3379208],[-45.1147915,-3.3378269],[-45.1149472,-3.3377331],[-45.1154143,-3.3377643],[-45.1155389,-3.3379832],[-45.1157881,-3.3382021],[-45.1160061,-3.3385148],[-45.1160373,-3.3388587],[-45.1157882,-3.3391089],[-45.1155702,-3.3392028],[-45.1151342,-3.3393279],[-45.1143868,-3.3392967],[-45.113982,-3.3391091],[-45.113546,-3.3390466],[-45.1132969,-3.3391405],[-45.1131723,-3.3392969],[-45.1132346,-3.3396721],[-45.1132721,-3.3401849],[-45.1132721,-3.3407478],[-45.1131165,-3.3412794],[-45.112774,-3.3418423],[-45.1124315,-3.3423427],[-45.1122447,-3.3427805],[-45.1118399,-3.3431871],[-45.1115285,-3.3432809],[-45.1112794,-3.3434998],[-45.111186,-3.3437187],[-45.1112483,-3.3438438],[-45.1116531,-3.3438438],[-45.1119957,-3.3437499],[-45.1120891,-3.3436874],[-45.1124005,-3.3434684],[-45.1129299,-3.3434371],[-45.1132102,-3.3434371],[-45.1138641,-3.3433745],[-45.1141444,-3.343437],[-45.1143002,-3.3438122],[-45.1139265,-3.3443439],[-45.1138954,-3.3447816],[-45.1138955,-3.3450631],[-45.1140201,-3.345282],[-45.1140824,-3.345407],[-45.114425,-3.3458135],[-45.1145496,-3.34622],[-45.114643,-3.3465015],[-45.1147676,-3.3467203],[-45.1148611,-3.3467516],[-45.1150479,-3.3467828],[-45.115079,-3.3465014],[-45.1151724,-3.3463138],[-45.1152347,-3.3461261],[-45.1152658,-3.3459072],[-45.1156083,-3.3455319],[-45.1163868,-3.3452817],[-45.1165425,-3.3452817],[-45.1168851,-3.3448126],[-45.1171341,-3.3442809],[-45.1174455,-3.3438744],[-45.1174766,-3.3435304],[-45.1178503,-3.343374],[-45.1180994,-3.3431551],[-45.1182551,-3.3429362],[-45.1183796,-3.3425922],[-45.1181927,-3.342342],[-45.1181615,-3.341998],[-45.1184106,-3.3418416],[-45.1186909,-3.3416853],[-45.1189712,-3.3416539],[-45.1189711,-3.3412162],[-45.1187531,-3.340966],[-45.118286,-3.3408097],[-45.1180057,-3.3407472],[-45.1180368,-3.3404971],[-45.1181925,-3.3403094],[-45.1185973,-3.3403406],[-45.1191267,-3.3403093],[-45.1195627,-3.3404343],[-45.1205904,-3.3406218],[-45.1212133,-3.3409032],[-45.1214002,-3.3416537],[-45.1212757,-3.3422478],[-45.1209643,-3.3424355],[-45.1205284,-3.3428108],[-45.1201859,-3.343061],[-45.1200302,-3.3434988],[-45.1201237,-3.3439991],[-45.120186,-3.3443744],[-45.120404,-3.3444056],[-45.1208089,-3.3444681],[-45.1213694,-3.3446244],[-45.1215563,-3.345156],[-45.1215564,-3.3453436],[-45.1218055,-3.3455625],[-45.121899,-3.3458439],[-45.122335,-3.3457813],[-45.1225841,-3.3458125],[-45.1228333,-3.3460314],[-45.1232693,-3.3460939],[-45.1236118,-3.3461877],[-45.1240789,-3.3460312],[-45.1248263,-3.3461249],[-45.1250133,-3.3465002],[-45.1251379,-3.3469692],[-45.1253871,-3.3476572],[-45.1254183,-3.3481262],[-45.1252315,-3.3485328],[-45.124889,-3.348783],[-45.1243907,-3.3492208],[-45.1238614,-3.3495961],[-45.1233008,-3.34969],[-45.122678,-3.3498464],[-45.1219618,-3.3500654],[-45.1211024,-3.350362],[-45.1207324,-3.3506554],[-45.1205961,-3.3507923],[-45.1205572,-3.3510074],[-45.1206156,-3.3511247],[-45.1207597,-3.3510803],[-45.1211158,-3.3509213],[-45.1217094,-3.350643],[-45.122303,-3.350484],[-45.1233715,-3.3504839],[-45.1242817,-3.3504838],[-45.1253106,-3.3502055],[-45.126102,-3.349808],[-45.1263789,-3.3491324],[-45.1265767,-3.3482581],[-45.126537,-3.3476223],[-45.1266161,-3.3471455],[-45.1272889,-3.3469865],[-45.1283573,-3.3468671],[-45.1293467,-3.346708],[-45.1298611,-3.3466285],[-45.1297423,-3.3458735],[-45.1289904,-3.3454364],[-45.1285946,-3.3454365],[-45.1277239,-3.345079],[-45.1273677,-3.3448406],[-45.1273677,-3.3443637],[-45.1275655,-3.3436882],[-45.128436,-3.3432112],[-45.1285943,-3.3427343],[-45.1281985,-3.3425357],[-45.127684,-3.3423768],[-45.1264572,-3.3419001],[-45.1254282,-3.3415426],[-45.1248741,-3.3406287],[-45.1245969,-3.3397942],[-45.1246364,-3.3388405],[-45.1246549,-3.3377046],[-45.1246795,-3.3370337],[-45.1251744,-3.3364124],[-45.1254713,-3.3358905],[-45.1253475,-3.3353687],[-45.125001,-3.3350954],[-45.1246545,-3.3350706],[-45.1242586,-3.3351949],[-45.1237637,-3.3352198],[-45.1231698,-3.3352696],[-45.1227738,-3.3352199],[-45.1224521,-3.3351951],[-45.1223779,-3.3349466],[-45.1223778,-3.3346981],[-45.1224768,-3.3344993],[-45.1228479,-3.3343502],[-45.1232192,-3.3343999],[-45.1235072,-3.3344048],[-45.1237083,-3.3340513],[-45.1237586,-3.3336978],[-45.1235574,-3.3335463],[-45.1235071,-3.3332938],[-45.1234567,-3.3327384],[-45.1238087,-3.3325363],[-45.1239595,-3.3320313],[-45.1240098,-3.3318798],[-45.1244121,-3.3317788],[-45.1248647,-3.3319302],[-45.1252168,-3.3324352],[-45.1254683,-3.3327381],[-45.1255689,-3.3330411],[-45.1256192,-3.3332936],[-45.1254181,-3.3334956],[-45.1252672,-3.3337481],[-45.1254181,-3.3340006],[-45.1257701,-3.33395],[-45.1264239,-3.3340004],[-45.1267257,-3.3345559],[-45.1274298,-3.3348083],[-45.1279327,-3.3351617],[-45.1281339,-3.3356161],[-45.1281843,-3.3364241],[-45.128285,-3.33703],[-45.1285869,-3.3381914],[-45.1288384,-3.3386964],[-45.1293413,-3.3387973],[-45.1298944,-3.3385953],[-45.1300452,-3.3379388],[-45.1295423,-3.3375854],[-45.1293588,-3.3368874],[-45.1293195,-3.3364727],[-45.1293194,-3.3360581],[-45.129339,-3.3354657],[-45.1296536,-3.3348535],[-45.1300075,-3.3343993],[-45.130617,-3.3339845],[-45.1312069,-3.3334513],[-45.1318755,-3.3331747],[-45.1321508,-3.3331154],[-45.1326424,-3.3333326],[-45.1330554,-3.3335497],[-45.1333898,-3.3339249],[-45.1334488,-3.3341026],[-45.1335865,-3.3342605],[-45.1337635,-3.3343395],[-45.1340977,-3.3342012],[-45.1341764,-3.3339643],[-45.134137,-3.3335101],[-45.13396,-3.3333324],[-45.1338223,-3.3332139],[-45.133606,-3.3330362],[-45.1335273,-3.3327993],[-45.1333502,-3.3325229],[-45.1331536,-3.3324834],[-45.1327997,-3.3327402],[-45.1325047,-3.3328389],[-45.1321704,-3.3327995],[-45.1320131,-3.3326415],[-45.1318164,-3.3326021],[-45.1315018,-3.3327798],[-45.1312658,-3.3328786],[-45.1308316,-3.3331318],[-45.1301523,-3.3331721],[-45.1295928,-3.3331721],[-45.1291133,-3.3330117],[-45.1289534,-3.3327709],[-45.1287535,-3.3324098],[-45.1285537,-3.3322493],[-45.1286336,-3.3319283],[-45.1288333,-3.3316473],[-45.1288733,-3.3313263],[-45.1288333,-3.3310454],[-45.1286334,-3.3307244],[-45.1284336,-3.3306041],[-45.1281539,-3.3304436],[-45.1280339,-3.3300022],[-45.1278341,-3.3295608],[-45.1275143,-3.3293201],[-45.1273944,-3.3288787],[-45.1275941,-3.3285577],[-45.1279538,-3.328357],[-45.1285132,-3.3281563],[-45.1290327,-3.328397],[-45.1293924,-3.3287982],[-45.1301216,-3.328791],[-45.1306714,-3.3288913],[-45.1308963,-3.3293179],[-45.1308964,-3.3297444],[-45.1308965,-3.330171],[-45.1310464,-3.330447],[-45.1312963,-3.3304721],[-45.1317844,-3.3302727],[-45.132105,-3.3298434],[-45.1327818,-3.329736],[-45.1331737,-3.3300221],[-45.1332094,-3.3302726],[-45.1331738,-3.330523],[-45.1332094,-3.3308091],[-45.1334588,-3.3308806],[-45.1339575,-3.3305228],[-45.1344205,-3.3298789],[-45.1350973,-3.3295569],[-45.1353466,-3.329056],[-45.1358808,-3.3283405],[-45.1363439,-3.3281258],[-45.1368426,-3.3282331],[-45.1371277,-3.3284834],[-45.1373058,-3.3288411],[-45.1374127,-3.3291273],[-45.1378046,-3.3291988],[-45.1383034,-3.3293418],[-45.1384459,-3.3296637],[-45.1384459,-3.3300214],[-45.1382322,-3.3302719],[-45.138161,-3.3303792],[-45.138161,-3.3307369],[-45.1381611,-3.3312735],[-45.1379475,-3.3316312],[-45.1375556,-3.3317028],[-45.1373419,-3.3318101],[-45.1371281,-3.3320248],[-45.1371282,-3.332311],[-45.137627,-3.3326686],[-45.1377339,-3.3331336],[-45.1375915,-3.3336344],[-45.137271,-3.3341353],[-45.1370573,-3.3345288],[-45.1370929,-3.3348865],[-45.1374492,-3.3349222],[-45.1378766,-3.3344572],[-45.138304,-3.333849],[-45.1385889,-3.333527],[-45.1385532,-3.3330977],[-45.1387313,-3.3326327],[-45.1390409,-3.3322431],[-45.1394683,-3.3318138],[-45.1394683,-3.3313488],[-45.13986,-3.3307406],[-45.1405368,-3.3302397],[-45.141178,-3.3303112],[-45.1415699,-3.3305973],[-45.14157,-3.3311339],[-45.1418195,-3.3318493],[-45.141962,-3.3322785],[-45.1419977,-3.3326362],[-45.1423896,-3.3327792],[-45.1426389,-3.3325288],[-45.1426745,-3.3320638],[-45.1426744,-3.3318491],[-45.1426744,-3.331563],[-45.1423894,-3.3313126],[-45.1423893,-3.3311337],[-45.1423893,-3.3306329],[-45.1422823,-3.3302395],[-45.1419617,-3.3299891],[-45.1417479,-3.3295241],[-45.1414272,-3.3289161],[-45.1415696,-3.3282721],[-45.1421751,-3.3280574],[-45.1427808,-3.3281647],[-45.1430658,-3.3285581],[-45.1433152,-3.32888],[-45.1436715,-3.3293092],[-45.1442059,-3.329488],[-45.1443484,-3.3299172],[-45.1444197,-3.3303107],[-45.1443485,-3.3307757],[-45.1444198,-3.3310977],[-45.1446336,-3.3312407],[-45.1450611,-3.3311333],[-45.1455954,-3.3309186],[-45.1463791,-3.3310258],[-45.146771,-3.3314193],[-45.1467711,-3.3317054],[-45.1461655,-3.3319917],[-45.1455243,-3.3320633],[-45.1450256,-3.3325284],[-45.1448832,-3.3328146],[-45.1449189,-3.333065],[-45.1454176,-3.3332796],[-45.1458807,-3.3333868],[-45.1464507,-3.3334583],[-45.146807,-3.3339948],[-45.146629,-3.3343526],[-45.1462015,-3.334603],[-45.1460235,-3.3349965],[-45.1457385,-3.3354616],[-45.1459167,-3.3358908],[-45.1460949,-3.336177],[-45.1464869,-3.3363374],[-45.1468833,-3.3363373],[-45.1472513,-3.3365931],[-45.1472514,-3.3369058],[-45.1473363,-3.3373037],[-45.1476195,-3.3376448],[-45.1478115,-3.3378979],[-45.1478669,-3.3381757],[-45.1478669,-3.3384536],[-45.1477784,-3.3387315],[-45.1476345,-3.3388983],[-45.1475681,-3.3391206],[-45.1476345,-3.3392762],[-45.1477231,-3.3393874],[-45.1479335,-3.3393651],[-45.1481548,-3.3392095],[-45.1482876,-3.3390649],[-45.1484536,-3.3388204],[-45.148652,-3.338416],[-45.1487091,-3.3382438],[-45.1487376,-3.3378993],[-45.1493093,-3.3374112],[-45.1495951,-3.3371529],[-45.1497666,-3.3367223],[-45.1502525,-3.3363203],[-45.1508528,-3.3361193],[-45.1513673,-3.3358609],[-45.1515387,-3.3355738],[-45.1512528,-3.3351433],[-45.1506239,-3.3347702],[-45.1504237,-3.3343109],[-45.1506237,-3.3338516],[-45.1510239,-3.3335645],[-45.1515099,-3.333708],[-45.1517386,-3.333794],[-45.1520244,-3.3338801],[-45.1523675,-3.3340236],[-45.1524247,-3.334368],[-45.1524819,-3.334569],[-45.1526535,-3.3347125],[-45.1530822,-3.3347411],[-45.1532823,-3.3343679],[-45.153368,-3.3339086],[-45.1531392,-3.3334494],[-45.1531678,-3.3331049],[-45.1529104,-3.3326456],[-45.152596,-3.3325309],[-45.1523669,-3.3323871],[-45.1517541,-3.3323339]],[[-45.0415873,-3.2998501],[-45.041673,-3.2998931],[-45.0418659,-3.2998931],[-45.0420802,-3.2997425],[-45.0424231,-3.299807],[-45.0425517,-3.3000868],[-45.0428946,-3.3004096],[-45.0434518,-3.3006248],[-45.0439135,-3.3008191],[-45.044235,-3.3010773],[-45.0444493,-3.3012065],[-45.0446636,-3.3012065],[-45.0448565,-3.3010558],[-45.0450065,-3.3008621],[-45.0451351,-3.3006684],[-45.0453709,-3.3006684],[-45.0455638,-3.3006684],[-45.0458424,-3.300862],[-45.0459709,-3.3009696],[-45.0461853,-3.3009696],[-45.0463996,-3.3007975],[-45.0465925,-3.3007114],[-45.0469782,-3.3007329],[-45.0472783,-3.3007329],[-45.0475355,-3.3010341],[-45.0476855,-3.3011417],[-45.0479855,-3.3012063],[-45.0481141,-3.301357],[-45.048317,-3.3016311],[-45.049101,-3.3018279],[-45.049846,-3.301946],[-45.0504733,-3.3021428],[-45.0509437,-3.3019853],[-45.0514141,-3.3017885],[-45.051767,-3.301316],[-45.0520022,-3.3010404],[-45.052355,-3.3010797],[-45.0526687,-3.3015522],[-45.0527471,-3.3022608],[-45.0529432,-3.3026545],[-45.0534921,-3.3028907],[-45.0538449,-3.3033237],[-45.0543938,-3.3034812],[-45.0548251,-3.3037961],[-45.0552564,-3.3042291],[-45.0556484,-3.3043866],[-45.0559229,-3.3048196],[-45.0565502,-3.3049771],[-45.0571382,-3.3051345],[-45.0575303,-3.3050951],[-45.0580008,-3.3055282],[-45.0581968,-3.3060006],[-45.0584321,-3.306473],[-45.0581577,-3.3071029],[-45.0578441,-3.3074572],[-45.0579225,-3.3076935],[-45.0581577,-3.3078903],[-45.0585498,-3.3080871],[-45.0588635,-3.308717],[-45.0586283,-3.3096225],[-45.0583931,-3.3101343],[-45.057805,-3.3106462],[-45.057413,-3.3112761],[-45.0567858,-3.3115123],[-45.0564721,-3.3113155],[-45.0561977,-3.3112762],[-45.0561193,-3.3113942],[-45.0559233,-3.3115911],[-45.055492,-3.3119848],[-45.0546295,-3.3122605],[-45.0540022,-3.3126148],[-45.053767,-3.313166],[-45.0531398,-3.3133235],[-45.0526693,-3.3131267],[-45.0519244,-3.3130086],[-45.0513363,-3.3128905],[-45.0509004,-3.3127871],[-45.0507245,-3.312692],[-45.0506027,-3.3125289],[-45.0506162,-3.3123794],[-45.0507245,-3.3122843],[-45.0508192,-3.3122435],[-45.0511305,-3.312094],[-45.051347,-3.3119309],[-45.0515502,-3.311559],[-45.0517578,-3.3115243],[-45.0519655,-3.3111072],[-45.0520001,-3.3106554],[-45.0518616,-3.3102036],[-45.0515847,-3.3099604],[-45.051204,-3.3095781],[-45.051204,-3.3094043],[-45.051204,-3.3093001],[-45.0511001,-3.3090568],[-45.0508579,-3.3089873],[-45.0504772,-3.3089526],[-45.0501657,-3.3088831],[-45.0500272,-3.3086746],[-45.0500965,-3.3083965],[-45.0501657,-3.3082575],[-45.0500965,-3.3081185],[-45.0497157,-3.30791],[-45.0494389,-3.3079448],[-45.0492312,-3.3079448],[-45.0490235,-3.307632],[-45.0488505,-3.3072497],[-45.0488504,-3.3066589],[-45.0489197,-3.3063461],[-45.0489542,-3.3059986],[-45.0488158,-3.3057901],[-45.0486082,-3.3058248],[-45.0484351,-3.3058943],[-45.0482275,-3.3061724],[-45.0480544,-3.3066242],[-45.0477776,-3.3066937],[-45.0471546,-3.3067632],[-45.0467393,-3.306798],[-45.0465317,-3.3070413],[-45.0461164,-3.3071803],[-45.0459433,-3.3071803],[-45.0458741,-3.3069371],[-45.0458049,-3.3066938],[-45.045701,-3.3064505],[-45.0454934,-3.3063463],[-45.0451127,-3.306242],[-45.0447666,-3.3064506],[-45.0447666,-3.3066938],[-45.0448012,-3.3068676],[-45.0449743,-3.3071456],[-45.0451819,-3.3072846],[-45.045355,-3.3072846],[-45.0456665,-3.3073541],[-45.0460471,-3.3075626],[-45.0460126,-3.3078059],[-45.0458395,-3.3079102],[-45.0453896,-3.3081187],[-45.0449397,-3.308223],[-45.0445244,-3.308084],[-45.0440745,-3.3078755],[-45.0436592,-3.307667],[-45.0433476,-3.30725],[-45.043313,-3.3068329],[-45.0432293,-3.3066477],[-45.0430249,-3.3066135],[-45.0427865,-3.3066649],[-45.0427695,-3.3069043],[-45.0425821,-3.3070924],[-45.0423948,-3.3071951],[-45.0422415,-3.3073148],[-45.0422245,-3.3074516],[-45.0422926,-3.3076397],[-45.042463,-3.3077081],[-45.0427695,-3.3078278],[-45.0428546,-3.3079646],[-45.0429398,-3.3082382],[-45.0431272,-3.308358],[-45.0434167,-3.3084434],[-45.0437232,-3.3084947],[-45.0438936,-3.3087513],[-45.0439276,-3.3090078],[-45.0437403,-3.3093669],[-45.0432464,-3.3095893],[-45.043008,-3.3095893],[-45.0427355,-3.3094867],[-45.0426844,-3.3093157],[-45.0427014,-3.3090592],[-45.0426674,-3.3088026],[-45.0423949,-3.3087],[-45.0421734,-3.3086829],[-45.041935,-3.3085461],[-45.041918,-3.3083067],[-45.0418669,-3.3079818],[-45.0416795,-3.3078792],[-45.041373,-3.3077595],[-45.0412367,-3.3075371],[-45.0411856,-3.3071951],[-45.0411515,-3.3069899],[-45.0412026,-3.306836],[-45.0411004,-3.3066992],[-45.0409131,-3.3067334],[-45.0407428,-3.3068018],[-45.0405384,-3.3070925],[-45.0402319,-3.3071609],[-45.0397738,-3.3070526],[-45.0395809,-3.3068805],[-45.0393238,-3.3066222],[-45.0390666,-3.3064931],[-45.0387237,-3.3065146],[-45.0386594,-3.3068805],[-45.0388737,-3.3071603],[-45.0393666,-3.3072463],[-45.039731,-3.3074616],[-45.0400096,-3.3076552],[-45.0402025,-3.3079996],[-45.0401168,-3.308387],[-45.0396667,-3.3084515],[-45.0390667,-3.3086237],[-45.0387023,-3.3086238],[-45.0383594,-3.3086883],[-45.038038,-3.308839],[-45.0375879,-3.3090112],[-45.0373093,-3.3088821],[-45.0371592,-3.3087314],[-45.0369235,-3.3082579],[-45.037052,-3.3078921],[-45.0372449,-3.3076123],[-45.0375021,-3.3073756],[-45.0375449,-3.3071173],[-45.0375449,-3.306859],[-45.0375449,-3.3065147],[-45.0374592,-3.3062349],[-45.0375235,-3.305869],[-45.0375235,-3.3055247],[-45.0377806,-3.3051588],[-45.0379092,-3.3050512],[-45.0381878,-3.304836],[-45.0383593,-3.3045347],[-45.0383593,-3.304298],[-45.0382092,-3.3038675],[-45.0381155,-3.3035304],[-45.0381798,-3.3032291],[-45.0383512,-3.3030569],[-45.0386727,-3.3028847],[-45.0389513,-3.3024112],[-45.0389298,-3.301701],[-45.0391013,-3.3010554],[-45.0396156,-3.3006249],[-45.0399156,-3.3002591],[-45.0399156,-3.2998932],[-45.0399156,-3.2995273],[-45.040087,-3.2990969],[-45.0405799,-3.2988171],[-45.0412014,-3.2988817],[-45.0414158,-3.2993336],[-45.0415873,-3.2998501]],[[-45.0379242,-3.3132626],[-45.03821,-3.3135017],[-45.0384243,-3.3135734],[-45.0386623,-3.3135017],[-45.038948,-3.3135017],[-45.039448,-3.3136929],[-45.0394956,-3.3138363],[-45.0396385,-3.3140993],[-45.0396623,-3.3143623],[-45.0396147,-3.3146731],[-45.0396861,-3.3148883],[-45.039948,-3.3151752],[-45.0401147,-3.3151273],[-45.040329,-3.3151034],[-45.0406623,-3.3153664],[-45.0407575,-3.3155337],[-45.0409956,-3.3159163],[-45.0413028,-3.3161441],[-45.0415694,-3.3163352],[-45.041874,-3.3166793],[-45.0422928,-3.3169851],[-45.0422928,-3.317291],[-45.0419882,-3.3174057],[-45.0412268,-3.3173293],[-45.0405795,-3.3171764],[-45.0398942,-3.3171764],[-45.039247,-3.3173294],[-45.0386647,-3.3176124],[-45.0383253,-3.3180214],[-45.0377484,-3.3180555],[-45.0372732,-3.3181237],[-45.0370356,-3.31826],[-45.036866,-3.3186009],[-45.0367981,-3.3189417],[-45.0366623,-3.3190098],[-45.0364587,-3.3190099],[-45.0361883,-3.318888],[-45.0360693,-3.3189358],[-45.0359978,-3.3190315],[-45.0359978,-3.3192466],[-45.0357836,-3.3194379],[-45.0354979,-3.3194857],[-45.0351645,-3.3194857],[-45.0349503,-3.319414],[-45.0349265,-3.3191032],[-45.0349979,-3.3188163],[-45.0352597,-3.3185055],[-45.0356407,-3.3183142],[-45.0358311,-3.3179795],[-45.0358073,-3.3176209],[-45.0357597,-3.3172862],[-45.0359263,-3.3169515],[-45.0363311,-3.3167602],[-45.0366406,-3.3165689],[-45.0368548,-3.3164733],[-45.0369501,-3.3159951],[-45.0372358,-3.3156843],[-45.03745,-3.315517],[-45.0376881,-3.315254],[-45.0378309,-3.3150388],[-45.0378785,-3.3145846],[-45.0377119,-3.3142259],[-45.0375452,-3.313963],[-45.0372833,-3.3137478],[-45.0368309,-3.3137239],[-45.0364024,-3.3136522],[-45.0362119,-3.3135327],[-45.0362357,-3.3132697],[-45.0364243,-3.313167],[-45.0365196,-3.3129758],[-45.0364005,-3.3128323],[-45.0362101,-3.3126172],[-45.0360672,-3.312402],[-45.0360434,-3.3120434],[-45.0361862,-3.3118043],[-45.0364481,-3.3118282],[-45.0366148,-3.3120195],[-45.03671,-3.3122107],[-45.0370909,-3.3124259],[-45.0374957,-3.312641],[-45.0374957,-3.3128562],[-45.0375433,-3.3129757],[-45.0377576,-3.3131192],[-45.0379242,-3.3132626]],[[-45.1133322,-3.3194719],[-45.1135777,-3.3194719],[-45.1135982,-3.3199032],[-45.1134346,-3.3202936],[-45.1134346,-3.3208277],[-45.1135369,-3.3210126],[-45.1137211,-3.3213618],[-45.1136393,-3.3218137],[-45.1133939,-3.3221219],[-45.1132507,-3.3227793],[-45.1132303,-3.3233339],[-45.1129644,-3.3234367],[-45.1126575,-3.3234162],[-45.1119824,-3.3231697],[-45.1118187,-3.323067],[-45.111655,-3.3225124],[-45.1116141,-3.3221632],[-45.1114913,-3.3221016],[-45.111389,-3.3221221],[-45.1112868,-3.322307],[-45.111205,-3.3227384],[-45.111205,-3.3231698],[-45.1112664,-3.3236628],[-45.1110005,-3.3239094],[-45.1106528,-3.3242586],[-45.1103255,-3.3245874],[-45.1097936,-3.3246491],[-45.1095481,-3.3245464],[-45.1090981,-3.3246286],[-45.108648,-3.3246697],[-45.1083207,-3.3244643],[-45.1080956,-3.3240535],[-45.1080955,-3.3237454],[-45.1081978,-3.3236016],[-45.1081773,-3.3234783],[-45.1080955,-3.3232729],[-45.1078091,-3.323088],[-45.1072157,-3.3226978],[-45.1067657,-3.3224718],[-45.1066429,-3.322061],[-45.1066224,-3.3216913],[-45.1065814,-3.321342],[-45.1067246,-3.3210749],[-45.1069291,-3.3207257],[-45.1069495,-3.3203354],[-45.1068881,-3.3200067],[-45.1070313,-3.3196575],[-45.1071745,-3.3194931],[-45.1075222,-3.3192671],[-45.1078905,-3.3192465],[-45.1082587,-3.3192465],[-45.1084633,-3.3195546],[-45.1086475,-3.3200476],[-45.1090976,-3.3204173],[-45.1096295,-3.3203556],[-45.1101,-3.3201091],[-45.1104478,-3.320109],[-45.1107546,-3.3200474],[-45.1108569,-3.3199652],[-45.1109182,-3.319657],[-45.1111432,-3.3192872],[-45.1117569,-3.3190407],[-45.1125548,-3.3191227],[-45.1130458,-3.3193281],[-45.1133322,-3.3194719]]]]}}]}