{"type":"FeatureCollection","name":"Municipios limitrofes","features":[{"type":"Feature","properties":{"fid":16,"CD_MUN":"2108306","NM_MUN":"Penalva","CD_RGI":"210005","NM_RGI":"Viana","CD_RGINT":"2101","NM_RGINT":"São Luís","CD_UF":"21","NM_UF":"Maranhão","SIGLA_UF":"MA","CD_REGIAO":"2","NM_REGIAO":"Nordeste","SIGLA_RG":"NE","CD_CONCURB":null,"NM_CONCURB":null,"AREA_KM2":800.916},"geometry":{"type":"MultiPolygon","coordinates":[[[[-45.3211353,-3.3465045],[-45.3224574,-3.3459642],[-45.3353161,-3.3407097],[-45.3358835,-3.3409275],[-45.3363336,-3.3410315],[-45.3366582,-3.3410734],[-45.3371818,-3.3409356],[-45.3375109,-3.3408673],[-45.3379206,-3.3409436],[-45.3382262,-3.3408929],[-45.3384483,-3.3409017],[-45.3387668,-3.3411959],[-45.3392817,-3.3415455],[-45.3394102,-3.3416345],[-45.3404239,-3.342393],[-45.3415322,-3.3433646],[-45.342049,-3.3439065],[-45.3423368,-3.3440892],[-45.3424931,-3.3445069],[-45.3430634,-3.345264],[-45.3433683,-3.3455892],[-45.3436606,-3.3457692],[-45.3438816,-3.3460081],[-45.34418,-3.3464689],[-45.3444307,-3.3467006],[-45.3450108,-3.3477497],[-45.3450863,-3.348045],[-45.3453965,-3.3484397],[-45.3471061,-3.3499277],[-45.3478902,-3.3504849],[-45.3486476,-3.351169],[-45.3496248,-3.3514966],[-45.3499737,-3.3517415],[-45.3502039,-3.3518249],[-45.3504565,-3.3524471],[-45.3504511,-3.3527567],[-45.350431,-3.352987],[-45.3504797,-3.3530696],[-45.3508213,-3.3534853],[-45.3511306,-3.3536347],[-45.3515443,-3.3536519],[-45.3527335,-3.3536347],[-45.353647,-3.353876],[-45.3545897,-3.3538602],[-45.3549911,-3.3541208],[-45.3554665,-3.3545809],[-45.3558483,-3.3547043],[-45.3563835,-3.3549834],[-45.3570828,-3.3553064],[-45.3573578,-3.3555463],[-45.3574242,-3.3558632],[-45.3574775,-3.3563507],[-45.3580679,-3.3580379],[-45.3581579,-3.3585872],[-45.358044,-3.3591191],[-45.3581416,-3.3596405],[-45.3584999,-3.3604892],[-45.3589007,-3.3611021],[-45.3592009,-3.3614833],[-45.3597644,-3.3618177],[-45.3602416,-3.3621441],[-45.3604227,-3.3622683],[-45.3606661,-3.3624104],[-45.361017,-3.3628288],[-45.3622211,-3.3640403],[-45.363585,-3.3661833],[-45.3637973,-3.3660475],[-45.3693186,-3.3625156],[-45.3763706,-3.3580033],[-45.39041,-3.349021],[-45.3906046,-3.3488519],[-45.4046281,-3.3366317],[-45.4257072,-3.3182085],[-45.4506527,-3.2965253],[-45.4508688,-3.2963352],[-45.5078143,-3.2718075],[-45.5797026,-3.2408444],[-45.5801918,-3.2389172],[-45.5793308,-3.2392358],[-45.4995734,-3.2176619],[-45.4764364,-3.210845],[-45.4315334,-3.1976151],[-45.4186211,-3.194001],[-45.4026565,-3.1895325],[-45.3832452,-3.1840998],[-45.3811969,-3.1835266],[-45.358724,-3.1772371],[-45.3519212,-3.1683072],[-45.3198456,-3.1262014],[-45.3194345,-3.1256607],[-45.3191295,-3.1259881],[-45.3187618,-3.1263856],[-45.3186628,-3.12636],[-45.3184827,-3.1266735],[-45.3174824,-3.1266801],[-45.3155784,-3.126487],[-45.3143564,-3.1263071],[-45.3130444,-3.1263369],[-45.3118391,-3.1266164],[-45.310768,-3.127366],[-45.3100161,-3.128491],[-45.3097158,-3.1288836],[-45.3094338,-3.1292524],[-45.309204,-3.1293442],[-45.3079921,-3.1298285],[-45.3076603,-3.1299611],[-45.30765,-3.1299652],[-45.3051854,-3.1300731],[-45.3043652,-3.1304296],[-45.3037914,-3.1311077],[-45.3031174,-3.1314274],[-45.3021518,-3.1312143],[-45.3013286,-3.1306801],[-45.2994603,-3.130575],[-45.2984553,-3.1307185],[-45.2972777,-3.1311825],[-45.295832,-3.1322571],[-45.2945391,-3.1329717],[-45.2931092,-3.1336856],[-45.291858,-3.1338639],[-45.2906469,-3.1336114],[-45.2899,-3.1331458],[-45.2889406,-3.1326089],[-45.2878044,-3.1326072],[-45.286244,-3.1329254],[-45.2855025,-3.1332577],[-45.2854704,-3.1332584],[-45.2837174,-3.1338464],[-45.2800925,-3.1359057],[-45.2776386,-3.1369358],[-45.273547,-3.13723],[-45.267524,-3.1363211],[-45.2660054,-3.1368493],[-45.2649132,-3.13776],[-45.2635882,-3.1388648],[-45.2602187,-3.1416733],[-45.2584015,-3.1423993],[-45.2576444,-3.1427017],[-45.2275814,-3.1547163],[-45.2231458,-3.1564844],[-45.2229725,-3.1562916],[-45.222799,-3.1561979],[-45.2227347,-3.1561632],[-45.2225849,-3.1560905],[-45.2224352,-3.1560178],[-45.2221162,-3.1559255],[-45.2216598,-3.1558671],[-45.2213048,-3.1558783],[-45.221133,-3.1559174],[-45.2210471,-3.1559369],[-45.2209611,-3.1559565],[-45.2209587,-3.1559575],[-45.2209562,-3.1559585],[-45.2209079,-3.1559786],[-45.2206128,-3.1561014],[-45.2203129,-3.1563112],[-45.2201155,-3.1565941],[-45.2200131,-3.1568702],[-45.2198916,-3.157092],[-45.2197428,-3.1572873],[-45.2195313,-3.1574836],[-45.2192258,-3.157654],[-45.2188659,-3.1578739],[-45.2183857,-3.1581884],[-45.2182038,-3.1583978],[-45.2179238,-3.1585968],[-45.2172872,-3.1587458],[-45.2169125,-3.1587807],[-45.216396,-3.1588957],[-45.2162313,-3.1588617],[-45.2158897,-3.1588078],[-45.2157732,-3.1588163],[-45.2154986,-3.1588615],[-45.2153664,-3.1588755],[-45.2148022,-3.1588467],[-45.2144469,-3.1588409],[-45.2141138,-3.1588492],[-45.2138101,-3.158874],[-45.2133925,-3.1589263],[-45.2132821,-3.1589345],[-45.2131494,-3.1589069],[-45.2129613,-3.1588269],[-45.2125985,-3.1587304],[-45.2123485,-3.1587027],[-45.2121159,-3.1586503],[-45.2119664,-3.1586393],[-45.211547,-3.1585841],[-45.2114695,-3.1585759],[-45.2113588,-3.1586011],[-45.2111196,-3.1586953],[-45.2109258,-3.158734],[-45.2105932,-3.1587778],[-45.2103227,-3.1588396],[-45.2101393,-3.1589108],[-45.2100768,-3.1589377],[-45.2100024,-3.1589534],[-45.2099347,-3.1589393],[-45.2097375,-3.1588891],[-45.2096397,-3.1588798],[-45.2093856,-3.1588485],[-45.2092198,-3.1588249],[-45.2091347,-3.1588203],[-45.2090312,-3.1588332],[-45.2089165,-3.1588552],[-45.2088265,-3.1588614],[-45.2086988,-3.1588392],[-45.2085429,-3.1588341],[-45.2084157,-3.1588545],[-45.2079921,-3.1589713],[-45.2075482,-3.1591563],[-45.20718,-3.1592631],[-45.2068784,-3.1593125],[-45.2067994,-3.1593378],[-45.2065833,-3.1593686],[-45.2063963,-3.1593952],[-45.2060337,-3.1595013],[-45.2058179,-3.1595779],[-45.2057547,-3.1596285],[-45.2056357,-3.1597639],[-45.2053597,-3.1600535],[-45.2050556,-3.1603544],[-45.2048397,-3.1606126],[-45.2046975,-3.1606949],[-45.2044945,-3.1607962],[-45.2043356,-3.1608904],[-45.2040123,-3.1610821],[-45.2037409,-3.1612226],[-45.2034757,-3.1613689],[-45.2027467,-3.1617966],[-45.2025001,-3.1619779],[-45.2022836,-3.1621285],[-45.2021463,-3.1622786],[-45.201944,-3.1624922],[-45.2017126,-3.1627253],[-45.2015545,-3.1628617],[-45.2012541,-3.1630856],[-45.2008554,-3.1632466],[-45.2005446,-3.1632958],[-45.2003745,-3.1633304],[-45.2003018,-3.1633692],[-45.2002431,-3.1634747],[-45.1998683,-3.1640102],[-45.1997779,-3.1641564],[-45.199739,-3.1642676],[-45.1996944,-3.1644865],[-45.1996238,-3.1646988],[-45.1994454,-3.165051],[-45.1993802,-3.1651856],[-45.1992973,-3.1652937],[-45.1992353,-3.1653565],[-45.1991184,-3.1654167],[-45.1989743,-3.1655002],[-45.1988178,-3.1656395],[-45.1987451,-3.1657298],[-45.1986624,-3.1658378],[-45.1985742,-3.1659755],[-45.1984983,-3.1660641],[-45.1984314,-3.1661306],[-45.1983369,-3.1662002],[-45.198107,-3.1663677],[-45.1979835,-3.1664625],[-45.1978466,-3.1665859],[-45.1977534,-3.166651],[-45.1976343,-3.1667117],[-45.1974173,-3.1668194],[-45.1972715,-3.1668795],[-45.1971772,-3.166928],[-45.1971048,-3.1669712],[-45.1970132,-3.1670482],[-45.196878,-3.167211],[-45.1966077,-3.1675489],[-45.1965078,-3.1676585],[-45.19646,-3.1676869],[-45.1961346,-3.1677514],[-45.1958572,-3.1678362],[-45.1957686,-3.1678804],[-45.1953991,-3.168062],[-45.195249,-3.1681361],[-45.1950043,-3.1682944],[-45.1948224,-3.168397],[-45.1947224,-3.1684374],[-45.1944766,-3.1684748],[-45.1942109,-3.1684685],[-45.1936345,-3.1684501],[-45.1928618,-3.1684565],[-45.192561,-3.1684867],[-45.1921668,-3.1685553],[-45.1914469,-3.1686653],[-45.190988,-3.1687739],[-45.1907529,-3.1688186],[-45.1904446,-3.1689247],[-45.1901633,-3.169074],[-45.1898849,-3.1691917],[-45.1895934,-3.1692706],[-45.1892958,-3.1693066],[-45.189041,-3.1693538],[-45.1888959,-3.1693973],[-45.1887509,-3.1694408],[-45.1885026,-3.1695388],[-45.1880997,-3.1696678],[-45.1878373,-3.1697034],[-45.1877107,-3.1697512],[-45.18765,-3.1697765],[-45.1872861,-3.1700519],[-45.1870404,-3.170089],[-45.1865014,-3.1702581],[-45.1860063,-3.1703645],[-45.1856926,-3.1704367],[-45.185577,-3.1704677],[-45.1852261,-3.1706214],[-45.1850641,-3.1706719],[-45.184874,-3.1706747],[-45.1846404,-3.1705959],[-45.1844509,-3.1704888],[-45.1839643,-3.1702381],[-45.1834248,-3.1699947],[-45.1831987,-3.1699184],[-45.182877,-3.169843],[-45.1826317,-3.1697609],[-45.1824834,-3.1697113],[-45.1824297,-3.1696867],[-45.1821996,-3.1695812],[-45.1820749,-3.1695347],[-45.1819176,-3.1695079],[-45.1815727,-3.1694762],[-45.1812703,-3.1694996],[-45.1810636,-3.1695127],[-45.1808896,-3.1694933],[-45.1806484,-3.1693468],[-45.1803506,-3.1691136],[-45.1801396,-3.1690023],[-45.1799787,-3.1689289],[-45.1797398,-3.1688625],[-45.1795407,-3.1688056],[-45.1793184,-3.1687262],[-45.1791446,-3.168693],[-45.1790249,-3.1686942],[-45.1789324,-3.1687116],[-45.1781641,-3.1688099],[-45.1779223,-3.1688357],[-45.1775712,-3.168858],[-45.1769996,-3.1689141],[-45.176722,-3.1689451],[-45.1765993,-3.1689588],[-45.1762869,-3.1690424],[-45.1761793,-3.1690356],[-45.1760668,-3.168986],[-45.1757306,-3.1688242],[-45.1755197,-3.1687082],[-45.1753332,-3.1686531],[-45.1750152,-3.1685772],[-45.1747986,-3.1685275],[-45.1740555,-3.1683923],[-45.173847,-3.1684178],[-45.1737917,-3.1684332],[-45.1736762,-3.1684652],[-45.1734758,-3.1686068],[-45.1734174,-3.1686597],[-45.1732738,-3.1687906],[-45.1729882,-3.1690509],[-45.1727665,-3.1691944],[-45.1725577,-3.1692788],[-45.1724176,-3.1693067],[-45.1722775,-3.1693347],[-45.1719887,-3.1693212],[-45.1716938,-3.1693202],[-45.171545,-3.1693423],[-45.1712954,-3.1694013],[-45.1709857,-3.1695402],[-45.1706117,-3.1696564],[-45.1705238,-3.1696836],[-45.170436,-3.1697109],[-45.1702812,-3.169759],[-45.1702559,-3.1697668],[-45.1699205,-3.1698627],[-45.1696278,-3.1699248],[-45.169375,-3.1699827],[-45.1691348,-3.1700036],[-45.1689961,-3.1699896],[-45.1687524,-3.1700142],[-45.168613,-3.1700642],[-45.1680921,-3.1702976],[-45.1673041,-3.1707749],[-45.1668491,-3.1710591],[-45.1665963,-3.1710738],[-45.1663357,-3.1710189],[-45.16622,-3.1709989],[-45.1660964,-3.1710042],[-45.1659769,-3.1710573],[-45.1656125,-3.1712234],[-45.1654293,-3.1712716],[-45.1651544,-3.1714501],[-45.1650804,-3.1715348],[-45.1650357,-3.1716455],[-45.164983,-3.1718341],[-45.1649473,-3.1719436],[-45.1649029,-3.1720406],[-45.1648102,-3.1721439],[-45.1645002,-3.1725165],[-45.1639872,-3.1731261],[-45.1638677,-3.1733191],[-45.1636627,-3.173596],[-45.1635398,-3.1736957],[-45.1634572,-3.1737427],[-45.1632672,-3.1738135],[-45.1631107,-3.1738739],[-45.1628716,-3.173932],[-45.1626609,-3.1739587],[-45.1623985,-3.1740018],[-45.1622339,-3.1740209],[-45.1621311,-3.1740278],[-45.1620334,-3.1740543],[-45.1619526,-3.1740905],[-45.1618362,-3.1741553],[-45.1617076,-3.1742199],[-45.1616018,-3.1742523],[-45.1615069,-3.174257],[-45.1613651,-3.1742357],[-45.1611777,-3.1741878],[-45.1610558,-3.1741772],[-45.1609221,-3.1741607],[-45.1607792,-3.1741266],[-45.160669,-3.174094],[-45.1604186,-3.17402],[-45.160178,-3.1739542],[-45.1600062,-3.1739072],[-45.1599268,-3.1739014],[-45.1598279,-3.1739005],[-45.15972,-3.1739109],[-45.1596181,-3.1738936],[-45.1595331,-3.1738443],[-45.1594321,-3.1738195],[-45.1593361,-3.1738165],[-45.1592354,-3.1738186],[-45.1591928,-3.1738329],[-45.1591502,-3.1738473],[-45.1590182,-3.1739194],[-45.1588911,-3.1740146],[-45.1587844,-3.1741173],[-45.1586309,-3.1742551],[-45.1584417,-3.1743586],[-45.1581592,-3.1744931],[-45.1578429,-3.1745897],[-45.1577254,-3.1745965],[-45.1575497,-3.1746207],[-45.1574237,-3.1746445],[-45.1571738,-3.1747416],[-45.1570866,-3.1747857],[-45.1569994,-3.1748796],[-45.15689,-3.1750076],[-45.1567328,-3.1752379],[-45.1565772,-3.1755083],[-45.1564697,-3.1757133],[-45.1563452,-3.1760059],[-45.1562388,-3.1761373],[-45.1560614,-3.1763927],[-45.1557525,-3.1767768],[-45.1556014,-3.1769331],[-45.1553966,-3.1770406],[-45.1549474,-3.1772231],[-45.154749,-3.1772779],[-45.1544597,-3.1773188],[-45.1543036,-3.177329],[-45.1542299,-3.1773567],[-45.1540874,-3.1774517],[-45.1538935,-3.1775222],[-45.1537771,-3.177568],[-45.1535556,-3.17764],[-45.1534185,-3.1777041],[-45.1532936,-3.1777224],[-45.1530153,-3.1777357],[-45.1525488,-3.1777641],[-45.1520447,-3.1777769],[-45.1516131,-3.1778029],[-45.1509645,-3.1778555],[-45.1507056,-3.1778695],[-45.150541,-3.177891],[-45.1503924,-3.1779456],[-45.1502705,-3.1780135],[-45.1501001,-3.1781721],[-45.1498325,-3.1784476],[-45.1494675,-3.1788881],[-45.1491177,-3.1792616],[-45.1489718,-3.1794383],[-45.1487362,-3.1796358],[-45.148527,-3.1797436],[-45.1484164,-3.179786],[-45.1483346,-3.1798481],[-45.1482328,-3.1799858],[-45.1481406,-3.1800723],[-45.1480478,-3.1801037],[-45.1478966,-3.1800884],[-45.1477918,-3.180077],[-45.1477156,-3.1801028],[-45.1473848,-3.1802447],[-45.147216,-3.1803009],[-45.1470461,-3.1803897],[-45.1469026,-3.1804757],[-45.1467944,-3.1805681],[-45.146682,-3.1806658],[-45.1466047,-3.1806837],[-45.1463756,-3.1806909],[-45.1462047,-3.1806977],[-45.1459395,-3.180735],[-45.1458647,-3.1807309],[-45.1456681,-3.1806874],[-45.1455541,-3.1806802],[-45.1451438,-3.1807376],[-45.1450128,-3.1807743],[-45.1449476,-3.1808459],[-45.1448742,-3.1809677],[-45.1445803,-3.1817913],[-45.1444835,-3.1820623],[-45.1444804,-3.1822737],[-45.1444641,-3.1828417],[-45.144384,-3.1833146],[-45.1443222,-3.1836998],[-45.1437221,-3.1852734],[-45.1420146,-3.1868711],[-45.1402723,-3.1886691],[-45.1391076,-3.191467],[-45.1389284,-3.1932432],[-45.1388713,-3.1938088],[-45.1389878,-3.1960877],[-45.1399189,-3.1982048],[-45.1418546,-3.2007038],[-45.1447216,-3.203603],[-45.1454417,-3.2047955],[-45.1457915,-3.2057708],[-45.1460015,-3.2068907],[-45.1456464,-3.2073416],[-45.1445438,-3.2069462],[-45.1435496,-3.205738],[-45.1430954,-3.2045512],[-45.1421209,-3.2036825],[-45.1404597,-3.2030321],[-45.138537,-3.2015071],[-45.1381404,-3.200862],[-45.1376509,-3.2003192],[-45.1368381,-3.1999717],[-45.1364261,-3.2000478],[-45.1360141,-3.2001239],[-45.1358566,-3.2002261],[-45.1352107,-3.2006449],[-45.1345629,-3.2012601],[-45.1342684,-3.2013589],[-45.1327348,-3.2035772],[-45.1194669,-3.2176661],[-45.1135087,-3.224145],[-45.1117346,-3.226075],[-45.1017257,-3.2363106],[-45.0972917,-3.2401935],[-45.0926561,-3.2442529],[-45.0885723,-3.2476325],[-45.0883171,-3.2478436],[-45.0883405,-3.2478778],[-45.08822,-3.2480053],[-45.0881209,-3.2481696],[-45.0880644,-3.2485177],[-45.0883886,-3.2489871],[-45.0887374,-3.2491432],[-45.0890862,-3.2492993],[-45.0905035,-3.2495634],[-45.0920274,-3.2499139],[-45.0933407,-3.250385],[-45.093809,-3.2509204],[-45.0941273,-3.2517287],[-45.0940048,-3.2530814],[-45.0938277,-3.2542102],[-45.0935568,-3.2549714],[-45.0930438,-3.2557225],[-45.0925344,-3.2562749],[-45.0915823,-3.2570937],[-45.0905238,-3.2575623],[-45.0895622,-3.2578384],[-45.0888368,-3.2577626],[-45.0884197,-3.2574973],[-45.0881123,-3.257139],[-45.0878317,-3.2565111],[-45.0878157,-3.2556578],[-45.0880728,-3.2551663],[-45.089121,-3.2546959],[-45.0900328,-3.2545826],[-45.0909022,-3.2544114],[-45.0914631,-3.2539202],[-45.0917289,-3.2532304],[-45.0917761,-3.2525822],[-45.0915498,-3.2519649],[-45.0908296,-3.2515942],[-45.0888667,-3.2506892],[-45.088144,-3.2506004],[-45.0871778,-3.2508026],[-45.084507,-3.2523517],[-45.0833559,-3.2530952],[-45.0825996,-3.2536933],[-45.0820921,-3.2539101],[-45.0817434,-3.253867],[-45.0811926,-3.2535189],[-45.0811394,-3.2526341],[-45.0813546,-3.2518031],[-45.0819981,-3.2510474],[-45.082604,-3.2499808],[-45.0827439,-3.2493802],[-45.0826818,-3.2488333],[-45.0824541,-3.2485635],[-45.0817172,-3.2484438],[-45.080489,-3.2486604],[-45.0793765,-3.2488277],[-45.0782261,-3.2495697],[-45.0775923,-3.2506941],[-45.0774521,-3.2514287],[-45.0773961,-3.2517227],[-45.0771944,-3.2527967],[-45.0770939,-3.254255],[-45.0768863,-3.2551985],[-45.0760979,-3.2565138],[-45.0753545,-3.2572499],[-45.0749207,-3.2577943],[-45.0748181,-3.257972],[-45.0746597,-3.2582463],[-45.0737504,-3.2598206],[-45.073592,-3.260095],[-45.0732028,-3.2623948],[-45.0730565,-3.2642171],[-45.0730421,-3.2643964],[-45.073026,-3.2644312],[-45.074288,-3.2653325],[-45.077165,-3.2676247],[-45.0798346,-3.2680369],[-45.0829166,-3.2696393],[-45.0868158,-3.2729458],[-45.0874092,-3.274101],[-45.0888721,-3.2769491],[-45.0901033,-3.2802518],[-45.0917492,-3.2828558],[-45.0940106,-3.285862],[-45.0963069,-3.2891645],[-45.0981177,-3.291769],[-45.1011971,-3.2951757],[-45.1059222,-3.3010839],[-45.1092103,-3.3021863],[-45.1127017,-3.3035872],[-45.1143421,-3.3047866],[-45.11455,-3.306892],[-45.1161932,-3.3098948],[-45.1178363,-3.313902],[-45.1224616,-3.3209035],[-45.127084,-3.3249178],[-45.1299581,-3.3265225],[-45.1363255,-3.326018],[-45.139197,-3.326015],[-45.1400231,-3.3260134],[-45.1453655,-3.3265177],[-45.1463914,-3.327719],[-45.1468026,-3.3289184],[-45.1505001,-3.3322249],[-45.1530546,-3.3324469],[-45.1571526,-3.3324441],[-45.1656266,-3.3322524],[-45.1780445,-3.3325854],[-45.1871538,-3.3325814],[-45.1935841,-3.332096],[-45.1951344,-3.3310175],[-45.2001154,-3.3298818],[-45.2032144,-3.3299924],[-45.2112981,-3.3319839],[-45.2116239,-3.3319832],[-45.2134029,-3.3319802],[-45.2151719,-3.3322006],[-45.2211557,-3.3304149],[-45.2225934,-3.3309567],[-45.2260239,-3.3313357],[-45.2284591,-3.3310104],[-45.2311192,-3.3307934],[-45.2352158,-3.3293332],[-45.2370993,-3.3277149],[-45.2386474,-3.3255528],[-45.2424098,-3.3228006],[-45.2436279,-3.3217207],[-45.2437567,-3.3217156],[-45.2546845,-3.3213164],[-45.2550937,-3.3269678],[-45.2558105,-3.3368648],[-45.2575167,-3.3374934],[-45.2585944,-3.3392894],[-45.2588638,-3.3436897],[-45.2582351,-3.3472817],[-45.2590434,-3.3524902],[-45.2592399,-3.3537874],[-45.2594924,-3.3554537],[-45.2594542,-3.3570664],[-45.2594401,-3.357858],[-45.2594026,-3.3595845],[-45.2599414,-3.3619194],[-45.2611088,-3.3632664],[-45.2607496,-3.3671278],[-45.2602108,-3.3709893],[-45.2603384,-3.3713483],[-45.2616189,-3.3708251],[-45.2665566,-3.3688073],[-45.2904461,-3.3590452],[-45.2962283,-3.3566824],[-45.3013085,-3.3546064],[-45.3063055,-3.3525645],[-45.3074418,-3.3521001],[-45.3211353,-3.3465045]]]]}},{"type":"Feature","properties":{"fid":35,"CD_MUN":"2106904","NM_MUN":"Monção","CD_RGI":"210009","NM_RGI":"Santa Inês","CD_RGINT":"2102","NM_RGINT":"Santa Inês - Bacabal","CD_UF":"21","NM_UF":"Maranhão","SIGLA_UF":"MA","CD_REGIAO":"2","NM_REGIAO":"Nordeste","SIGLA_RG":"NE","CD_CONCURB":null,"NM_CONCURB":null,"AREA_KM2":1245.548},"geometry":{"type":"MultiPolygon","coordinates":[[[[-45.3307184,-3.6732918],[-45.3262794,-3.6679423],[-45.3241169,-3.6640725],[-45.3236616,-3.6609994],[-45.325417,-3.6560359],[-45.3245671,-3.6550228],[-45.3233372,-3.6520748],[-45.3222028,-3.6501398],[-45.3211918,-3.6480076],[-45.3184656,-3.637712],[-45.318436,-3.6376026],[-45.3183323,-3.6375316],[-45.3165251,-3.6372366],[-45.3139188,-3.6375704],[-45.311985,-3.6379046],[-45.3103456,-3.6379034],[-45.3075292,-3.6379015],[-45.3069707,-3.6378251],[-45.3056798,-3.6376485],[-45.3046296,-3.6367668],[-45.3037058,-3.6354237],[-45.3032866,-3.6339132],[-45.3033298,-3.6324869],[-45.3034571,-3.6308929],[-45.3038788,-3.6291313],[-45.3039222,-3.6273275],[-45.3039235,-3.6255656],[-45.303872,-3.6242047],[-45.303709,-3.6215675],[-45.3033809,-3.6189302],[-45.3026406,-3.6153863],[-45.3011564,-3.6127483],[-45.2994243,-3.6104399],[-45.2972798,-3.6074719],[-45.2950878,-3.6054947],[-45.2929179,-3.6041088],[-45.2913507,-3.6030243],[-45.2897228,-3.6024213],[-45.2881554,-3.6016979],[-45.2854417,-3.6012144],[-45.2827285,-3.6000689],[-45.2806787,-3.5989238],[-45.279715,-3.5971776],[-45.2794142,-3.5962143],[-45.2790537,-3.5944686],[-45.2782746,-3.5921206],[-45.2779054,-3.5903235],[-45.2778834,-3.5893963],[-45.278339,-3.5887633],[-45.2788586,-3.588402],[-45.2794891,-3.5883646],[-45.2802256,-3.5885835],[-45.2805033,-3.5886481],[-45.2806816,-3.5886254],[-45.2808647,-3.5885661],[-45.2810018,-3.5884386],[-45.2811894,-3.588279],[-45.2813083,-3.5882563],[-45.281418,-3.5882883],[-45.2815159,-3.5884179],[-45.281643,-3.5886403],[-45.2816747,-3.5887991],[-45.2816188,-3.5889975],[-45.2816187,-3.5891562],[-45.2817539,-3.5892278],[-45.2819846,-3.5891486],[-45.2821598,-3.5890295],[-45.2823606,-3.5890356],[-45.2825688,-3.5890657],[-45.2827449,-3.5890721],[-45.2828343,-3.5889193],[-45.2827879,-3.5887361],[-45.2828289,-3.5886241],[-45.2827904,-3.588457],[-45.2828367,-3.5881106],[-45.2829068,-3.5878824],[-45.2829224,-3.5878509],[-45.2830249,-3.5876932],[-45.2831757,-3.5875112],[-45.2831516,-3.5873136],[-45.2831195,-3.5871395],[-45.2832071,-3.5869654],[-45.2833736,-3.5868629],[-45.2834756,-3.5867041],[-45.2835201,-3.586539],[-45.2835326,-3.5863864],[-45.2835262,-3.5862591],[-45.2835068,-3.5860745],[-45.2834556,-3.5859025],[-45.2833916,-3.5858005],[-45.2833087,-3.585762],[-45.283213,-3.5857427],[-45.2830792,-3.5857551],[-45.282958,-3.5857931],[-45.2828492,-3.5858122],[-45.2827082,-3.5857614],[-45.2826762,-3.5856848],[-45.2826955,-3.58557],[-45.2827469,-3.585385],[-45.2828062,-3.5852012],[-45.2827522,-3.5850337],[-45.2827046,-3.5848775],[-45.2827653,-3.5846971],[-45.2829333,-3.5846252],[-45.2830832,-3.5846254],[-45.2832211,-3.5846075],[-45.2833169,-3.5845839],[-45.2833888,-3.5845303],[-45.283365,-3.5843866],[-45.2832992,-3.5842786],[-45.2831436,-3.5841705],[-45.283012,-3.5840924],[-45.2828804,-3.5840143],[-45.2827548,-3.584008],[-45.2825874,-3.5840315],[-45.2824256,-3.5840614],[-45.2822576,-3.5841331],[-45.28212,-3.5841688],[-45.2820367,-3.5840907],[-45.2819959,-3.5839947],[-45.2820202,-3.583784],[-45.2821842,-3.5836205],[-45.2822195,-3.5834102],[-45.2820908,-3.5832231],[-45.282009,-3.5830594],[-45.2819858,-3.5827906],[-45.2819912,-3.5825443],[-45.2820568,-3.5824135],[-45.282188,-3.5823046],[-45.2823336,-3.5822466],[-45.282399,-3.5821451],[-45.282479,-3.5820437],[-45.2826683,-3.5819349],[-45.2828363,-3.5818619],[-45.2829819,-3.581833],[-45.2831128,-3.5818116],[-45.2831274,-3.5816736],[-45.2830693,-3.5815425],[-45.283004,-3.5814479],[-45.2829168,-3.5813386],[-45.2828223,-3.5811859],[-45.2827424,-3.5809823],[-45.2826479,-3.5808224],[-45.2825096,-3.5806624],[-45.2823568,-3.5806041],[-45.2821676,-3.5805095],[-45.282008,-3.5805093],[-45.28187,-3.5805527],[-45.2817241,-3.580618],[-45.2815784,-3.580647],[-45.2814707,-3.5805838],[-45.2814928,-3.5804318],[-45.28158,-3.580251],[-45.2816452,-3.5801068],[-45.2816313,-3.5799403],[-45.2815452,-3.5798098],[-45.2814222,-3.5798172],[-45.2812845,-3.5798754],[-45.2811186,-3.5799038],[-45.2809316,-3.5799677],[-45.2807445,-3.5799812],[-45.2805067,-3.5800167],[-45.2803262,-3.5800742],[-45.280153,-3.5800813],[-45.2800304,-3.5800092],[-45.2800088,-3.5798867],[-45.2800523,-3.5796779],[-45.2801174,-3.5795339],[-45.2801823,-3.5793972],[-45.2802974,-3.5792823],[-45.2804484,-3.5792251],[-45.2805851,-3.57924],[-45.2807145,-3.5792981],[-45.2808513,-3.5793633],[-45.280989,-3.5793703],[-45.2811339,-3.5792907],[-45.2812065,-3.5791609],[-45.2812133,-3.5789884],[-45.2810903,-3.578866],[-45.2808807,-3.5788298],[-45.2807221,-3.5788007],[-45.2805064,-3.5787641],[-45.2803053,-3.5787203],[-45.2802127,-3.5785613],[-45.2801707,-3.5783378],[-45.2801137,-3.5781792],[-45.2800273,-3.5779993],[-45.2799616,-3.5777762],[-45.2800042,-3.5776107],[-45.2800906,-3.5775604],[-45.2802409,-3.5775317],[-45.2804002,-3.577606],[-45.2805399,-3.5776942],[-45.2807323,-3.5776687],[-45.280785,-3.5775375],[-45.2807327,-3.5773626],[-45.2806363,-3.5771971],[-45.2805488,-3.5769792],[-45.2805049,-3.5767786],[-45.2804788,-3.5765077],[-45.2805402,-3.5763419],[-45.2806189,-3.5761675],[-45.2807415,-3.5760017],[-45.2809432,-3.5758881],[-45.2811099,-3.5757832],[-45.2813641,-3.575661],[-45.2815394,-3.5755914],[-45.2816009,-3.5754515],[-45.2815134,-3.5752765],[-45.281303,-3.5752586],[-45.2810752,-3.5752932],[-45.2808738,-3.5753542],[-45.280655,-3.5754063],[-45.28041,-3.5754497],[-45.2801446,-3.5753873],[-45.2799388,-3.5752383],[-45.2798899,-3.5750319],[-45.2798983,-3.5748425],[-45.2799807,-3.5746862],[-45.2800878,-3.5745218],[-45.280236,-3.5743574],[-45.2803761,-3.574226],[-45.2804257,-3.5740035],[-45.2804091,-3.5737613],[-45.2803589,-3.5735177],[-45.2802498,-3.5732994],[-45.2801246,-3.573022],[-45.2800493,-3.5727869],[-45.2800913,-3.5724598],[-45.2802173,-3.5723004],[-45.2803598,-3.5723258],[-45.2805191,-3.5724351],[-45.28067,-3.5725865],[-45.2808963,-3.5727465],[-45.2810807,-3.572873],[-45.281156,-3.5730162],[-45.2811559,-3.5730414],[-45.2812986,-3.5731259],[-45.2814418,-3.5731176],[-45.2815266,-3.5729744],[-45.2816199,-3.5728228],[-45.2817548,-3.5727975],[-45.2819148,-3.5727472],[-45.2818898,-3.5725791],[-45.2817046,-3.572495],[-45.2815194,-3.5724697],[-45.2814438,-3.5723688],[-45.2814437,-3.5722597],[-45.2814688,-3.5720497],[-45.2815865,-3.5719069],[-45.2817636,-3.5718062],[-45.2819238,-3.571798],[-45.282126,-3.571815],[-45.2822692,-3.5717311],[-45.2822861,-3.57158],[-45.2822526,-3.5713952],[-45.2821601,-3.5712187],[-45.2819919,-3.5710674],[-45.281891,-3.5709749],[-45.2816889,-3.5708906],[-45.2815623,-3.5709742],[-45.2814693,-3.5711504],[-45.2813768,-3.5713438],[-45.2812927,-3.5715371],[-45.2810916,-3.5715287],[-45.2808152,-3.5713862],[-45.2805631,-3.5712265],[-45.280353,-3.5711089],[-45.2802859,-3.5708906],[-45.2803449,-3.5706809],[-45.2805135,-3.5705029],[-45.2816368,-3.5698498],[-45.2818863,-3.5696359],[-45.2820531,-3.5694055],[-45.2822198,-3.5691834],[-45.2824689,-3.5689863],[-45.2827087,-3.5688462],[-45.2829723,-3.5687546],[-45.2832608,-3.568729],[-45.2835494,-3.5687363],[-45.2837639,-3.5687687],[-45.2840119,-3.5688015],[-45.2842767,-3.5688347],[-45.2846166,-3.5689102],[-45.2848899,-3.5690431],[-45.285072,-3.5692337],[-45.2851797,-3.5694575],[-45.2852294,-3.5696894],[-45.2852295,-3.5699541],[-45.2852213,-3.5701608],[-45.2851552,-3.5704498],[-45.285031,-3.5707216],[-45.284881,-3.5710176],[-45.2847976,-3.5712649],[-45.2846563,-3.5715454],[-45.2845065,-3.5718426],[-45.2843896,-3.5720987],[-45.2843138,-3.5724048],[-45.2842878,-3.5727278],[-45.2843034,-3.5731006],[-45.2843696,-3.5734069],[-45.2845258,-3.5736714],[-45.284761,-3.5739561],[-45.2850569,-3.5741991],[-45.2853107,-3.5743786],[-45.2856809,-3.5746108],[-45.2860304,-3.5748109],[-45.2863375,-3.5750212],[-45.2866122,-3.5752318],[-45.2869078,-3.5754533],[-45.2871504,-3.5756856],[-45.2873719,-3.5759494],[-45.2876289,-3.5762616],[-45.2877981,-3.5765069],[-45.2879603,-3.5767327],[-45.2880775,-3.576955],[-45.2882338,-3.5771736],[-45.2883979,-3.5774078],[-45.2885489,-3.5775678],[-45.2886919,-3.577693],[-45.2888601,-3.5777909],[-45.2890551,-3.5778362],[-45.2892247,-3.5778472],[-45.2894093,-3.5778224],[-45.2895846,-3.5777661],[-45.2897811,-3.5776889],[-45.2899255,-3.5776066],[-45.2900701,-3.5774984],[-45.2902352,-3.5773747],[-45.2904311,-3.5772356],[-45.2906174,-3.5771012],[-45.2909181,-3.576889],[-45.2911416,-3.5767022],[-45.2914546,-3.5764166],[-45.2917418,-3.5761732],[-45.2919597,-3.5760127],[-45.2923113,-3.5757981],[-45.2926163,-3.5756289],[-45.2929206,-3.5754947],[-45.29325,-3.5753705],[-45.2934679,-3.5752913],[-45.2936813,-3.5752021],[-45.2938814,-3.5750875],[-45.2940466,-3.5749778],[-45.294317,-3.5747537],[-45.2944824,-3.5745796],[-45.2946675,-3.574361],[-45.2948124,-3.5741625],[-45.2950459,-3.5738357],[-45.2953221,-3.5734099],[-45.2955821,-3.5729447],[-45.2957452,-3.5724656],[-45.2959666,-3.5720123],[-45.2962673,-3.5714719],[-45.2964061,-3.5711718],[-45.2965608,-3.5709288],[-45.2966829,-3.5706779],[-45.2968617,-3.5704109],[-45.2970323,-3.5701116],[-45.2971786,-3.5697803],[-45.2973557,-3.5694307],[-45.2974592,-3.569099],[-45.2974885,-3.5688415],[-45.2975254,-3.568576],[-45.2975106,-3.5682803],[-45.2974661,-3.5680289],[-45.297355,-3.5677402],[-45.2972366,-3.5675256],[-45.2970588,-3.5672738],[-45.2969255,-3.5670888],[-45.2967255,-3.5668296],[-45.2965094,-3.5666005],[-45.2962678,-3.5663328],[-45.2960597,-3.566124],[-45.295793,-3.5658908],[-45.2955013,-3.5656577],[-45.2951269,-3.5653824],[-45.2948525,-3.5651489],[-45.2945026,-3.5649075],[-45.2942261,-3.5646998],[-45.2938987,-3.5645002],[-45.2935641,-3.5642834],[-45.2931422,-3.5640489],[-45.2927954,-3.5639439],[-45.2924292,-3.5638197],[-45.2919472,-3.5636474],[-45.2915248,-3.5635495],[-45.2910948,-3.5634789],[-45.2906932,-3.5634766],[-45.2903675,-3.5634659],[-45.2900321,-3.5634841],[-45.2896864,-3.5634262],[-45.2893739,-3.5632757],[-45.2892372,-3.5630465],[-45.2891983,-3.5627203],[-45.2892279,-3.562432],[-45.2892983,-3.5620277],[-45.289348,-3.5615859],[-45.2894241,-3.5612408],[-45.2895197,-3.5608763],[-45.2896053,-3.5604637],[-45.2897309,-3.5599837],[-45.289945,-3.5595137],[-45.2902742,-3.5591881],[-45.290611,-3.5590925],[-45.2909185,-3.5590832],[-45.2912161,-3.55916],[-45.2914934,-3.559323],[-45.2917616,-3.5595917],[-45.2919826,-3.5599087],[-45.2921461,-3.5601295],[-45.2923098,-3.56036],[-45.2925025,-3.5605711],[-45.2927236,-3.5608494],[-45.2930018,-3.5611759],[-45.2933476,-3.561485],[-45.293577,-3.5617121],[-45.2939143,-3.561939],[-45.2942286,-3.5621119],[-45.2946218,-3.5621766],[-45.2949564,-3.5621277],[-45.2953222,-3.5619997],[-45.2955892,-3.5618935],[-45.2957188,-3.561842],[-45.295997,-3.5617731],[-45.2963316,-3.5617142],[-45.2964846,-3.5616986],[-45.296716,-3.561675],[-45.2971025,-3.561695],[-45.2975774,-3.561725],[-45.2980812,-3.5618241],[-45.2985461,-3.5619329],[-45.2988624,-3.5620318],[-45.2992675,-3.5621801],[-45.299653,-3.5623385],[-45.3001183,-3.5625273],[-45.3005135,-3.5627443],[-45.3008492,-3.5629416],[-45.301234,-3.5631979],[-45.301589,-3.5633751],[-45.3019339,-3.5635719],[-45.3022594,-3.5637593],[-45.3025716,-3.5639082],[-45.3029381,-3.564041],[-45.3033599,-3.5641397],[-45.3036267,-3.5642393],[-45.3039831,-3.5644173],[-45.3043509,-3.5646069],[-45.3046514,-3.5647734],[-45.3048965,-3.5650072],[-45.3050857,-3.5652185],[-45.3052859,-3.5655074],[-45.3055087,-3.5657298],[-45.3057427,-3.5660082],[-45.3058874,-3.5662976],[-45.3060992,-3.5666097],[-45.3063108,-3.5669442],[-45.306422,-3.5672671],[-45.3064774,-3.5676231],[-45.3064548,-3.5679344],[-45.3063432,-3.5682789],[-45.3062093,-3.5686238],[-45.3061309,-3.5689359],[-45.3059968,-3.5692921],[-45.3058628,-3.5695925],[-45.305712,-3.5699612],[-45.305552,-3.5703749],[-45.3054618,-3.5707209],[-45.305491,-3.5710278],[-45.3054709,-3.5713554],[-45.3055008,-3.5716734],[-45.30563,-3.5720112],[-45.305789,-3.5723192],[-45.3060076,-3.572627],[-45.3062458,-3.5730139],[-45.3065236,-3.5734008],[-45.3068114,-3.5737081],[-45.307059,-3.5740051],[-45.3073371,-3.5742832],[-45.3076155,-3.5744821],[-45.3078338,-3.5746905],[-45.3080225,-3.5751272],[-45.3080819,-3.575631],[-45.3079924,-3.5760765],[-45.3078849,-3.5765056],[-45.307546,-3.5769167],[-45.3072074,-3.5771667],[-45.3068868,-3.5773984],[-45.3065308,-3.5775941],[-45.306139,-3.5777355],[-45.305747,-3.5778766],[-45.3052837,-3.5779642],[-45.3047671,-3.5780702],[-45.3043215,-3.5782294],[-45.3035736,-3.5784602],[-45.3030752,-3.5786556],[-45.3022185,-3.5787423],[-45.3014342,-3.5787592],[-45.3005303,-3.5786546],[-45.3000648,-3.5785106],[-45.2993185,-3.5784753],[-45.2989077,-3.57851],[-45.2985684,-3.5788115],[-45.2983517,-3.5792014],[-45.2983679,-3.5797166],[-45.2983672,-3.5802322],[-45.2984574,-3.5807306],[-45.2985261,-3.5812993],[-45.2985632,-3.5818508],[-45.2986186,-3.5824199],[-45.2986873,-3.58306],[-45.2987761,-3.5836646],[-45.2990801,-3.5842868],[-45.2994178,-3.5848382],[-45.2997954,-3.5852105],[-45.3002077,-3.5853696],[-45.3006534,-3.5852808],[-45.3010992,-3.5849967],[-45.3015592,-3.5846074],[-45.3020732,-3.5841111],[-45.3021708,-3.584021],[-45.3025154,-3.5837033],[-45.3028536,-3.5835457],[-45.303048,-3.5834551],[-45.3034748,-3.5834735],[-45.3038678,-3.5838117],[-45.3040103,-3.5843634],[-45.3039941,-3.5851091],[-45.3037628,-3.5856952],[-45.3037273,-3.5860504],[-45.3037985,-3.586388],[-45.3038919,-3.586842],[-45.3042814,-3.5871265],[-45.3047273,-3.5872592],[-45.3051637,-3.5872999],[-45.305205,-3.5873038],[-45.3056817,-3.5873026],[-45.305852,-3.5873275],[-45.3060662,-3.5873587],[-45.3063622,-3.5875351],[-45.3066295,-3.5878323],[-45.3068844,-3.5881618],[-45.3070057,-3.5884773],[-45.3071131,-3.588943],[-45.3071756,-3.589453],[-45.3072063,-3.5898267],[-45.3072487,-3.5903926],[-45.3073959,-3.5910486],[-45.3076207,-3.5916015],[-45.3078012,-3.5920797],[-45.3079208,-3.5925724],[-45.3081154,-3.5930203],[-45.3083693,-3.5934532],[-45.3085777,-3.5938862],[-45.308833,-3.5942144],[-45.3091175,-3.594468],[-45.3094609,-3.5947219],[-45.3100138,-3.5950205],[-45.3104023,-3.5953338],[-45.3109246,-3.5955885],[-45.3114623,-3.5957835],[-45.3120455,-3.5958281],[-45.3125239,-3.5957837],[-45.3131072,-3.5956803],[-45.3137869,-3.5956093],[-45.3143211,-3.5956728],[-45.314728,-3.5957201],[-45.3152729,-3.5958136],[-45.3157861,-3.5959849],[-45.3163743,-3.5961398],[-45.3170737,-3.596545],[-45.3176547,-3.5969517],[-45.3176704,-3.5969674],[-45.3180316,-3.597389],[-45.3184374,-3.5978259],[-45.3188436,-3.5983564],[-45.3192822,-3.5989022],[-45.3196411,-3.5993856],[-45.3200789,-3.5998998],[-45.3205319,-3.6003361],[-45.3210641,-3.6008332],[-45.3216259,-3.6014003],[-45.3220435,-3.6017815],[-45.322346,-3.60202],[-45.3226667,-3.602316],[-45.3230397,-3.6025835],[-45.3234135,-3.6027172],[-45.3236515,-3.6028034],[-45.3239564,-3.6027753],[-45.3243486,-3.6027087],[-45.3247884,-3.6025373],[-45.325105,-3.6023846],[-45.3254883,-3.6022226],[-45.3259635,-3.6019847],[-45.326565,-3.6018019],[-45.3270214,-3.6016844],[-45.3276793,-3.6015537],[-45.328278,-3.6014751],[-45.328987,-3.6014494],[-45.329658,-3.601476],[-45.3302992,-3.6015028],[-45.3309671,-3.6015689],[-45.3314659,-3.6015955],[-45.3320179,-3.6016089],[-45.3326489,-3.6016222],[-45.3331871,-3.6016224],[-45.3340006,-3.601571],[-45.3347037,-3.6015523],[-45.3354807,-3.601588],[-45.3363065,-3.6017149],[-45.3363995,-3.6017292],[-45.3370695,-3.601765],[-45.3379169,-3.6020117],[-45.3386226,-3.6021526],[-45.3396451,-3.6024529],[-45.3404347,-3.6026282],[-45.3412063,-3.6028195],[-45.3419346,-3.6029452],[-45.3420299,-3.6029702],[-45.342599,-3.6031199],[-45.3426988,-3.6031461],[-45.3432995,-3.6033664],[-45.3439249,-3.6034989],[-45.3443939,-3.603568],[-45.3447384,-3.6036041],[-45.3450706,-3.6034309],[-45.3454038,-3.6031618],[-45.3455802,-3.6027014],[-45.3457716,-3.6022579],[-45.3458509,-3.6017057],[-45.3458692,-3.6011513],[-45.3459349,-3.6006133],[-45.3459511,-3.600093],[-45.3459211,-3.5995563],[-45.3458421,-3.5990835],[-45.3457152,-3.598595],[-45.3455573,-3.5981219],[-45.3454629,-3.5975857],[-45.3453992,-3.5973033],[-45.3453745,-3.5960639],[-45.345494,-3.5956887],[-45.3456773,-3.5953674],[-45.3459126,-3.5951009],[-45.3462557,-3.594844],[-45.3465996,-3.5945755],[-45.3469092,-3.5943309],[-45.347229,-3.5940442],[-45.347432,-3.5937887],[-45.3474859,-3.5934582],[-45.3474436,-3.5930973],[-45.3473156,-3.5928086],[-45.347031,-3.5925175],[-45.346631,-3.592286],[-45.3463386,-3.5919009],[-45.3460956,-3.5915616],[-45.3459136,-3.591222],[-45.3456964,-3.590833],[-45.3455883,-3.5903478],[-45.3456015,-3.5899236],[-45.3456131,-3.589512],[-45.3456851,-3.589185],[-45.3457938,-3.5887971],[-45.3459277,-3.5885183],[-45.3461393,-3.5880709],[-45.3463793,-3.5876568],[-45.3466049,-3.587332],[-45.3469547,-3.5868209],[-45.3472425,-3.5863965],[-45.3475437,-3.5860588],[-45.3478956,-3.5856333],[-45.3483031,-3.5852556],[-45.3485548,-3.5850427],[-45.3489261,-3.5847286],[-45.3493989,-3.5842385],[-45.3498145,-3.5838807],[-45.3502676,-3.5834285],[-45.3504272,-3.5832577],[-45.3507785,-3.5828814],[-45.3511199,-3.5823155],[-45.3515176,-3.5816938],[-45.3517825,-3.5810522],[-45.3521421,-3.5803925],[-45.3525393,-3.5797892],[-45.3528233,-3.5792609],[-45.3531873,-3.5788437],[-45.3533748,-3.5786076],[-45.3536609,-3.5784306],[-45.3538977,-3.578293],[-45.3541346,-3.5781257],[-45.3544012,-3.5779288],[-45.3546776,-3.5777122],[-45.3548673,-3.5775828],[-45.3550225,-3.5774769],[-45.3552787,-3.5773399],[-45.3555944,-3.5772125],[-45.3559399,-3.5771038],[-45.3563048,-3.5769952],[-45.3566694,-3.5769162],[-45.3570695,-3.5768359],[-45.3574775,-3.5767804],[-45.3579076,-3.5766567],[-45.3582369,-3.5765454],[-45.3586518,-3.5764292],[-45.3590475,-3.5763128],[-45.35944,-3.576209],[-45.3598758,-3.5761631],[-45.3602003,-3.5762022],[-45.3604486,-3.5762603],[-45.3606781,-3.5763373],[-45.3609268,-3.5764428],[-45.3611468,-3.5766058],[-45.3613575,-3.5767493],[-45.361549,-3.5769497],[-45.361731,-3.577188],[-45.3619834,-3.5774764],[-45.3621815,-3.5777667],[-45.3624184,-3.5780082],[-45.362652,-3.5781828],[-45.3629694,-3.5783686],[-45.3632981,-3.5784862],[-45.3636066,-3.5785558],[-45.363947,-3.5785367],[-45.3642466,-3.578509],[-45.3645857,-3.5784132],[-45.3648767,-3.5783171],[-45.3651391,-3.5781816],[-45.3654512,-3.5780455],[-45.3658251,-3.5779415],[-45.3661686,-3.577827],[-45.3665022,-3.5777411],[-45.3668174,-3.577702],[-45.3671607,-3.5776344],[-45.3675686,-3.5775396],[-45.3679179,-3.5774272],[-45.3683064,-3.5773138],[-45.3686378,-3.5772572],[-45.3689784,-3.5772197],[-45.3692898,-3.5772122],[-45.3696628,-3.5772486],[-45.3700755,-3.5773971],[-45.3704174,-3.5775734],[-45.3708264,-3.5778317],[-45.3711918,-3.5782545],[-45.371544,-3.5786365],[-45.3718578,-3.5789627],[-45.372172,-3.5791526],[-45.3725684,-3.5792195],[-45.3729636,-3.5792196],[-45.3733863,-3.5790971],[-45.3738357,-3.5788257],[-45.3741219,-3.5785676],[-45.3744083,-3.5781953],[-45.3744354,-3.57816],[-45.3747485,-3.5778209],[-45.3750204,-3.577482],[-45.3752913,-3.5772164],[-45.3753759,-3.5771335],[-45.375719,-3.5766421],[-45.3759337,-3.5762146],[-45.3761693,-3.5756809],[-45.3762737,-3.5753457],[-45.3763623,-3.5750615],[-45.3764912,-3.5745275],[-45.3764058,-3.5741002],[-45.3762508,-3.5736027],[-45.3760517,-3.5731761],[-45.3757572,-3.5726711],[-45.3756987,-3.5720881],[-45.3758361,-3.5716996],[-45.3761687,-3.5714667],[-45.3764806,-3.5713504],[-45.3766465,-3.5713649],[-45.3769299,-3.5713896],[-45.377378,-3.5713899],[-45.3779811,-3.571468],[-45.3785997,-3.5715071],[-45.3791677,-3.5717018],[-45.3794786,-3.5718963],[-45.3798518,-3.5721488],[-45.3803553,-3.57246],[-45.3808016,-3.5727518],[-45.3812115,-3.5731207],[-45.3815047,-3.5736446],[-45.3817792,-3.5741289],[-45.3822444,-3.5743627],[-45.3827885,-3.5743827],[-45.3833326,-3.5743639],[-45.3839765,-3.5742074],[-45.3844635,-3.5740904],[-45.3848327,-3.5739742],[-45.3854737,-3.5737811],[-45.3859984,-3.573452],[-45.3864472,-3.5731492],[-45.3866595,-3.5730061],[-45.3870677,-3.5726964],[-45.3875538,-3.5721535],[-45.3879819,-3.5717853],[-45.3885271,-3.5711453],[-45.3888582,-3.5705244],[-45.3891884,-3.5699623],[-45.3893882,-3.5691993],[-45.3895652,-3.5684602],[-45.3893891,-3.5679628],[-45.3893826,-3.5679527],[-45.3890664,-3.5674943],[-45.3887281,-3.5671562],[-45.3883651,-3.5667687],[-45.3882603,-3.5666568],[-45.3878409,-3.5663023],[-45.3874057,-3.5659318],[-45.387099,-3.5654967],[-45.3870506,-3.5649007],[-45.3870839,-3.5645472],[-45.387246,-3.5641617],[-45.3874246,-3.5636317],[-45.3875205,-3.5630186],[-45.3878425,-3.5625343],[-45.3880844,-3.5620507],[-45.3881198,-3.5619315],[-45.3882136,-3.5616155],[-45.3885529,-3.561004],[-45.3888451,-3.5606076],[-45.3892968,-3.5603998],[-45.3897804,-3.5602708],[-45.3904896,-3.5602861],[-45.390547,-3.5603076],[-45.3910055,-3.560479],[-45.3912956,-3.5607522],[-45.3915213,-3.5610891],[-45.3917308,-3.561507],[-45.3919242,-3.5620537],[-45.3920042,-3.5626826],[-45.3921485,-3.5633119],[-45.3922276,-3.5640546],[-45.3923399,-3.5647303],[-45.3922912,-3.565502],[-45.3923236,-3.5660645],[-45.3923204,-3.5661567],[-45.392307,-3.5665472],[-45.3921935,-3.5671586],[-45.3920316,-3.5679305],[-45.3919385,-3.5683126],[-45.3919023,-3.5684611],[-45.3919023,-3.5685254],[-45.3919019,-3.5689595],[-45.3919747,-3.5691195],[-45.3920629,-3.5693135],[-45.3925948,-3.5696198],[-45.3929497,-3.5698296],[-45.3931988,-3.5698837],[-45.3934642,-3.5699415],[-45.3939964,-3.5700226],[-45.3944853,-3.5701116],[-45.3949835,-3.5701808],[-45.3955099,-3.5702508],[-45.3959531,-3.5703621],[-45.3962021,-3.570542],[-45.3964513,-3.570819],[-45.3965755,-3.571178],[-45.3966306,-3.5715231],[-45.3965611,-3.5719372],[-45.3965332,-3.5724068],[-45.3965199,-3.5728331],[-45.396519,-3.5728625],[-45.3966157,-3.5731663],[-45.3966709,-3.5734148],[-45.3969612,-3.5737325],[-45.3972209,-3.573867],[-45.3973044,-3.5739102],[-45.3977568,-3.5740798],[-45.3982786,-3.5741505],[-45.3987711,-3.5742205],[-45.3994477,-3.5742202],[-45.4000557,-3.5742208],[-45.40072,-3.5743062],[-45.4007766,-3.5743063],[-45.4012851,-3.5743632],[-45.4013182,-3.5743725],[-45.4018359,-3.5745183],[-45.4022599,-3.5747159],[-45.4027263,-3.5748854],[-45.4027546,-3.5748854],[-45.4031364,-3.575069],[-45.40349,-3.5752102],[-45.4035324,-3.5752385],[-45.4038151,-3.5754221],[-45.4039557,-3.5756338],[-45.404124,-3.5760286],[-45.4042649,-3.576353],[-45.4042921,-3.5764552],[-45.4042677,-3.5765991],[-45.4043869,-3.5764219],[-45.4046391,-3.576161],[-45.4047903,-3.5759291],[-45.4048042,-3.5759078],[-45.4049296,-3.5756385],[-45.40515,-3.575337],[-45.4053471,-3.5752491],[-45.4056885,-3.5751217],[-45.4059032,-3.5750264],[-45.4060304,-3.5750185],[-45.4061577,-3.5751294],[-45.4064598,-3.575272],[-45.4066825,-3.5753116],[-45.4070004,-3.5753512],[-45.4071737,-3.5753593],[-45.4073342,-3.5753668],[-45.4076443,-3.5753189],[-45.4079624,-3.575263],[-45.4082328,-3.5753184],[-45.4083998,-3.5754611],[-45.4086225,-3.5756038],[-45.4089212,-3.575777],[-45.4091897,-3.5759922],[-45.4095118,-3.5762503],[-45.4102858,-3.5765623],[-45.4109673,-3.5767476],[-45.4117298,-3.5768753],[-45.4118793,-3.5768851],[-45.4127137,-3.57694],[-45.4141309,-3.577014],[-45.4150106,-3.5771285],[-45.4157253,-3.5772913],[-45.4165166,-3.5775595],[-45.4171617,-3.5779613],[-45.4178066,-3.5784724],[-45.4183909,-3.5790408],[-45.4191386,-3.5798698],[-45.4196419,-3.5803494],[-45.4201761,-3.5808585],[-45.4210763,-3.5817695],[-45.4219658,-3.5824096],[-45.4229206,-3.5828656],[-45.4242228,-3.583322],[-45.4253842,-3.5835398],[-45.426533,-3.5835774],[-45.4282022,-3.5835496],[-45.4292952,-3.5835949],[-45.4304469,-3.584053],[-45.4312734,-3.5846435],[-45.4319667,-3.5856319],[-45.4323796,-3.5863546],[-45.43297,-3.5867827],[-45.4338169,-3.5869862],[-45.4349172,-3.5870191],[-45.436225,-3.5868931],[-45.4367107,-3.586865],[-45.4370384,-3.5868461],[-45.4378196,-3.5870538],[-45.4385017,-3.5876971],[-45.4391311,-3.588984],[-45.4396234,-3.5903255],[-45.4402589,-3.5924594],[-45.4404203,-3.5927218],[-45.4410202,-3.5936968],[-45.4421223,-3.5945268],[-45.4435377,-3.5952621],[-45.4445723,-3.5955077],[-45.4452059,-3.5955596],[-45.4455703,-3.5955894],[-45.4463997,-3.5955183],[-45.4470704,-3.5953606],[-45.4477412,-3.595109],[-45.4481018,-3.5949583],[-45.4484838,-3.5948579],[-45.4487937,-3.5948798],[-45.4491542,-3.5950313],[-45.4494862,-3.5952549],[-45.4498393,-3.5955144],[-45.4502718,-3.5958338],[-45.4506674,-3.5960133],[-45.4510393,-3.596091],[-45.4513758,-3.5960669],[-45.4515979,-3.5959952],[-45.4519559,-3.5958765],[-45.4522833,-3.5958297],[-45.4525946,-3.595842],[-45.4530675,-3.5958365],[-45.4535769,-3.5958004],[-45.4536465,-3.5957955],[-45.4541393,-3.5956881],[-45.4545285,-3.595575],[-45.4549614,-3.5953719],[-45.4550006,-3.5953477],[-45.4553249,-3.5951472],[-45.4556383,-3.5949474],[-45.4560517,-3.5946853],[-45.4565526,-3.5942737],[-45.4570035,-3.5938619],[-45.4570558,-3.5938283],[-45.4576047,-3.5934753],[-45.4581684,-3.5931885],[-45.4588007,-3.593177],[-45.4589669,-3.5932414],[-45.4593011,-3.5933712],[-45.4596584,-3.5936468],[-45.4597349,-3.5937233],[-45.4600156,-3.594004],[-45.4603217,-3.5943305],[-45.4606894,-3.5944124],[-45.4610165,-3.5942496],[-45.4610608,-3.5942092],[-45.4613846,-3.5939135],[-45.4616509,-3.5935363],[-45.4618759,-3.59319],[-45.4620906,-3.5929151],[-45.4622646,-3.5926505],[-45.4624995,-3.5923962],[-45.4626936,-3.592142],[-45.4628672,-3.5919388],[-45.4630713,-3.5918675],[-45.4632961,-3.5918875],[-45.4635516,-3.5919281],[-45.4637853,-3.59197],[-45.4640493,-3.5920626],[-45.4642022,-3.592195],[-45.4643963,-3.5923781],[-45.4645904,-3.5925715],[-45.464693,-3.5928362],[-45.4647855,-3.5931303],[-45.4648578,-3.5935617],[-45.4648699,-3.593933],[-45.4648695,-3.5943042],[-45.464869,-3.594687],[-45.4647322,-3.5950201],[-45.4645932,-3.5951764],[-45.4645336,-3.5952434],[-45.4644343,-3.5954792],[-45.4644343,-3.5957029],[-45.4644716,-3.5960135],[-45.4644211,-3.5964079],[-45.464321,-3.5967407],[-45.4641967,-3.5970625],[-45.4641716,-3.5973349],[-45.4642706,-3.5976075],[-45.4644654,-3.597805],[-45.4648247,-3.5977515],[-45.4651302,-3.5975905],[-45.4654536,-3.5974115],[-45.4654835,-3.5973917],[-45.4659389,-3.5970893],[-45.4663524,-3.596767],[-45.4667658,-3.5964268],[-45.4673407,-3.5963198],[-45.4679512,-3.5964638],[-45.4685617,-3.5967512],[-45.4689923,-3.5972715],[-45.4692791,-3.5978275],[-45.469458,-3.5984915],[-45.4694395,-3.5990651],[-45.4692949,-3.6000331],[-45.4692044,-3.600839],[-45.4688085,-3.6016991],[-45.4686913,-3.602022],[-45.4685744,-3.6023442],[-45.4684479,-3.6030791],[-45.4686001,-3.6036997],[-45.468842,-3.6040855],[-45.4690579,-3.6042295],[-45.4693722,-3.6042429],[-45.4696604,-3.6041778],[-45.4699224,-3.6040408],[-45.47025,-3.6038843],[-45.470512,-3.6037734],[-45.4706662,-3.6037466],[-45.4709568,-3.6036961],[-45.4712707,-3.6037292],[-45.4715475,-3.6037969],[-45.4717872,-3.603973],[-45.4719446,-3.6041743],[-45.4720854,-3.6044924],[-45.47222,-3.6046978],[-45.4724185,-3.6048113],[-45.4726879,-3.6048965],[-45.4730141,-3.6049676],[-45.4733971,-3.6050246],[-45.4736808,-3.6050532],[-45.4739786,-3.6051172],[-45.4742127,-3.605245],[-45.4744396,-3.6054152],[-45.4746732,-3.6056416],[-45.474822,-3.6058683],[-45.4749777,-3.6061587],[-45.4750926,-3.6064367],[-45.4751025,-3.6064606],[-45.4751378,-3.6066161],[-45.4751978,-3.6067858],[-45.4753464,-3.6068707],[-45.4754845,-3.6069027],[-45.4755978,-3.6069275],[-45.4757394,-3.6069736],[-45.4758632,-3.6070444],[-45.475934,-3.6071186],[-45.475948,-3.6072176],[-45.4759373,-3.6073271],[-45.4759266,-3.6074579],[-45.4759406,-3.6075816],[-45.4760184,-3.6076664],[-45.4761529,-3.6077196],[-45.4764397,-3.607734],[-45.4767726,-3.607706],[-45.4770701,-3.6076427],[-45.477464,-3.607573],[-45.4775823,-3.6075299],[-45.4777037,-3.6074857],[-45.4780109,-3.6073714],[-45.4782405,-3.607274],[-45.4784262,-3.6071596],[-45.4786524,-3.6070521],[-45.4787942,-3.6070051],[-45.4789562,-3.6069951],[-45.4791688,-3.6070391],[-45.4793105,-3.607083],[-45.4794488,-3.6071168],[-45.4795399,-3.6071472],[-45.4796141,-3.6071911],[-45.4796579,-3.6072753],[-45.4796645,-3.6073865],[-45.4797083,-3.6074943],[-45.4797723,-3.6076089],[-45.479824,-3.6077189],[-45.4798841,-3.6077915],[-45.4799316,-3.6078641],[-45.4799666,-3.6079442],[-45.4799891,-3.6080418],[-45.479999,-3.6081268],[-45.4800415,-3.6082169],[-45.4800866,-3.6082945],[-45.4801191,-3.6083921],[-45.4801315,-3.6084346],[-45.4801491,-3.6084946],[-45.4801565,-3.6085897],[-45.4801639,-3.6086972],[-45.4801939,-3.6087773],[-45.480259,-3.6088449],[-45.4803366,-3.6089],[-45.4804368,-3.6089501],[-45.4805733,-3.608996],[-45.4807391,-3.6090139],[-45.4809109,-3.6090968],[-45.4810648,-3.6092507],[-45.481195,-3.6094164],[-45.4812837,-3.6095998],[-45.4814264,-3.609857],[-45.481509,-3.6099395],[-45.4816025,-3.6099974],[-45.4816915,-3.6100619],[-45.4817538,-3.6101219],[-45.4818182,-3.6101751],[-45.4818568,-3.6101707],[-45.4818972,-3.6101099],[-45.4819904,-3.6100694],[-45.4821649,-3.6100736],[-45.482319,-3.6100697],[-45.4824285,-3.6100698],[-45.4825745,-3.6101146],[-45.4826962,-3.6101187],[-45.4827975,-3.6101272],[-45.4829205,-3.6100922],[-45.482992,-3.6100677],[-45.4830832,-3.6100555],[-45.4831957,-3.6100653],[-45.4833008,-3.6100678],[-45.4833937,-3.6100679],[-45.4834814,-3.6100705],[-45.4835689,-3.6100585],[-45.4836319,-3.6100149],[-45.4836631,-3.6099589],[-45.4837363,-3.6099126],[-45.4838147,-3.6099005],[-45.4839226,-3.6099054],[-45.4840034,-3.6098786],[-45.4840597,-3.6098371],[-45.4841255,-3.6097776],[-45.48419,-3.6097065],[-45.4842524,-3.6096412],[-45.484293,-3.6095354],[-45.4843212,-3.6094265],[-45.4843338,-3.6093394],[-45.4843432,-3.6092366],[-45.4843457,-3.609145],[-45.4843465,-3.6091153],[-45.4843372,-3.6090281],[-45.4843185,-3.6089409],[-45.4842886,-3.60882],[-45.4843047,-3.6087081],[-45.4844009,-3.6086003],[-45.4845051,-3.6085165],[-45.4846214,-3.6084166],[-45.4847456,-3.6083128],[-45.4848663,-3.6082332],[-45.4850188,-3.6081655],[-45.4851392,-3.6081098],[-45.4852719,-3.6080463],[-45.4853928,-3.6079911],[-45.4855534,-3.6079278],[-45.4856855,-3.6078962],[-45.485818,-3.6078451],[-45.4859506,-3.6077745],[-45.4861109,-3.6077001],[-45.4862549,-3.6076376],[-45.4864503,-3.6075789],[-45.4866295,-3.607524],[-45.4868476,-3.6074933],[-45.4869545,-3.6074582],[-45.4870355,-3.6074208],[-45.4871335,-3.6073808],[-45.4872126,-3.6073336],[-45.4872715,-3.6072754],[-45.4873398,-3.607234],[-45.4874003,-3.6072311],[-45.4874457,-3.6072813],[-45.4874985,-3.6073244],[-45.4875615,-3.6073629],[-45.4876223,-3.6074016],[-45.4876511,-3.6074621],[-45.487643,-3.6075348],[-45.4876128,-3.6076052],[-45.4876002,-3.6076711],[-45.4875804,-3.6077691],[-45.4875558,-3.6078671],[-45.4875385,-3.6079651],[-45.487531,-3.608068],[-45.4875359,-3.6081563],[-45.4875407,-3.6082396],[-45.4875505,-3.6083744],[-45.4875839,-3.608519],[-45.4876268,-3.6086705],[-45.4876641,-3.6087801],[-45.4877118,-3.6089001],[-45.4877595,-3.6090617],[-45.4878272,-3.6092074],[-45.4878324,-3.6092216],[-45.4878847,-3.6093636],[-45.4879478,-3.6095301],[-45.4880202,-3.6096598],[-45.4880694,-3.6097536],[-45.4881622,-3.6097905],[-45.4882963,-3.6098682],[-45.4884306,-3.6099337],[-45.4885774,-3.6100074],[-45.4887407,-3.6101056],[-45.4888591,-3.6101793],[-45.4889531,-3.610257],[-45.4890839,-3.6103307],[-45.489186,-3.6103962],[-45.4892719,-3.6104576],[-45.4893904,-3.6105028],[-45.4894967,-3.6105439],[-45.4896212,-3.6105953],[-45.4897419,-3.610627],[-45.4898673,-3.6106767],[-45.4899661,-3.6107351],[-45.4900918,-3.6107755],[-45.4901951,-3.6108115],[-45.4903074,-3.6108744],[-45.4903972,-3.6109193],[-45.4904825,-3.6109777],[-45.4905723,-3.611054],[-45.4906397,-3.6111079],[-45.490761,-3.6111394],[-45.4908823,-3.611135],[-45.4909812,-3.6110678],[-45.4910801,-3.6110186],[-45.49117,-3.610929],[-45.491251,-3.6108259],[-45.4913411,-3.6107182],[-45.4914358,-3.6106326],[-45.4915395,-3.6105336],[-45.4916296,-3.6104167],[-45.4916836,-3.6103315],[-45.4917197,-3.6102016],[-45.4917826,-3.6100539],[-45.4918546,-3.6098927],[-45.4919176,-3.6097762],[-45.491985,-3.6096956],[-45.4920613,-3.6096107],[-45.492142,-3.609508],[-45.4922207,-3.609394],[-45.4922487,-3.609307],[-45.4922244,-3.6092133],[-45.4921721,-3.609144],[-45.4921092,-3.6090955],[-45.4920323,-3.609061],[-45.4919447,-3.6090369],[-45.4918641,-3.6090162],[-45.4917835,-3.608971],[-45.491738,-3.6088765],[-45.4917382,-3.608796],[-45.491777,-3.6086945],[-45.4918403,-3.6085931],[-45.4919138,-3.6084257],[-45.4919627,-3.6083314],[-45.4920225,-3.6082232],[-45.4920822,-3.6081049],[-45.4921312,-3.6079621],[-45.4921751,-3.6077813],[-45.4922366,-3.6075771],[-45.4922674,-3.6073934],[-45.4923033,-3.6072556],[-45.4923495,-3.6071075],[-45.4924162,-3.6069695],[-45.4924574,-3.6068315],[-45.4925138,-3.6067294],[-45.4925907,-3.6066222],[-45.492642,-3.606515],[-45.4927036,-3.6063925],[-45.4927753,-3.60627],[-45.4928829,-3.6061272],[-45.4929547,-3.6060044],[-45.4930183,-3.6058979],[-45.4930583,-3.605831],[-45.4931565,-3.6057071],[-45.4932657,-3.6056139],[-45.4933593,-3.6055207],[-45.4934789,-3.6054274],[-45.4935725,-3.6053446],[-45.4936817,-3.6052513],[-45.493822,-3.6051322],[-45.4939417,-3.6050234],[-45.4940041,-3.6049302],[-45.4941081,-3.6048059],[-45.4942173,-3.6046766],[-45.4943159,-3.6046094],[-45.4944249,-3.604537],[-45.4945547,-3.6044594],[-45.4947126,-3.6043749],[-45.4948364,-3.6043053],[-45.4949981,-3.6042894],[-45.4951393,-3.6042582],[-45.495164,-3.6042527],[-45.4952931,-3.6042155],[-45.4954099,-3.6041448],[-45.4955518,-3.6040699],[-45.4956726,-3.6039787],[-45.4957933,-3.6038751],[-45.4958932,-3.6037673],[-45.4959601,-3.6036425],[-45.4960104,-3.6034844],[-45.496044,-3.6033512],[-45.4960733,-3.6032224],[-45.4960735,-3.6031517],[-45.4960736,-3.6030935],[-45.4960989,-3.6029233],[-45.4960949,-3.6028112],[-45.4960992,-3.6027075],[-45.4960911,-3.6025749],[-45.4960831,-3.6024423],[-45.4960472,-3.6022963],[-45.4959935,-3.6021678],[-45.4959349,-3.602044],[-45.4958566,-3.6019401],[-45.4957537,-3.6018313],[-45.4956557,-3.6017423],[-45.4955531,-3.6016188],[-45.4954996,-3.601525],[-45.4954511,-3.6014214],[-45.4953979,-3.6012933],[-45.4953839,-3.601185],[-45.4953899,-3.6010473],[-45.4953846,-3.600905],[-45.4954075,-3.6007529],[-45.4954633,-3.6006398],[-45.4955337,-3.6005221],[-45.4956176,-3.6004044],[-45.4957719,-3.6002862],[-45.4959553,-3.600208],[-45.4961384,-3.6001347],[-45.4963044,-3.6001049],[-45.4964902,-3.6001489],[-45.4966372,-3.6001929],[-45.4968387,-3.6001926],[-45.4970159,-3.6001924],[-45.4971924,-3.6001877],[-45.4974069,-3.6001732],[-45.4976166,-3.6001539],[-45.4978264,-3.6001248],[-45.4980411,-3.6001299],[-45.4982557,-3.6001837],[-45.4984948,-3.600218],[-45.4986996,-3.6002621],[-45.4989288,-3.6003012],[-45.4991239,-3.6003306],[-45.499358,-3.6003114],[-45.4995629,-3.6002823],[-45.4997678,-3.6002387],[-45.4999674,-3.6001758],[-45.5001266,-3.6001181],[-45.5003718,-3.6000696],[-45.5005638,-3.6000289],[-45.5007007,-3.5999984],[-45.5008812,-3.5999621],[-45.5010255,-3.5999118],[-45.5011845,-3.5998789],[-45.5013108,-3.5998404],[-45.5014428,-3.5997991],[-45.5015569,-3.5997583],[-45.5016591,-3.5997004],[-45.5017609,-3.5996387],[-45.5018639,-3.5995582],[-45.5019488,-3.5994767],[-45.5020163,-3.5993835],[-45.5021047,-3.599273],[-45.5021563,-3.5991947],[-45.5021922,-3.5991121],[-45.502208,-3.599025],[-45.502208,-3.5989245],[-45.5022,-3.5988678],[-45.5021922,-3.5988126],[-45.5021697,-3.5987006],[-45.5021471,-3.5985884],[-45.5021268,-3.5985029],[-45.5021064,-3.5984106],[-45.5020678,-3.5983022],[-45.5020315,-3.5982027],[-45.5019938,-3.5980899],[-45.5019714,-3.5979924],[-45.5019353,-3.5978726],[-45.5019217,-3.5977791],[-45.5019035,-3.5976587],[-45.5018875,-3.5975559],[-45.5018602,-3.5974349],[-45.5018379,-3.5973162],[-45.5018247,-3.5971954],[-45.5018092,-3.597106],[-45.5017982,-3.5970077],[-45.5017961,-3.5969205],[-45.501803,-3.5968334],[-45.5018151,-3.5967462],[-45.501847,-3.5966558],[-45.5018714,-3.5965413],[-45.5018982,-3.5964535],[-45.50193,-3.5963681],[-45.5019814,-3.5963145],[-45.5020598,-3.5962828],[-45.5021161,-3.5962584],[-45.5021823,-3.5962194],[-45.5022374,-3.5961732],[-45.5022948,-3.5961111],[-45.5023423,-3.5960714],[-45.5023848,-3.5960266],[-45.5024323,-3.5959769],[-45.5024798,-3.5959096],[-45.5025399,-3.5958474],[-45.5026024,-3.5957925],[-45.5026549,-3.5957276],[-45.5027074,-3.5956752],[-45.5027498,-3.5956079],[-45.5027847,-3.5955356],[-45.5028046,-3.5954659],[-45.5028072,-3.5953863],[-45.5028022,-3.5953016],[-45.5027893,-3.5951844],[-45.5027611,-3.5950675],[-45.5027435,-3.5949472],[-45.5027152,-3.5948091],[-45.5026869,-3.5946887],[-45.5026693,-3.5945577],[-45.502634,-3.5944232],[-45.5026058,-3.5942816],[-45.5025775,-3.5941719],[-45.5025634,-3.5940622],[-45.5025388,-3.59391],[-45.5025353,-3.5938038],[-45.5025354,-3.5937048],[-45.5024895,-3.5935597],[-45.5024648,-3.5934359],[-45.5024371,-3.5932532],[-45.5024309,-3.5931395],[-45.5024089,-3.5929973],[-45.5023774,-3.5928551],[-45.5023332,-3.5927446],[-45.5023173,-3.5926404],[-45.5023236,-3.5925077],[-45.5023427,-3.5923844],[-45.5023807,-3.5922864],[-45.502425,-3.5922105],[-45.502482,-3.5921472],[-45.5025106,-3.5920426],[-45.5025265,-3.5919316],[-45.5025233,-3.591846],[-45.5025461,-3.5917463],[-45.502587,-3.5916647],[-45.5026464,-3.5915906],[-45.5027094,-3.5915167],[-45.5027798,-3.591428],[-45.5028354,-3.5913578],[-45.5028459,-3.5913394],[-45.5028947,-3.5912543],[-45.5029354,-3.5911693],[-45.5029725,-3.5910839],[-45.5029986,-3.5909874],[-45.5030245,-3.5909133],[-45.5030467,-3.5908208],[-45.5030578,-3.5907442],[-45.5030837,-3.5906438],[-45.5031022,-3.5905739],[-45.5031279,-3.5904857],[-45.5031499,-3.5903941],[-45.5031756,-3.5903063],[-45.503216,-3.5902295],[-45.5032565,-3.590149],[-45.5032896,-3.5900502],[-45.5033228,-3.5899366],[-45.5033633,-3.5898121],[-45.503406,-3.5896882],[-45.5034524,-3.5896049],[-45.5034897,-3.5895191],[-45.5035223,-3.589433],[-45.5035666,-3.5893401],[-45.5036063,-3.5892423],[-45.5036646,-3.5891469],[-45.5037161,-3.5890583],[-45.5037699,-3.5889767],[-45.5038168,-3.5888574],[-45.5038638,-3.5887638],[-45.5039108,-3.58867],[-45.5039414,-3.5885973],[-45.5040121,-3.5884705],[-45.5040474,-3.588393],[-45.5040875,-3.5883108],[-45.504154,-3.5882212],[-45.5042354,-3.588119],[-45.504338,-3.5880516],[-45.5044617,-3.5880029],[-45.5046042,-3.5879471],[-45.5047374,-3.5878867],[-45.5048683,-3.5878192],[-45.5049549,-3.5877727],[-45.505079,-3.5877003],[-45.5052029,-3.5876466],[-45.5053501,-3.58759],[-45.5054392,-3.5875731],[-45.505575,-3.5875797],[-45.5057131,-3.5875968],[-45.5058513,-3.5876447],[-45.5058966,-3.5876586],[-45.5059725,-3.5876821],[-45.505981,-3.5876885],[-45.5061068,-3.5877203],[-45.5062028,-3.5877391],[-45.5063115,-3.5877622],[-45.5064412,-3.5877704],[-45.5065684,-3.5877774],[-45.5066471,-3.5877821],[-45.5067481,-3.5877825],[-45.5068021,-3.5877682],[-45.5068582,-3.5877724],[-45.506908,-3.5877766],[-45.5069682,-3.5877705],[-45.5070201,-3.5877393],[-45.5070616,-3.5876999],[-45.5071069,-3.5876789],[-45.5071768,-3.5876598],[-45.507234,-3.5876242],[-45.5072849,-3.5875887],[-45.5073396,-3.5875431],[-45.507392,-3.5874853],[-45.5074219,-3.5874318],[-45.5074395,-3.5873662],[-45.5074436,-3.5872872],[-45.507445,-3.5872391],[-45.5074368,-3.5871835],[-45.5074325,-3.5871318],[-45.5074377,-3.587084],[-45.5074485,-3.5870306],[-45.5074487,-3.5869835],[-45.5074341,-3.5869328],[-45.5074082,-3.5868878],[-45.5073767,-3.5868351],[-45.5073469,-3.5867955],[-45.5073322,-3.5867444],[-45.5073097,-3.5866926],[-45.5073044,-3.58663],[-45.5072589,-3.5865645],[-45.5072196,-3.5865184],[-45.5071935,-3.5864424],[-45.5071838,-3.5863664],[-45.5071675,-3.5862837],[-45.5071314,-3.5861976],[-45.5070656,-3.5861479],[-45.5069799,-3.5860881],[-45.5068874,-3.5860315],[-45.5068585,-3.5860134],[-45.5067914,-3.5859715],[-45.5066617,-3.5859214],[-45.5065351,-3.5858582],[-45.506408,-3.5857877],[-45.5063002,-3.5857273],[-45.5061837,-3.5856669],[-45.5060159,-3.5856013],[-45.5059207,-3.5855594],[-45.505807,-3.5855197],[-45.5057004,-3.5854801],[-45.5055799,-3.585429],[-45.5054551,-3.5853804],[-45.5053443,-3.5853274],[-45.5052288,-3.5852765],[-45.5051039,-3.5852188],[-45.50503,-3.585168],[-45.5049491,-3.5851356],[-45.5048889,-3.5851056],[-45.5048265,-3.5850455],[-45.5047664,-3.5850039],[-45.5047132,-3.5849346],[-45.5046716,-3.5848583],[-45.5046555,-3.584796],[-45.5046417,-3.5847036],[-45.5046322,-3.5846066],[-45.5046378,-3.5845098],[-45.5046518,-3.5844102],[-45.5046879,-3.5843217],[-45.5047212,-3.5842277],[-45.5047545,-3.584142],[-45.50481,-3.5840398],[-45.5048711,-3.5839292],[-45.5049378,-3.5838517],[-45.5050127,-3.5837936],[-45.505085,-3.5837382],[-45.5051573,-3.583669],[-45.505224,-3.5835997],[-45.5053269,-3.5835249],[-45.5054323,-3.5834641],[-45.505546,-3.5833923],[-45.5056402,-3.5833123],[-45.5057048,-3.583238],[-45.5057585,-3.5831946],[-45.5057987,-3.583158],[-45.5058606,-3.5831147],[-45.505894,-3.5831031],[-45.5059658,-3.5830931],[-45.5060309,-3.5830765],[-45.506081,-3.5830416],[-45.5061244,-3.5830067],[-45.5061979,-3.5829685],[-45.5062513,-3.582922],[-45.5062847,-3.5828456],[-45.5063098,-3.582771],[-45.5063564,-3.5827032],[-45.506423,-3.582645],[-45.5064946,-3.5826034],[-45.5065646,-3.5825634],[-45.5066214,-3.5825434],[-45.5066931,-3.5825499],[-45.5067315,-3.5825815],[-45.5067847,-3.5826148],[-45.5068262,-3.582615],[-45.5068678,-3.5825935],[-45.5069022,-3.5825527],[-45.5069623,-3.5825348],[-45.5070285,-3.5825213],[-45.50709,-3.5825124],[-45.507153,-3.582496],[-45.507204,-3.5824662],[-45.5072595,-3.5824304],[-45.5073029,-3.5823916],[-45.5073771,-3.582351],[-45.5074136,-3.5823217],[-45.5074704,-3.582289],[-45.5075257,-3.5822608],[-45.5075749,-3.5822475],[-45.5076271,-3.5822357],[-45.5076956,-3.5822359],[-45.5077685,-3.5822316],[-45.5078458,-3.5822228],[-45.5079022,-3.5822051],[-45.5079603,-3.58219],[-45.5079965,-3.5821715],[-45.508034,-3.5821595],[-45.5080607,-3.5821702],[-45.5080994,-3.5821822],[-45.5081356,-3.5821782],[-45.5081852,-3.582157],[-45.5082307,-3.5821518],[-45.5082734,-3.5821558],[-45.5083121,-3.5821664],[-45.5083547,-3.5821837],[-45.508384,-3.5822022],[-45.5084265,-3.5822075],[-45.5084863,-3.5822075],[-45.5085314,-3.5822049],[-45.5085803,-3.5822115],[-45.5086252,-3.5822366],[-45.5086569,-3.5822629],[-45.5086938,-3.5822826],[-45.5087228,-3.5822839],[-45.508757,-3.582276],[-45.5087833,-3.5822641],[-45.5088149,-3.5822576],[-45.5088517,-3.5822589],[-45.5088755,-3.5822629],[-45.5089044,-3.5822734],[-45.5089162,-3.5822892],[-45.5089441,-3.5822762],[-45.5089744,-3.5822528],[-45.5090078,-3.5822138],[-45.5090813,-3.5821639],[-45.5091415,-3.5821268],[-45.5092086,-3.5820831],[-45.5092715,-3.5820039],[-45.50933,-3.5819532],[-45.5093999,-3.5818803],[-45.5094479,-3.5817871],[-45.5094468,-3.5816757],[-45.5094432,-3.5815907],[-45.5094213,-3.5815235],[-45.5093701,-3.5814248],[-45.5093277,-3.5813641],[-45.5092987,-3.5813057],[-45.5092697,-3.5812472],[-45.5092137,-3.5811797],[-45.5091687,-3.5811415],[-45.5090832,-3.5811304],[-45.5089685,-3.5811059],[-45.5088449,-3.5810747],[-45.5087462,-3.5810548],[-45.508635,-3.5810339],[-45.5084499,-3.5809749],[-45.5082687,-3.5809233],[-45.508121,-3.5808423],[-45.5079884,-3.5807723],[-45.5078632,-3.580695],[-45.507749,-3.580614],[-45.5076495,-3.5805808],[-45.5075612,-3.5804926],[-45.5074249,-3.5803969],[-45.5073255,-3.5803196],[-45.5072151,-3.580246],[-45.5071998,-3.5802308],[-45.507101,-3.580132],[-45.5070089,-3.580036],[-45.5069094,-3.5799842],[-45.5068209,-3.5798882],[-45.5067692,-3.5797701],[-45.5067545,-3.5796557],[-45.5067545,-3.5795562],[-45.5067914,-3.5794603],[-45.5068379,-3.5793285],[-45.5068925,-3.5792355],[-45.5069767,-3.5791607],[-45.5069872,-3.579153],[-45.5070451,-3.5791108],[-45.50712,-3.5790587],[-45.50722,-3.5789999],[-45.5073155,-3.5789365],[-45.5074088,-3.5788663],[-45.5074635,-3.5788073],[-45.5075182,-3.5787415],[-45.5075478,-3.578687],[-45.5075706,-3.5786279],[-45.5076048,-3.5785688],[-45.5076459,-3.5785121],[-45.5076846,-3.5784689],[-45.5077234,-3.5784371],[-45.5077644,-3.5784031],[-45.5077963,-3.5783622],[-45.5078214,-3.5783099],[-45.5078691,-3.5782716],[-45.5079072,-3.5782357],[-45.5079242,-3.5781828],[-45.5079455,-3.57813],[-45.5079773,-3.5780962],[-45.508043,-3.5780603],[-45.5080769,-3.5780266],[-45.5080981,-3.5779822],[-45.5081193,-3.5779399],[-45.5081575,-3.5779082],[-45.5081872,-3.5778597],[-45.5082126,-3.577809],[-45.5082593,-3.5777541],[-45.5082953,-3.5776993],[-45.5083355,-3.5776255],[-45.508376,-3.5775285],[-45.5083986,-3.5774418],[-45.508434,-3.5773552],[-45.508463,-3.5772751],[-45.5084856,-3.5771853],[-45.508521,-3.5771051],[-45.508554,-3.5769607],[-45.5085871,-3.5768544],[-45.5086154,-3.5767742],[-45.5086389,-3.576673],[-45.5086553,-3.5765627],[-45.5086813,-3.5764711],[-45.508698,-3.5763465],[-45.5087193,-3.5762454],[-45.5087288,-3.5761584],[-45.508729,-3.5760737],[-45.5087319,-3.5760067],[-45.5087318,-3.5758989],[-45.5087337,-3.5758326],[-45.5087488,-3.5757644],[-45.5087734,-3.5756943],[-45.5088076,-3.5756299],[-45.5088512,-3.5755787],[-45.5089006,-3.5755333],[-45.5089747,-3.5754631],[-45.5090507,-3.5754101],[-45.5091438,-3.5753684],[-45.5092141,-3.5753342],[-45.5092788,-3.5753075],[-45.5093472,-3.5752866],[-45.5094215,-3.5752827],[-45.509511,-3.5752788],[-45.5095872,-3.5752882],[-45.5096616,-3.5753223],[-45.5097074,-3.5753679],[-45.5097532,-3.5754174],[-45.5098099,-3.5754646],[-45.5098511,-3.5755033],[-45.5098615,-3.5755131],[-45.5099189,-3.5755731],[-45.5099648,-3.5756504],[-45.5099935,-3.5757334],[-45.5100164,-3.5758508],[-45.5100307,-3.5759367],[-45.5100507,-3.5760312],[-45.5100647,-3.5761402],[-45.5100757,-3.5762433],[-45.5100781,-3.5763405],[-45.5100919,-3.5764348],[-45.5101031,-3.5765062],[-45.51012,-3.5765661],[-45.5101369,-3.5766202],[-45.5101786,-3.5766772],[-45.5102044,-3.5767463],[-45.51021,-3.5768359],[-45.5102213,-3.576908],[-45.5102701,-3.5769997],[-45.5102987,-3.5770802],[-45.5103331,-3.5771548],[-45.5103501,-3.5772642],[-45.510396,-3.5773502],[-45.5104158,-3.577445],[-45.5104386,-3.5775368],[-45.5104556,-3.5776114],[-45.5104755,-3.5776802],[-45.5105042,-3.5777403],[-45.5105413,-3.5778234],[-45.5105612,-3.5779007],[-45.510581,-3.577998],[-45.5106036,-3.5780981],[-45.510641,-3.5781954],[-45.5106698,-3.5782929],[-45.5106842,-3.5783788],[-45.5106727,-3.5784546],[-45.5106619,-3.5785482],[-45.5106296,-3.5786153],[-45.5105974,-3.5786824],[-45.5105759,-3.5787626],[-45.5105839,-3.5788504],[-45.5105839,-3.5789276],[-45.5105839,-3.5790049],[-45.5105919,-3.5790581],[-45.510603,-3.5790777],[-45.510616,-3.5791007],[-45.5106456,-3.579162],[-45.5107371,-3.5792579],[-45.5108182,-3.5793302],[-45.5109135,-3.5794222],[-45.5109925,-3.5794617],[-45.5111642,-3.5794864],[-45.5112785,-3.5795162],[-45.5113918,-3.5795262],[-45.5114433,-3.5795319],[-45.5115711,-3.5795462],[-45.5116933,-3.5795436],[-45.5117816,-3.5795515],[-45.5119009,-3.5795307],[-45.5119813,-3.5795072],[-45.5120459,-3.5794576],[-45.5121446,-3.5794288],[-45.5122202,-3.579421],[-45.5122777,-3.5794288],[-45.5123614,-3.5794159],[-45.5124477,-3.5793847],[-45.5125157,-3.5793456],[-45.5125672,-3.5793011],[-45.5125759,-3.5792935],[-45.5126231,-3.5792754],[-45.5127042,-3.5792574],[-45.5127879,-3.579229],[-45.5128689,-3.5791928],[-45.5129603,-3.579141],[-45.5130386,-3.5791046],[-45.5131352,-3.5790446],[-45.5132265,-3.5790032],[-45.5133152,-3.5789618],[-45.5134376,-3.5789103],[-45.5135496,-3.5788614],[-45.5136144,-3.5788027],[-45.5137087,-3.5787628],[-45.5137975,-3.5787523],[-45.5138998,-3.5787473],[-45.5140154,-3.5787209],[-45.5141148,-3.5786811],[-45.5142919,-3.5786225],[-45.5144177,-3.5786034],[-45.5145356,-3.5785869],[-45.5146402,-3.5785813],[-45.5147449,-3.5785864],[-45.5148415,-3.5786057],[-45.5149406,-3.5786361],[-45.5150451,-3.5786924],[-45.5151204,-3.5787535],[-45.5151849,-3.5788228],[-45.5152413,-3.5788845],[-45.515268,-3.5789542],[-45.5152787,-3.5790239],[-45.5152921,-3.5791123],[-45.5152866,-3.5792195],[-45.5152892,-3.579324],[-45.5152757,-3.5794258],[-45.5152461,-3.5794901],[-45.5152084,-3.5795651],[-45.5151573,-3.5796615],[-45.5151036,-3.5797472],[-45.5150525,-3.5798355],[-45.5150033,-3.5799073],[-45.5149379,-3.5799563],[-45.5148855,-3.5800085],[-45.51482,-3.5800834],[-45.5147741,-3.5801974],[-45.5147543,-3.5803018],[-45.5147477,-3.5804063],[-45.5147508,-3.5805108],[-45.5147638,-3.5806121],[-45.5147866,-3.5807069],[-45.5148224,-3.5808083],[-45.514878,-3.5808903],[-45.5149402,-3.5809626],[-45.5150164,-3.5810212],[-45.5150873,-3.5810715],[-45.5151697,-3.5811172],[-45.5152775,-3.5811427],[-45.5153713,-3.5811794],[-45.5154879,-3.5812025],[-45.5155811,-3.5812163],[-45.5156606,-3.5812163],[-45.5157424,-3.5812277],[-45.5158196,-3.5812436],[-45.5158741,-3.5812596],[-45.5159399,-3.5812732],[-45.5159967,-3.5812869],[-45.5160399,-3.5812982],[-45.5160989,-3.5813164],[-45.5161443,-3.581355],[-45.5162101,-3.5814049],[-45.5162647,-3.5814412],[-45.5163237,-3.5814685],[-45.5163964,-3.5815048],[-45.5164714,-3.5815525],[-45.5165237,-3.5816025],[-45.5166034,-3.5816755],[-45.5166791,-3.5817407],[-45.5167468,-3.5817954],[-45.5168329,-3.5818554],[-45.5169059,-3.5819049],[-45.5169711,-3.5819675],[-45.517031,-3.5820457],[-45.5170806,-3.5821134],[-45.5171327,-3.5821838],[-45.5171664,-3.5822515],[-45.517221,-3.5823243],[-45.5172758,-3.5823881],[-45.5173432,-3.5824275],[-45.5173941,-3.5824635],[-45.5174613,-3.5824931],[-45.5175138,-3.5825275],[-45.517563,-3.582552],[-45.5176138,-3.5825668],[-45.5176826,-3.582575],[-45.5177431,-3.5825832],[-45.5178152,-3.5825833],[-45.5178774,-3.5825801],[-45.5179216,-3.5825589],[-45.5179592,-3.582554],[-45.5180002,-3.5825541],[-45.5180411,-3.5825574],[-45.5180984,-3.5825558],[-45.518159,-3.5825591],[-45.5182099,-3.582569],[-45.5182744,-3.5825734],[-45.5183414,-3.5825548],[-45.5183977,-3.5825375],[-45.51845,-3.5825121],[-45.5184929,-3.5824935],[-45.5185264,-3.5824734],[-45.5185761,-3.5824374],[-45.518615,-3.5824173],[-45.5186553,-3.582408],[-45.5187037,-3.5824027],[-45.5187534,-3.5823988],[-45.5188085,-3.5823788],[-45.518865,-3.5823574],[-45.5189121,-3.5823253],[-45.5189498,-3.5822998],[-45.5189888,-3.5822677],[-45.5190291,-3.582229],[-45.5190669,-3.5822011],[-45.5191089,-3.582169],[-45.5191355,-3.5821214],[-45.5191692,-3.5820809],[-45.5192015,-3.5820432],[-45.5192421,-3.5820166],[-45.5192912,-3.5819859],[-45.5193403,-3.5819496],[-45.5193894,-3.5819091],[-45.5194202,-3.5818741],[-45.5194427,-3.5818322],[-45.5194609,-3.5817945],[-45.519489,-3.5817595],[-45.5195224,-3.5817246],[-45.5195609,-3.5816939],[-45.5195995,-3.581674],[-45.5196303,-3.5816402],[-45.519675,-3.5815926],[-45.5197377,-3.5815382],[-45.5197961,-3.5814743],[-45.5198758,-3.5814143],[-45.5199437,-3.5813544],[-45.5199948,-3.5813173],[-45.5200553,-3.5812711],[-45.5201005,-3.5812248],[-45.5201379,-3.5811842],[-45.520169,-3.5811203],[-45.5202098,-3.5810661],[-45.5202293,-3.581008],[-45.5202637,-3.5809379],[-45.520287,-3.5808755],[-45.5203264,-3.5808238],[-45.5203782,-3.5807668],[-45.520423,-3.5807115],[-45.5204569,-3.5806705],[-45.5204856,-3.5806206],[-45.5204981,-3.5805796],[-45.5204982,-3.5805404],[-45.5204821,-3.5804958],[-45.5204822,-3.5804565],[-45.5204858,-3.5803994],[-45.5205001,-3.5803405],[-45.5205199,-3.5802744],[-45.5205431,-3.5802264],[-45.5205629,-3.5801782],[-45.520561,-3.5801318],[-45.5205571,-3.5800627],[-45.5205651,-3.5800075],[-45.5205751,-3.5799364],[-45.520585,-3.5798713],[-45.5206009,-3.5798082],[-45.5206188,-3.5797451],[-45.5206346,-3.5796958],[-45.5206604,-3.5796465],[-45.520698,-3.5795874],[-45.5207336,-3.5795284],[-45.5207613,-3.5794713],[-45.520789,-3.5794004],[-45.5208023,-3.5793356],[-45.5208078,-3.5792631],[-45.5207998,-3.5791664],[-45.5207837,-3.5790831],[-45.520773,-3.5789863],[-45.5207839,-3.5789138],[-45.5208028,-3.5788492],[-45.5208245,-3.5787657],[-45.52083,-3.5786687],[-45.520822,-3.5785638],[-45.5208086,-3.5784778],[-45.5207944,-3.5783607],[-45.5207742,-3.5782773],[-45.5207642,-3.5781865],[-45.5207592,-3.5780805],[-45.5207416,-3.577972],[-45.5207265,-3.5778888],[-45.5207165,-3.5778132],[-45.5207039,-3.577715],[-45.5206914,-3.5776243],[-45.5206638,-3.5775161],[-45.5206411,-3.5774279],[-45.5206084,-3.5773423],[-45.5205581,-3.5772516],[-45.5205304,-3.5771761],[-45.5205052,-3.5771132],[-45.520475,-3.5770099],[-45.5204474,-3.5769091],[-45.5204449,-3.5768259],[-45.5204463,-3.5767403],[-45.5204589,-3.576646],[-45.5204736,-3.5765558],[-45.5204988,-3.5764594],[-45.520524,-3.5763523],[-45.5205618,-3.576283],[-45.5206081,-3.5761989],[-45.520665,-3.5761443],[-45.520764,-3.5761169],[-45.5208547,-3.5760916],[-45.5209433,-3.5760725],[-45.52103,-3.5760493],[-45.5211039,-3.5760197],[-45.5211723,-3.5759828],[-45.5212443,-3.575935],[-45.5212954,-3.5758721],[-45.5213345,-3.5757851],[-45.5213555,-3.5756861],[-45.5213585,-3.5755901],[-45.5213435,-3.5755001],[-45.5213225,-3.5754162],[-45.5212836,-3.5753263],[-45.5212447,-3.5752185],[-45.5211848,-3.5751316],[-45.5211219,-3.5750359],[-45.5210741,-3.5749581],[-45.5210263,-3.5748863],[-45.5209725,-3.5748116],[-45.5209247,-3.574743],[-45.5208501,-3.5746523],[-45.5207787,-3.5745811],[-45.5207238,-3.5745043],[-45.5206771,-3.5744331],[-45.5206524,-3.5743317],[-45.5206799,-3.5742276],[-45.5207404,-3.5741646],[-45.5208201,-3.5741235],[-45.520933,-3.574066],[-45.5210101,-3.5740358],[-45.5211368,-3.5739892],[-45.5212113,-3.5739343],[-45.5212746,-3.5738794],[-45.5213215,-3.5737997],[-45.521371,-3.5737174],[-45.5214204,-3.5736325],[-45.521467,-3.5735641],[-45.5215163,-3.5735067],[-45.5215546,-3.5734575],[-45.5216066,-3.573381],[-45.5216448,-3.5733128],[-45.5216997,-3.5732171],[-45.5217381,-3.5731378],[-45.5217874,-3.5730449],[-45.5218561,-3.5729367],[-45.5219077,-3.572846],[-45.5219562,-3.5727704],[-45.5219957,-3.5726918],[-45.5220109,-3.572589],[-45.5219837,-3.5725286],[-45.5219535,-3.5724681],[-45.5219111,-3.5724167],[-45.5218718,-3.5723532],[-45.5218142,-3.5723138],[-45.5217414,-3.5722866],[-45.5216534,-3.5722623],[-45.5215592,-3.5722956],[-45.5215015,-3.5723349],[-45.5214072,-3.5723742],[-45.5213223,-3.5723651],[-45.5212464,-3.5723711],[-45.5211553,-3.5723861],[-45.5210734,-3.5723951],[-45.5209551,-3.572395],[-45.5208733,-3.5723677],[-45.5208129,-3.5723222],[-45.5207556,-3.5722586],[-45.5207167,-3.5721617],[-45.5206719,-3.5720407],[-45.5206513,-3.5719409],[-45.5206272,-3.5718472],[-45.5206091,-3.5717504],[-45.5205849,-3.5716657],[-45.5206031,-3.5716083],[-45.5205759,-3.5715387],[-45.5205133,-3.5713889],[-45.5204999,-3.5712703],[-45.5205027,-3.5711383],[-45.5204839,-3.5710035],[-45.5204437,-3.5708984],[-45.5203821,-3.5708148],[-45.5203821,-3.5707178],[-45.5203947,-3.5706718],[-45.5204064,-3.5706289],[-45.5204762,-3.5705481],[-45.5205384,-3.5704431],[-45.5205952,-3.5703623],[-45.5206574,-3.5702599],[-45.5207088,-3.5701468],[-45.5207601,-3.5700714],[-45.5208304,-3.5700203],[-45.5209195,-3.5699988],[-45.521014,-3.5699989],[-45.5210788,-3.5700178],[-45.521159,-3.570044],[-45.5212137,-3.5700664],[-45.5212812,-3.5701042],[-45.5213379,-3.5701285],[-45.5214161,-3.5701582],[-45.5214944,-3.5701852],[-45.5215673,-3.5702095],[-45.5216251,-3.5702488],[-45.5216429,-3.5702608],[-45.5217049,-3.5703067],[-45.5217832,-3.5703553],[-45.5218803,-3.5703931],[-45.5219937,-3.5704256],[-45.5220746,-3.5704581],[-45.5221339,-3.5704959],[-45.5221878,-3.5705336],[-45.5222497,-3.5705821],[-45.5223224,-3.5706253],[-45.5223978,-3.5706818],[-45.5224516,-3.5707303],[-45.5225242,-3.5707841],[-45.5225887,-3.5708353],[-45.5226291,-3.5709052],[-45.5226479,-3.5709697],[-45.5226533,-3.5710478],[-45.5226748,-3.5711527],[-45.5227098,-3.5712215],[-45.5227648,-3.5712739],[-45.5228269,-3.5713264],[-45.5228914,-3.5713908],[-45.5229416,-3.5714408],[-45.5229893,-3.5714885],[-45.5230154,-3.5715599],[-45.5230607,-3.5716337],[-45.5231201,-3.5716742],[-45.5231794,-3.5717004],[-45.5232388,-3.5717219],[-45.5233056,-3.5717553],[-45.5233749,-3.5717744],[-45.5234704,-3.5718387],[-45.5235396,-3.571903],[-45.5235474,-3.5719096],[-45.523604,-3.5719577],[-45.5236565,-3.5720362],[-45.5237233,-3.5720813],[-45.52381,-3.5721203],[-45.5238831,-3.5720961],[-45.5239354,-3.5720406],[-45.5239423,-3.5719434],[-45.5239493,-3.5718497],[-45.5239248,-3.5717732],[-45.5239074,-3.5716758],[-45.5239004,-3.5715784],[-45.5239631,-3.571488],[-45.5240224,-3.5714079],[-45.5241342,-3.5713349],[-45.5242145,-3.5712898],[-45.5243157,-3.5712377],[-45.5244203,-3.5711753],[-45.5244692,-3.5711162],[-45.5244727,-3.5710362],[-45.5244693,-3.5709492],[-45.5244868,-3.5708971],[-45.5245669,-3.5708417],[-45.5246505,-3.5708107],[-45.5247236,-3.570731],[-45.5247481,-3.5706475],[-45.5247135,-3.5705394],[-45.5246926,-3.5704213],[-45.5246581,-3.5703024],[-45.5246328,-3.5701789],[-45.5246246,-3.5701097],[-45.5245983,-3.5700425],[-45.5245721,-3.5699792],[-45.524542,-3.5699356],[-45.5245199,-3.5699058],[-45.5244903,-3.5698778],[-45.5244534,-3.5698416],[-45.5244187,-3.5698074],[-45.5244086,-3.5697916],[-45.5243766,-3.5697414],[-45.5243513,-3.5696759],[-45.5243357,-3.5696322],[-45.5243436,-3.5695729],[-45.524367,-3.5695194],[-45.5243983,-3.5694878],[-45.524451,-3.5694621],[-45.5245176,-3.5694622],[-45.5245397,-3.5694694],[-45.5245726,-3.5694801],[-45.5246262,-3.569502],[-45.5246842,-3.5695299],[-45.5247483,-3.5695418],[-45.5248042,-3.5695399],[-45.5248622,-3.5695141],[-45.5249081,-3.5694823],[-45.524952,-3.5694288],[-45.5249561,-3.5693633],[-45.5249522,-3.5693038],[-45.5249343,-3.5692284],[-45.5249174,-3.5691588],[-45.5248939,-3.5690756],[-45.5248823,-3.5690067],[-45.5248852,-3.5689259],[-45.5249082,-3.568872],[-45.5249178,-3.568862],[-45.5249553,-3.568831],[-45.5250152,-3.5688168],[-45.5250773,-3.5688192],[-45.5251418,-3.5688288],[-45.5251966,-3.5688525],[-45.5252346,-3.5688999],[-45.525263,-3.5689473],[-45.5253321,-3.5689758],[-45.5253893,-3.5689663],[-45.5254608,-3.5689379],[-45.5254917,-3.5688764],[-45.5254988,-3.5688196],[-45.5255462,-3.5687652],[-45.5256103,-3.5687132],[-45.525672,-3.5686589],[-45.5257241,-3.5685855],[-45.5257715,-3.5685074],[-45.5257881,-3.5684339],[-45.5258047,-3.5683722],[-45.5257952,-3.5683104],[-45.5258121,-3.5682364],[-45.5258532,-3.568164],[-45.52587,-3.5680964],[-45.5258941,-3.5680215],[-45.5259353,-3.5679636],[-45.5260008,-3.5679006],[-45.5260763,-3.5678424],[-45.5261006,-3.567777],[-45.5261008,-3.5677114],[-45.5260815,-3.5676313],[-45.526067,-3.5675634],[-45.5260379,-3.5675028],[-45.5259893,-3.5674348],[-45.5259844,-3.5674231],[-45.5259627,-3.5673718],[-45.525958,-3.5672918],[-45.525985,-3.5672118],[-45.5260338,-3.567161],[-45.5261142,-3.5671296],[-45.5261363,-3.5671264],[-45.5261799,-3.56712],[-45.5262723,-3.5671274],[-45.5263354,-3.5671517],[-45.526413,-3.5671784],[-45.5265077,-3.5671713],[-45.5266023,-3.5671207],[-45.5266799,-3.5670461],[-45.5267307,-3.5669668],[-45.5267694,-3.5668877],[-45.5267864,-3.5667964],[-45.5267792,-3.5667217],[-45.5267559,-3.5666562],[-45.5266924,-3.5665903],[-45.5266474,-3.5665244],[-45.5266289,-3.5664426],[-45.5266262,-3.5663687],[-45.5266766,-3.5663106],[-45.5267668,-3.5662524],[-45.5268647,-3.5662101],[-45.5269494,-3.5661785],[-45.527034,-3.5661626],[-45.5271027,-3.5661442],[-45.5272005,-3.5661074],[-45.5273143,-3.5660627],[-45.5274253,-3.5660206],[-45.5275391,-3.5659461],[-45.5276355,-3.5659014],[-45.5276863,-3.5658512],[-45.5277212,-3.5657767],[-45.5277411,-3.5656944],[-45.5277657,-3.5656161],[-45.5278038,-3.565549],[-45.5278263,-3.565493],[-45.5278622,-3.5654414],[-45.527896,-3.5653899],[-45.5279342,-3.5653315],[-45.5279838,-3.5653046],[-45.5280334,-3.565289],[-45.5280921,-3.5652711],[-45.5281598,-3.5652532],[-45.5282163,-3.5652375],[-45.5282886,-3.5651992],[-45.5283496,-3.5651564],[-45.5284084,-3.5651137],[-45.5284491,-3.5650573],[-45.5284921,-3.5649965],[-45.5285024,-3.564937],[-45.5285007,-3.5648744],[-45.5284833,-3.5648135],[-45.528459,-3.5647492],[-45.5284365,-3.5646901],[-45.5284401,-3.5646363],[-45.5284524,-3.5645737],[-45.5284525,-3.5645164],[-45.5284474,-3.5644485],[-45.5284545,-3.5643772],[-45.5284442,-3.5642971],[-45.5284338,-3.5642326],[-45.5284157,-3.5641681],[-45.5283799,-3.5641176],[-45.528331,-3.5640932],[-45.5282927,-3.5640531],[-45.5282334,-3.5640148],[-45.5281881,-3.5639729],[-45.5281375,-3.5639137],[-45.5281062,-3.5638439],[-45.5280765,-3.5637689],[-45.5280417,-3.5636922],[-45.5280136,-3.5636011],[-45.5280023,-3.563504],[-45.5279968,-3.5634041],[-45.5280025,-3.5633165],[-45.5280115,-3.5632329],[-45.5279858,-3.5631558],[-45.5279372,-3.5630786],[-45.5279144,-3.5629986],[-45.5278629,-3.5629443],[-45.527797,-3.5629071],[-45.5277311,-3.5628584],[-45.527668,-3.5628241],[-45.5276222,-3.562767],[-45.5275649,-3.5627041],[-45.5274818,-3.5626641],[-45.5274159,-3.5626355],[-45.5273501,-3.562587],[-45.527253,-3.5625556],[-45.5271702,-3.5625412],[-45.5271028,-3.5625394],[-45.5270616,-3.5625383],[-45.526933,-3.5625153],[-45.5268331,-3.5624725],[-45.5267759,-3.5624439],[-45.5267503,-3.5623583],[-45.5267589,-3.5622614],[-45.526759,-3.5622042],[-45.526759,-3.562173],[-45.5267648,-3.5620589],[-45.5267708,-3.5619522],[-45.5267763,-3.5618757],[-45.5267791,-3.5617911],[-45.5267354,-3.5617173],[-45.5266616,-3.5616899],[-45.5265905,-3.5616735],[-45.526492,-3.5616761],[-45.5263962,-3.5616924],[-45.5263168,-3.5617306],[-45.5262511,-3.5617524],[-45.5261718,-3.5617468],[-45.5261035,-3.5617113],[-45.5260324,-3.5616757],[-45.5259777,-3.5616402],[-45.5259038,-3.5616046],[-45.5258382,-3.5615718],[-45.5257698,-3.561539],[-45.525685,-3.5615334],[-45.5255838,-3.5615252],[-45.5254908,-3.5615278],[-45.5254142,-3.5615305],[-45.5253376,-3.5615359],[-45.5252528,-3.5615467],[-45.5251544,-3.5615603],[-45.5250725,-3.5615602],[-45.5249907,-3.5615602],[-45.5249117,-3.5615519],[-45.5248325,-3.5615467],[-45.5247621,-3.5615433],[-45.5246848,-3.5615381],[-45.5246074,-3.5615312],[-45.524547,-3.5615122],[-45.5244763,-3.5614915],[-45.5244021,-3.5614742],[-45.5243435,-3.5614707],[-45.5243304,-3.5614707],[-45.5242918,-3.5614706],[-45.5242349,-3.5614585],[-45.5241901,-3.5614516],[-45.5241178,-3.5614567],[-45.5240558,-3.5614566],[-45.5240129,-3.5614548],[-45.5239475,-3.5614427],[-45.5238857,-3.5614375],[-45.5238291,-3.5614375],[-45.5237708,-3.561446],[-45.5236884,-3.5614493],[-45.523618,-3.5614441],[-45.523551,-3.5614372],[-45.5234463,-3.5614344],[-45.5233754,-3.5614287],[-45.5232737,-3.5614153],[-45.5231854,-3.5613807],[-45.5231085,-3.5613672],[-45.5230336,-3.5613365],[-45.5229875,-3.5613019],[-45.5229549,-3.5612404],[-45.5229454,-3.5611752],[-45.5229533,-3.5611043],[-45.5229726,-3.5610374],[-45.5230167,-3.5609667],[-45.5230589,-3.5609188],[-45.5230935,-3.5608595],[-45.5231281,-3.5607902],[-45.5231571,-3.5607207],[-45.523183,-3.5606231],[-45.5231908,-3.560546],[-45.5231728,-3.5604688],[-45.5231445,-3.5603891],[-45.5231033,-3.5602964],[-45.5230595,-3.5602192],[-45.5230054,-3.5601265],[-45.5229564,-3.5600337],[-45.5229152,-3.5599487],[-45.5228842,-3.5598688],[-45.5228533,-3.5597862],[-45.5228404,-3.5597063],[-45.5228559,-3.5596341],[-45.5228766,-3.5595567],[-45.522877,-3.5594818],[-45.5228745,-3.5593669],[-45.52289,-3.559257],[-45.5229029,-3.5591676],[-45.5229132,-3.5590603],[-45.5229158,-3.5589709],[-45.5229261,-3.5588866],[-45.5229313,-3.5588074],[-45.522934,-3.558718],[-45.5229368,-3.5586082],[-45.5229396,-3.5585139],[-45.5229549,-3.5584272],[-45.5229882,-3.5583556],[-45.5230342,-3.5582994],[-45.5230957,-3.5582456],[-45.5231674,-3.5581995],[-45.5232442,-3.5581639],[-45.5232562,-3.5581588],[-45.523303,-3.5581386],[-45.5233618,-3.5580955],[-45.5234,-3.5580371],[-45.5234357,-3.557966],[-45.5234561,-3.5578999],[-45.5234693,-3.5578276],[-45.5234848,-3.5577658],[-45.5235081,-3.5577121],[-45.523534,-3.5576378],[-45.5235548,-3.5575738],[-45.5235782,-3.5575097],[-45.5235964,-3.5574224],[-45.5236044,-3.5573402],[-45.5236046,-3.557258],[-45.5235867,-3.5571782],[-45.5235688,-3.5571138],[-45.5235432,-3.557034],[-45.5235149,-3.5569799],[-45.523484,-3.5569257],[-45.5234427,-3.5568871],[-45.5233963,-3.5568458],[-45.523355,-3.5567995],[-45.5233247,-3.5567509],[-45.5233076,-3.5567232],[-45.5232734,-3.5566913],[-45.5232349,-3.5566657],[-45.5231944,-3.5566338],[-45.5231453,-3.5566145],[-45.5230941,-3.5565953],[-45.5230472,-3.5565719],[-45.5229982,-3.5565442],[-45.522962,-3.5565293],[-45.522928,-3.5565145],[-45.5228791,-3.5565038],[-45.5228281,-3.5564931],[-45.5227686,-3.556493],[-45.522707,-3.5565077],[-45.5226477,-3.5565266],[-45.5226011,-3.5565456],[-45.5225481,-3.5565625],[-45.5224866,-3.5565878],[-45.5224339,-3.5566273],[-45.5223764,-3.556669],[-45.5223244,-3.5567138],[-45.5222685,-3.5567433],[-45.522254,-3.556751],[-45.5221704,-3.556783],[-45.5221023,-3.5567939],[-45.5220395,-3.5567942],[-45.5219661,-3.5567894],[-45.5218979,-3.5567608],[-45.5218428,-3.5567136],[-45.5217801,-3.5566475],[-45.5217463,-3.5565922],[-45.5217413,-3.5565213],[-45.5217494,-3.5564426],[-45.5217679,-3.5563667],[-45.5217968,-3.5562857],[-45.521831,-3.5562151],[-45.5218677,-3.5561499],[-45.5219278,-3.556103],[-45.5219957,-3.556064],[-45.522073,-3.5560265],[-45.5221342,-3.5559833],[-45.522176,-3.5559338],[-45.5221943,-3.5558765],[-45.5222257,-3.5558166],[-45.5222858,-3.5557776],[-45.5223371,-3.5557115],[-45.5224177,-3.5556628],[-45.5224763,-3.5556239],[-45.522552,-3.5555582],[-45.5226155,-3.5555047],[-45.5226571,-3.555456],[-45.5226986,-3.5554122],[-45.5227426,-3.5553586],[-45.5227841,-3.55531],[-45.5228135,-3.5552345],[-45.5228648,-3.5551834],[-45.5229233,-3.5551446],[-45.5229941,-3.5551058],[-45.5230666,-3.5550393],[-45.5231035,-3.5549837],[-45.523147,-3.5549286],[-45.5231832,-3.5548615],[-45.5232098,-3.5547943],[-45.5232412,-3.5547245],[-45.5232534,-3.5546475],[-45.5232921,-3.5545873],[-45.5233187,-3.5545343],[-45.5233277,-3.5544808],[-45.5233213,-3.5544404],[-45.5233022,-3.5543915],[-45.523281,-3.5543511],[-45.523232,-3.5542894],[-45.5231873,-3.5542255],[-45.5231724,-3.5541766],[-45.5231618,-3.5541234],[-45.5231677,-3.5540425],[-45.5231636,-3.5540097],[-45.5231573,-3.5539588],[-45.5231425,-3.5538749],[-45.5231129,-3.5538034],[-45.5230685,-3.5537541],[-45.5229965,-3.5536917],[-45.5229338,-3.5535947],[-45.522887,-3.55351],[-45.5228259,-3.5534056],[-45.5227647,-3.5533427],[-45.5227108,-3.5532852],[-45.5226678,-3.553208],[-45.5226169,-3.5531063],[-45.5225843,-3.5530174],[-45.5225801,-3.5529256],[-45.522616,-3.5528074],[-45.522625,-3.5527432],[-45.5226332,-3.5526837],[-45.5226482,-3.5525921],[-45.522661,-3.552494],[-45.5226695,-3.5523961],[-45.5226718,-3.552307],[-45.5226413,-3.5522439],[-45.5225868,-3.5521677],[-45.5225301,-3.5520981],[-45.5224757,-3.552022],[-45.5224169,-3.5519568],[-45.5223733,-3.5519003],[-45.5223429,-3.551859],[-45.5222928,-3.5518025],[-45.5222013,-3.5517786],[-45.5221382,-3.5517677],[-45.5220751,-3.5517742],[-45.5220473,-3.5517822],[-45.5219924,-3.5517981],[-45.5219206,-3.5518415],[-45.5218509,-3.5519022],[-45.5217835,-3.551952],[-45.5217248,-3.5519889],[-45.5216704,-3.5520344],[-45.521627,-3.5520799],[-45.5215727,-3.5521296],[-45.5215358,-3.5521686],[-45.5215077,-3.5522032],[-45.5214773,-3.5522378],[-45.5214427,-3.5522766],[-45.5213941,-3.5523133],[-45.5213709,-3.5523308],[-45.5212993,-3.5523719],[-45.5212484,-3.5524107],[-45.5211974,-3.552452],[-45.5211538,-3.5525128],[-45.5211028,-3.5525784],[-45.5210785,-3.5526319],[-45.5210249,-3.5527195],[-45.5209758,-3.5527753],[-45.5209341,-3.5528238],[-45.5208827,-3.5528698],[-45.5208074,-3.5528991],[-45.5207421,-3.5529215],[-45.5206741,-3.5529611],[-45.5206034,-3.5529933],[-45.5205373,-3.5530077],[-45.5204835,-3.5530173],[-45.5204273,-3.553012],[-45.5203711,-3.552997],[-45.5203102,-3.5529843],[-45.5202445,-3.5529739],[-45.5201863,-3.5529514],[-45.5201235,-3.5529071],[-45.5200918,-3.5528369],[-45.5200648,-3.5527595],[-45.520045,-3.5526723],[-45.5200472,-3.5526067],[-45.5200542,-3.5525465],[-45.5200663,-3.5524802],[-45.5201003,-3.5524192],[-45.5201368,-3.5523508],[-45.5201784,-3.5522654],[-45.5202323,-3.5521873],[-45.5202792,-3.552109],[-45.5203168,-3.5520612],[-45.5203543,-3.5520052],[-45.5203919,-3.551943],[-45.520419,-3.5518871],[-45.5204522,-3.5518292],[-45.5204751,-3.5517775],[-45.5205187,-3.5517135],[-45.5205664,-3.5516558],[-45.5206347,-3.551596],[-45.5207034,-3.5515381],[-45.5207336,-3.5515152],[-45.5207581,-3.5514967],[-45.5208328,-3.5514376],[-45.520879,-3.5513916],[-45.5209099,-3.5513105],[-45.5209561,-3.5512184],[-45.5209712,-3.5511545],[-45.5209738,-3.5511438],[-45.5210024,-3.551043],[-45.5210286,-3.5509412],[-45.5210411,-3.5508472],[-45.5210535,-3.550773],[-45.5210572,-3.5507458],[-45.521066,-3.5506815],[-45.5210958,-3.5505974],[-45.5211331,-3.5505158],[-45.5211703,-3.5504367],[-45.5212175,-3.5503427],[-45.5212448,-3.550271],[-45.521287,-3.5501499],[-45.5213125,-3.5500375],[-45.5213225,-3.5499557],[-45.5213007,-3.5498621],[-45.5212848,-3.5498022],[-45.5212628,-3.5497504],[-45.5212188,-3.5496944],[-45.5211668,-3.5496485],[-45.5211207,-3.5496265],[-45.5210607,-3.5495904],[-45.5209925,-3.5495804],[-45.5209184,-3.5495703],[-45.5208482,-3.5495503],[-45.5207741,-3.5495322],[-45.5206898,-3.5494861],[-45.5206296,-3.5494541],[-45.5205614,-3.549416],[-45.5204951,-3.5493919],[-45.5204173,-3.5493699],[-45.5203476,-3.5493378],[-45.5202799,-3.5492818],[-45.5202261,-3.5492299],[-45.5201696,-3.5491663],[-45.5201274,-3.5491152],[-45.5201072,-3.5490907],[-45.5200317,-3.5489527],[-45.5199553,-3.5488766],[-45.5198653,-3.548865],[-45.5197791,-3.5488272],[-45.519719,-3.5487634],[-45.5196813,-3.5486696],[-45.5196622,-3.548572],[-45.5196545,-3.5484632],[-45.5196505,-3.548343],[-45.5196914,-3.5482492],[-45.5197437,-3.5481853],[-45.5197922,-3.5480876],[-45.5198295,-3.547986],[-45.5198555,-3.5478655],[-45.5198942,-3.5477153],[-45.5199184,-3.5476073],[-45.5198975,-3.5475165],[-45.5198801,-3.5473979],[-45.5198557,-3.5472584],[-45.5198592,-3.5471468],[-45.5198734,-3.5470178],[-45.5198805,-3.5469132],[-45.519877,-3.5468087],[-45.5198527,-3.5467043],[-45.5198387,-3.5465963],[-45.5198144,-3.546478],[-45.5198214,-3.5463379],[-45.5198558,-3.5462239],[-45.5198937,-3.5461203],[-45.5199422,-3.5460094],[-45.5199974,-3.5459057],[-45.5200529,-3.5458324],[-45.5200836,-3.5457919],[-45.5201425,-3.5457053],[-45.5202187,-3.5456187],[-45.5202777,-3.5455389],[-45.5202951,-3.5454311],[-45.5202881,-3.5453581],[-45.5202568,-3.5452573],[-45.5202117,-3.5451844],[-45.5201493,-3.5451151],[-45.5200763,-3.5450562],[-45.5200102,-3.5449938],[-45.5199138,-3.5448983],[-45.5198504,-3.5448542],[-45.5197953,-3.5448481],[-45.519776,-3.544846],[-45.5196797,-3.5448459],[-45.5196028,-3.5448236],[-45.5195452,-3.544785],[-45.519496,-3.5447408],[-45.5194605,-3.5446665],[-45.5194552,-3.5445868],[-45.5194823,-3.5445097],[-45.5195502,-3.5444485],[-45.5196215,-3.5444213],[-45.5196559,-3.5444146],[-45.5197269,-3.5444009],[-45.5198323,-3.54436],[-45.5199378,-3.5443191],[-45.5200503,-3.5442781],[-45.5201457,-3.5442508],[-45.5202276,-3.5441893],[-45.5203129,-3.5441346],[-45.5203881,-3.5440457],[-45.5204052,-3.5439738],[-45.5204051,-3.5438781],[-45.5204393,-3.543772],[-45.520448,-3.5437597],[-45.5204975,-3.5436898],[-45.5205865,-3.5436315],[-45.5206609,-3.5435837],[-45.520685,-3.5435657],[-45.5207589,-3.5434474],[-45.5207718,-3.5434058],[-45.5208231,-3.5432402],[-45.5208833,-3.5430161],[-45.5210386,-3.5428093],[-45.5211505,-3.5425854],[-45.5211935,-3.5423702],[-45.5212192,-3.5421723],[-45.5211157,-3.5420092],[-45.5209261,-3.5419665],[-45.520685,-3.5419669],[-45.5206194,-3.541946],[-45.5204438,-3.5418899],[-45.5203404,-3.5416838],[-45.5203058,-3.5415205],[-45.5203831,-3.5413656],[-45.5204108,-3.5413411],[-45.5206068,-3.5411675],[-45.5207615,-3.540883],[-45.520835,-3.5406722],[-45.5208305,-3.5405448],[-45.5207749,-3.5403975],[-45.5207496,-3.5401944],[-45.5207803,-3.540032],[-45.520862,-3.5398746],[-45.520938,-3.5396769],[-45.5209884,-3.5395248],[-45.5209576,-3.5393017],[-45.5209016,-3.5391192],[-45.5208406,-3.5389571],[-45.5207665,-3.5387845],[-45.5207597,-3.5385616],[-45.5208415,-3.5383848],[-45.520928,-3.5382569],[-45.5211164,-3.5382153],[-45.5212652,-3.538242],[-45.5214413,-3.5383364],[-45.521604,-3.5384377],[-45.5217263,-3.5386136],[-45.5218824,-3.5387759],[-45.5220792,-3.5389585],[-45.5222352,-3.5391681],[-45.5223844,-3.5393709],[-45.5225678,-3.5395806],[-45.5227375,-3.5398036],[-45.5228868,-3.5400537],[-45.5229892,-3.5402988],[-45.5230226,-3.5404368],[-45.5231274,-3.5405915],[-45.5232448,-3.5407714],[-45.5233875,-3.5408467],[-45.5234841,-3.5408717],[-45.5236395,-3.5408631],[-45.5237727,-3.5408595],[-45.5238035,-3.5408587],[-45.5239633,-3.5408459],[-45.5240685,-3.5408457],[-45.5241737,-3.5408288],[-45.5242704,-3.5407952],[-45.5243503,-3.5406817],[-45.524381,-3.5405399],[-45.5243913,-3.5403518],[-45.5244541,-3.5401425],[-45.5244683,-3.5399181],[-45.5244045,-3.5397907],[-45.5243926,-3.5396694],[-45.5244154,-3.5395019],[-45.5244904,-3.5393574],[-45.5244785,-3.5391839],[-45.5244317,-3.5390276],[-45.524339,-3.53879],[-45.5242929,-3.5385467],[-45.5242834,-3.5383427],[-45.5242801,-3.5382144],[-45.5242735,-3.5380632],[-45.524257,-3.5379548],[-45.524247,-3.5377872],[-45.524214,-3.5376395],[-45.5241975,-3.5374851],[-45.5241808,-3.5372521],[-45.524189,-3.5371079],[-45.524226,-3.5369802],[-45.5242588,-3.5368442],[-45.5242959,-3.5367124],[-45.5242794,-3.5366135],[-45.5242918,-3.536453],[-45.5243331,-3.5362474],[-45.5244008,-3.536062],[-45.5244449,-3.5359737],[-45.5244593,-3.5359399],[-45.5245014,-3.5358411],[-45.5245309,-3.535733],[-45.5245751,-3.5356371],[-45.5246365,-3.535529],[-45.5246709,-3.5354381],[-45.5247225,-3.5353447],[-45.5247741,-3.535244],[-45.5248405,-3.5351457],[-45.5249065,-3.5350593],[-45.5249298,-3.5349979],[-45.5249807,-3.5349258],[-45.525038,-3.5348664],[-45.5250931,-3.5348134],[-45.5251377,-3.5347901],[-45.5252204,-3.534771],[-45.5253264,-3.5347264],[-45.52546,-3.5346661],[-45.5255472,-3.5346259],[-45.5256298,-3.5345666],[-45.5256886,-3.5345125],[-45.5257661,-3.5344586],[-45.5258507,-3.534414],[-45.5259165,-3.534353],[-45.5259517,-3.5342849],[-45.525994,-3.5342073],[-45.5260386,-3.5341392],[-45.5260998,-3.5341109],[-45.5261701,-3.5341141],[-45.5261899,-3.5341134],[-45.5262069,-3.5341127],[-45.5262217,-3.534115],[-45.5262428,-3.5341199],[-45.5262604,-3.5341221],[-45.5262802,-3.5341213],[-45.5263023,-3.5341176],[-45.5263215,-3.534114],[-45.5263407,-3.5341103],[-45.5263747,-3.534109],[-45.5264121,-3.5341104],[-45.5264262,-3.5341099],[-45.5264545,-3.5341088],[-45.5264647,-3.5341026],[-45.5264858,-3.5340932],[-45.526496,-3.534087],[-45.5265212,-3.5340687],[-45.5265309,-3.5340597],[-45.5265459,-3.5340475],[-45.5265632,-3.5340323],[-45.526591,-3.5340107],[-45.5266113,-3.5339953],[-45.5266259,-3.53398],[-45.5266359,-3.5339707],[-45.5266488,-3.5339614],[-45.5266659,-3.5339429],[-45.5266779,-3.5339276],[-45.5266874,-3.5339153],[-45.5267072,-3.5338935],[-45.5267139,-3.5338812],[-45.526726,-3.5338657],[-45.5267338,-3.5338411],[-45.5267339,-3.5338229],[-45.5267373,-3.5337982],[-45.5267462,-3.5337702],[-45.5267526,-3.5337545],[-45.5267768,-3.5337381],[-45.5268039,-3.5337214],[-45.5268273,-3.5336987],[-45.5268517,-3.533682],[-45.5268872,-3.5336586],[-45.5269195,-3.533632],[-45.5269357,-3.5336186],[-45.52696,-3.5335985],[-45.5269871,-3.533575],[-45.5270211,-3.5335576],[-45.5270597,-3.5335269],[-45.5270668,-3.5335104],[-45.5270691,-3.5334777],[-45.5270774,-3.5334444],[-45.5270832,-3.5334143],[-45.5270889,-3.5333841],[-45.5271029,-3.5333161],[-45.5271045,-3.5333025],[-45.5271111,-3.5332783],[-45.5271127,-3.5332646],[-45.5271212,-3.5331986],[-45.5271303,-3.5331668],[-45.5271441,-3.5331487],[-45.5271587,-3.5331376],[-45.527173,-3.5331229],[-45.5271873,-3.5331082],[-45.5272108,-3.5330896],[-45.5272333,-3.5330602],[-45.5272474,-3.5330417],[-45.5272585,-3.5330233],[-45.527274,-3.5329829],[-45.5272816,-3.5329607],[-45.5272947,-3.5329272],[-45.5273057,-3.5329047],[-45.5273131,-3.5328785],[-45.5273212,-3.5328596],[-45.5273294,-3.5328406],[-45.5273408,-3.5328215],[-45.527377,-3.5327862],[-45.5274062,-3.5327623],[-45.5274436,-3.5327609],[-45.5274632,-3.5327601],[-45.527499,-3.5327588],[-45.5275348,-3.5327574],[-45.5275641,-3.5327563],[-45.5275869,-3.5327554],[-45.5276001,-3.5327587],[-45.5276103,-3.5327659],[-45.527637,-3.53278],[-45.527659,-3.5327961],[-45.5277373,-3.5329248],[-45.5277475,-3.5329391],[-45.5277577,-3.5329533],[-45.5277811,-3.5329814],[-45.5278207,-3.5330231],[-45.5278339,-3.5330405],[-45.5278569,-3.5330717],[-45.5278797,-3.5330991],[-45.5278961,-3.5331232],[-45.5279029,-3.5331439],[-45.5279033,-3.5331614],[-45.5278983,-3.5332101],[-45.5278927,-3.5332309],[-45.5278931,-3.533248],[-45.5279,-3.5332751],[-45.5279064,-3.533285],[-45.5279162,-3.5333083],[-45.5279258,-3.5333248],[-45.5279325,-3.533348],[-45.5279389,-3.5333645],[-45.5279455,-3.5333875],[-45.5279464,-3.5334305],[-45.5279437,-3.5334437],[-45.5279385,-3.5334831],[-45.52793,-3.5335061],[-45.5279244,-3.5335257],[-45.5279162,-3.5335549],[-45.5279167,-3.5335773],[-45.5279173,-3.5336027],[-45.5279239,-3.5336277],[-45.5279303,-3.5336495],[-45.5279427,-3.5336709],[-45.5279519,-3.5336892],[-45.5279641,-3.5337073],[-45.5279821,-3.5337282],[-45.5280058,-3.5337458],[-45.5280235,-3.5337543],[-45.5280382,-3.5337598],[-45.5280586,-3.533759],[-45.528079,-3.5337521],[-45.5281082,-3.5337448],[-45.5281257,-3.533738],[-45.5281491,-3.5337371],[-45.5281743,-3.5337387],[-45.528193,-3.5337446],[-45.5282133,-3.533756],[-45.5282453,-3.5337639],[-45.528283,-3.5337777],[-45.5283132,-3.5337916],[-45.5284651,-3.5337917],[-45.5284983,-3.5337822],[-45.5285192,-3.5337797],[-45.5285495,-3.5337736],[-45.5285751,-3.5337693],[-45.528591,-3.5337654],[-45.5286329,-3.5337604],[-45.5286778,-3.5337521],[-45.5287071,-3.5337509],[-45.5287295,-3.5337467],[-45.5287585,-3.5337423],[-45.5287741,-3.533735],[-45.5287901,-3.5337311],[-45.5288185,-3.53372],[-45.5288337,-3.5337061],[-45.5288518,-3.5336887],[-45.5288668,-3.5336714],[-45.5288817,-3.5336541],[-45.528894,-3.5336435],[-45.528903,-3.5336331],[-45.528932,-3.5336252],[-45.5289603,-3.5336072],[-45.528986,-3.5335994],[-45.5289992,-3.5335989],[-45.5290156,-3.5335983],[-45.5290318,-3.5335943],[-45.5290546,-3.53359],[-45.5290767,-3.5335756],[-45.5291022,-3.533561],[-45.5291274,-3.533543],[-45.5291433,-3.5335321],[-45.5291586,-3.533511],[-45.5291673,-3.5334901],[-45.5291731,-3.5334761],[-45.5291852,-3.5334549],[-45.5291877,-3.533441],[-45.5291925,-3.5334095],[-45.529197,-3.533371],[-45.5291986,-3.5333394],[-45.5292025,-3.5332898],[-45.5292007,-3.5332579],[-45.5291983,-3.5332152],[-45.5291973,-3.5331973],[-45.5291879,-3.5331629],[-45.5291765,-3.5331295],[-45.5291637,-3.5330863],[-45.5291524,-3.5330685],[-45.5291411,-3.5330506],[-45.5291325,-3.5330215],[-45.5291204,-3.5329924],[-45.5291011,-3.5329597],[-45.5290852,-3.5329267],[-45.5290724,-3.5328897],[-45.5290673,-3.5328635],[-45.5290547,-3.5328299],[-45.5290387,-3.5328001],[-45.5290182,-3.532755],[-45.5289897,-3.5326983],[-45.528973,-3.5326601],[-45.5289683,-3.5326447],[-45.5289711,-3.5326329],[-45.528983,-3.5326011],[-45.5289958,-3.532581],[-45.5290057,-3.5325688],[-45.5290153,-3.5325526],[-45.5290315,-3.5325283],[-45.5290445,-3.5325079],[-45.5290541,-3.5324916],[-45.5290669,-3.5324672],[-45.5290759,-3.5324388],[-45.5290739,-3.5324067],[-45.5290729,-3.5323906],[-45.528992,-3.5322117],[-45.5288941,-3.5321273],[-45.5288769,-3.5321195],[-45.5288472,-3.5321123],[-45.5288262,-3.5321089],[-45.5288044,-3.532097],[-45.5287807,-3.532064],[-45.528761,-3.5320308],[-45.5287455,-3.5319972],[-45.5287348,-3.531972],[-45.5287324,-3.5319463],[-45.5287348,-3.5318815],[-45.5287385,-3.5318294],[-45.5287399,-3.5317988],[-45.5287497,-3.5317679],[-45.5287642,-3.5317411],[-45.5287802,-3.5317317],[-45.5288089,-3.5317218],[-45.5288216,-3.5317213],[-45.5288816,-3.5317321],[-45.5289073,-3.5317355],[-45.5289241,-3.5317348],[-45.5290005,-3.5317406],[-45.5290552,-3.5317385],[-45.529105,-3.5317278],[-45.529126,-3.5317269],[-45.5291549,-3.531717],[-45.5291831,-3.5316984],[-45.5291946,-3.5316804],[-45.5291973,-3.5316582],[-45.5291964,-3.531645],[-45.5291956,-3.531627],[-45.5291967,-3.5315874],[-45.5291976,-3.5315384],[-45.5291958,-3.5315117],[-45.529194,-3.5314849],[-45.5291906,-3.5314355],[-45.5291955,-3.5313811],[-45.5291934,-3.5313494],[-45.5292053,-3.5312714],[-45.5292235,-3.5312202],[-45.5292203,-3.531173],[-45.5292081,-3.5309922],[-45.529207,-3.5309756],[-45.5292094,-3.5309504],[-45.5292116,-3.5309209],[-45.5292291,-3.5308739],[-45.5292396,-3.5308439],[-45.5292462,-3.5308182],[-45.5292529,-3.5307924],[-45.5292598,-3.5307709],[-45.5292698,-3.530732],[-45.5292809,-3.5307102],[-45.5292962,-3.5306881],[-45.5293194,-3.5306571],[-45.5293351,-3.5306392],[-45.5293468,-3.5306258],[-45.5293628,-3.5306122],[-45.5293861,-3.5305809],[-45.5293985,-3.5305761],[-45.5294194,-3.5305753],[-45.5294403,-3.5305744],[-45.5294529,-3.530574],[-45.5294743,-3.5305818],[-45.5295131,-3.530602],[-45.5295601,-3.5306218],[-45.5295899,-3.5306336],[-45.5296201,-3.5306539],[-45.5296459,-3.5306701],[-45.529663,-3.5306781],[-45.5297062,-3.530715],[-45.529736,-3.5307309],[-45.5297614,-3.5307427],[-45.5297952,-3.5307584],[-45.5298289,-3.5307699],[-45.5298709,-3.5307853],[-45.5299006,-3.530799],[-45.5299211,-3.5308003],[-45.5299588,-3.5308157],[-45.5299755,-3.5308193],[-45.5299881,-3.5308273],[-45.5300088,-3.5308307],[-45.5300419,-3.5308294],[-45.5300667,-3.5308284],[-45.530108,-3.530831],[-45.5301495,-3.5308379],[-45.5301828,-3.5308534],[-45.5301993,-3.5308528],[-45.5302117,-3.5308523],[-45.5302196,-3.5308351],[-45.5302192,-3.5308098],[-45.5302065,-3.530674],[-45.5301956,-3.5306444],[-45.5301826,-3.530619],[-45.5301737,-3.5305891],[-45.5301652,-3.5305808],[-45.5301564,-3.5305552],[-45.5301518,-3.5305336],[-45.5301513,-3.5305119],[-45.530159,-3.5304767],[-45.5301754,-3.5304541],[-45.5301916,-3.5304184],[-45.5302037,-3.5303827],[-45.5302115,-3.5303426],[-45.5302152,-3.5303114],[-45.5302187,-3.5302668],[-45.5302267,-3.5302352],[-45.5302391,-3.5302168],[-45.5302516,-3.5301983],[-45.530277,-3.5301839],[-45.5303489,-3.5300968],[-45.5303568,-3.5300883],[-45.5303766,-3.530067],[-45.5304041,-3.5300289],[-45.5304398,-3.529982],[-45.5304557,-3.5299606],[-45.5304677,-3.5299477],[-45.5304817,-3.5299305],[-45.5304831,-3.5299013],[-45.5304743,-3.5298765],[-45.5304656,-3.5298559],[-45.5304529,-3.5298396],[-45.5304278,-3.5298238],[-45.5303946,-3.5298166],[-45.5303699,-3.5298176],[-45.530345,-3.5298144],[-45.5302913,-3.5298122],[-45.5302707,-3.5298131],[-45.5302294,-3.5298147],[-45.5302005,-3.5298158],[-45.5301714,-3.5298085],[-45.5301549,-3.5298091],[-45.5301379,-3.5297971],[-45.5301085,-3.5297856],[-45.5300628,-3.5297832],[-45.5300416,-3.529784],[-45.5300006,-3.5297814],[-45.5299508,-3.5297791],[-45.5299297,-3.5297714],[-45.529908,-3.529751],[-45.5298906,-3.5297347],[-45.5298727,-3.5297098],[-45.5298677,-3.529693],[-45.5298407,-3.5296555],[-45.5298271,-3.5296345],[-45.5298134,-3.5296135],[-45.5298002,-3.5296011],[-45.5297777,-3.5295718],[-45.5297644,-3.5295593],[-45.5297551,-3.5295423],[-45.5297326,-3.5295171],[-45.5297188,-3.5294959],[-45.5297094,-3.5294788],[-45.5297039,-3.5294571],[-45.5296892,-3.5294226],[-45.5296737,-3.5293748],[-45.5296729,-3.5293616],[-45.5296784,-3.5293126],[-45.5296842,-3.5292986],[-45.5296975,-3.5292763],[-45.5297177,-3.5292577],[-45.5297352,-3.5292302],[-45.5297567,-3.5291935],[-45.5297803,-3.5291566],[-45.5297883,-3.5291473],[-45.5298082,-3.5291194],[-45.5298239,-3.5290917],[-45.5298439,-3.5290637],[-45.5298637,-3.529031],[-45.5298924,-3.5290025],[-45.5299132,-3.528988],[-45.5299298,-3.5289736],[-45.529944,-3.5289547],[-45.5299595,-3.528915],[-45.5299635,-3.5288618],[-45.5299753,-3.5288335],[-45.529979,-3.5288194],[-45.530046,-3.5286609],[-45.5300726,-3.5286534],[-45.5301084,-3.5286304],[-45.5301405,-3.5286118],[-45.5301645,-3.5285979],[-45.5301841,-3.5285797],[-45.530204,-3.5285659],[-45.5302314,-3.5285387],[-45.5302559,-3.528529],[-45.5302763,-3.5285195],[-45.5303131,-3.5285049],[-45.5303669,-3.5284897],[-45.5303963,-3.5284885],[-45.5304266,-3.5285005],[-45.530444,-3.5285086],[-45.5304661,-3.5285252],[-45.5304754,-3.5285379],[-45.5305025,-3.5285673],[-45.5305297,-3.5286009],[-45.530552,-3.5286217],[-45.530565,-3.5286298],[-45.5305832,-3.528655],[-45.5306019,-3.5286887],[-45.5306071,-3.5287056],[-45.5306052,-3.5287442],[-45.5305981,-3.5287658],[-45.5305825,-3.5287834],[-45.5305709,-3.5287966],[-45.5305512,-3.5288144],[-45.5305398,-3.5288318],[-45.530529,-3.5288576],[-45.5305306,-3.5288828],[-45.5305407,-3.5289119],[-45.5305546,-3.5289365],[-45.5305772,-3.5289691],[-45.5305989,-3.5289891],[-45.5306255,-3.5290213],[-45.530638,-3.529025],[-45.5306635,-3.5290406],[-45.5306803,-3.5290482],[-45.530701,-3.5290515],[-45.5307237,-3.5290548],[-45.53075,-3.5290496],[-45.5307948,-3.5290437],[-45.5308111,-3.5290431],[-45.5308434,-3.5290335],[-45.5308676,-3.5290243],[-45.5308951,-3.5289983],[-45.5309065,-3.528977],[-45.530914,-3.5289601],[-45.5309375,-3.5289341],[-45.5309533,-3.5289167],[-45.5309983,-3.5287754],[-45.5310176,-3.5287199],[-45.531023,-3.5287035],[-45.5310318,-3.5286705],[-45.5310447,-3.5286373],[-45.5310526,-3.5286226],[-45.5310808,-3.5286072],[-45.5311046,-3.5286021],[-45.5311162,-3.5285975],[-45.5311455,-3.5285758],[-45.5311477,-3.5285634],[-45.5311573,-3.5285465],[-45.5311651,-3.5285172],[-45.5311687,-3.528488],[-45.5311708,-3.5284755],[-45.5311868,-3.5284457],[-45.5312057,-3.5284073],[-45.5312147,-3.5283961],[-45.5312356,-3.5283725],[-45.5312884,-3.5283789],[-45.531327,-3.5283878],[-45.5313543,-3.5283976],[-45.5313751,-3.5284048],[-45.5313951,-3.5284291],[-45.5314111,-3.5284535],[-45.5314217,-3.5284698],[-45.5314294,-3.5284944],[-45.5314417,-3.5285229],[-45.5314435,-3.5285353],[-45.531447,-3.5285599],[-45.5314692,-3.5286001],[-45.5314849,-3.5286241],[-45.5315041,-3.5286438],[-45.5315215,-3.5286513],[-45.5315435,-3.5286627],[-45.5315701,-3.5286779],[-45.531595,-3.528681],[-45.5316274,-3.5286797],[-45.5316634,-3.5286742],[-45.5316872,-3.5286692],[-45.5317216,-3.5286516],[-45.5317408,-3.5286427],[-45.5317667,-3.5286212],[-45.5317849,-3.5286041],[-45.5317961,-3.5285955],[-45.5318068,-3.5285828],[-45.5318246,-3.5285615],[-45.5318271,-3.5285491],[-45.5318287,-3.5285284],[-45.531821,-3.5284998],[-45.5318184,-3.5284792],[-45.5318169,-3.5284668],[-45.531822,-3.5284416],[-45.5318475,-3.5284019],[-45.5318719,-3.528377],[-45.5318914,-3.5283679],[-45.5319064,-3.5283547],[-45.5319296,-3.5283412],[-45.5319534,-3.5283318],[-45.5319735,-3.5283268],[-45.532007,-3.5283297],[-45.5320537,-3.5283405],[-45.5320835,-3.5283478],[-45.5321183,-3.5283632],[-45.5321361,-3.528375],[-45.5321489,-3.5283959],[-45.5321561,-3.5284077],[-45.5321802,-3.5284401],[-45.5321901,-3.5284563],[-45.5322169,-3.528476],[-45.5322435,-3.5284956],[-45.5323122,-3.5285259],[-45.5323412,-3.5285289],[-45.5323787,-3.5285357],[-45.5324255,-3.5285544],[-45.5324608,-3.5285612],[-45.5325054,-3.52858],[-45.5325435,-3.5285948],[-45.5325649,-3.5286062],[-45.5326058,-3.5286087],[-45.5326464,-3.5286071],[-45.5326873,-3.5286096],[-45.5327201,-3.5286124],[-45.5327364,-3.5286118],[-45.5327638,-3.5285984],[-45.5327876,-3.5285893],[-45.5328307,-3.5285672],[-45.5328949,-3.5285524],[-45.532915,-3.5285475],[-45.5329432,-3.5285423],[-45.532963,-3.5285333],[-45.5329828,-3.5285243],[-45.5329983,-3.5285114],[-45.5330377,-3.5284892],[-45.5330617,-3.52848],[-45.5330775,-3.5284712],[-45.533286,-3.5283884],[-45.533343,-3.5283778],[-45.5333838,-3.5283721],[-45.5334161,-3.5283583],[-45.5334401,-3.5283449],[-45.5334639,-3.528323],[-45.5334839,-3.5283097],[-45.5335162,-3.5282916],[-45.5335526,-3.5282734],[-45.5335892,-3.5282594],[-45.5336259,-3.5282453],[-45.5336422,-3.5282404],[-45.5336833,-3.5282346],[-45.5337328,-3.5282327],[-45.5337575,-3.5282275],[-45.5338028,-3.5282257],[-45.5338481,-3.5282197],[-45.5338934,-3.5282137],[-45.5340006,-3.5282011],[-45.5340583,-3.5281946],[-45.5341161,-3.5281839],[-45.5341532,-3.528174],[-45.534182,-3.5281601],[-45.5342025,-3.5281254],[-45.5342149,-3.5281036],[-45.5342231,-3.5280862],[-45.5342355,-3.5280644],[-45.5342811,-3.528024],[-45.534302,-3.5280017],[-45.534327,-3.5279835],[-45.534352,-3.5279739],[-45.5343897,-3.5279465],[-45.5344148,-3.5279325],[-45.5344526,-3.5279007],[-45.5344822,-3.5278734],[-45.5345033,-3.5278508],[-45.5345288,-3.5278192],[-45.5345416,-3.5278056],[-45.5345543,-3.5277963],[-45.5345818,-3.5277842],[-45.5346177,-3.5277763],[-45.5346346,-3.5277668],[-45.5346558,-3.5277572],[-45.5346899,-3.5277383],[-45.5347111,-3.5277286],[-45.534724,-3.5277193],[-45.5347579,-3.5277091],[-45.5347792,-3.5277016],[-45.5348006,-3.5276853],[-45.5348183,-3.5276536],[-45.5348275,-3.5276265],[-45.5348283,-3.5275953],[-45.5348291,-3.5275639],[-45.5348258,-3.5275236],[-45.5348223,-3.5274968],[-45.5348103,-3.5274656],[-45.5347937,-3.5274436],[-45.5347773,-3.5274125],[-45.5347605,-3.5273995],[-45.5347352,-3.5273822],[-45.534697,-3.5273609],[-45.5346718,-3.5273344],[-45.5346335,-3.5273083],[-45.534608,-3.5272863],[-45.5345696,-3.5272601],[-45.5345569,-3.5272422],[-45.5345354,-3.5272337],[-45.5345183,-3.5272159],[-45.5345055,-3.5272024],[-45.5344927,-3.5271843],[-45.5344713,-3.5271525],[-45.5344541,-3.5271252],[-45.5344458,-3.5270833],[-45.534433,-3.5270367],[-45.5344289,-3.5269991],[-45.5344239,-3.5269628],[-45.5344161,-3.5269331],[-45.5344076,-3.5268808],[-45.5344034,-3.5268426],[-45.5343992,-3.5267946],[-45.5343949,-3.5267706],[-45.5343906,-3.5267466],[-45.5344238,-3.5266107],[-45.5344432,-3.5265895],[-45.5344671,-3.5265678],[-45.5344823,-3.5265539],[-45.5345144,-3.5265117],[-45.5345536,-3.526476],[-45.5345863,-3.5264474],[-45.5346397,-3.5264248],[-45.5347003,-3.5264156],[-45.5347545,-3.5264134],[-45.5348147,-3.5263905],[-45.5348947,-3.5263531],[-45.5349751,-3.5263225],[-45.5350482,-3.5262716],[-45.5350747,-3.5262499],[-45.5351275,-3.5261997],[-45.535187,-3.5261422],[-45.5352136,-3.5261204],[-45.53524,-3.5260917],[-45.5352384,-3.5260364],[-45.5352372,-3.5259914],[-45.5352287,-3.5259327],[-45.5352211,-3.5259052],[-45.5352068,-3.5258849],[-45.5351853,-3.5258509],[-45.5351495,-3.5257965],[-45.5351419,-3.5257688],[-45.5351415,-3.5257549],[-45.535113,-3.525721],[-45.5350707,-3.5256806],[-45.5350358,-3.525661],[-45.5349805,-3.5256491],[-45.5349177,-3.5256164],[-45.5348898,-3.5256035],[-45.5348614,-3.5255764],[-45.5348329,-3.5255494],[-45.5348047,-3.5255293],[-45.5347628,-3.5255098],[-45.5347001,-3.5254911],[-45.5346169,-3.5254732],[-45.5345547,-3.5254685],[-45.534506,-3.5254563],[-45.534471,-3.5254435],[-45.5344429,-3.5254305],[-45.5344079,-3.5254177],[-45.5343795,-3.5253976],[-45.5343439,-3.5253706],[-45.5343079,-3.5253366],[-45.5342785,-3.5252951],[-45.5342565,-3.5252675],[-45.5342201,-3.5252262],[-45.5341616,-3.5251571],[-45.534132,-3.5251154],[-45.5339693,-3.5249606],[-45.5339557,-3.5249611],[-45.5339074,-3.5249357],[-45.5338729,-3.5249166],[-45.5338453,-3.524904],[-45.5337818,-3.524838],[-45.5337602,-3.5248046],[-45.5337317,-3.5247714],[-45.5336967,-3.5247452],[-45.5336623,-3.5247328],[-45.5336342,-3.5247269],[-45.5335938,-3.5247218],[-45.5335664,-3.5247159],[-45.5335186,-3.5247109],[-45.5334764,-3.5246781],[-45.5334418,-3.5246657],[-45.5334001,-3.5246466],[-45.5333509,-3.524614],[-45.5333296,-3.5245941],[-45.5333008,-3.5245607],[-45.5332933,-3.5245471],[-45.5332905,-3.5244848],[-45.5332882,-3.5244363],[-45.5333006,-3.524408],[-45.5333189,-3.5243585],[-45.5333244,-3.5243304],[-45.53333,-3.5243023],[-45.5333492,-3.5242736],[-45.5333617,-3.5242451],[-45.5333869,-3.5241951],[-45.5334053,-3.5241453],[-45.5334171,-3.5241027],[-45.5334296,-3.5240741],[-45.533459,-3.5238475],[-45.533465,-3.523834],[-45.53349,-3.5237998],[-45.5334947,-3.5237599],[-45.5334918,-3.5237002],[-45.5334838,-3.5236738],[-45.5334676,-3.5236145],[-45.5334516,-3.5235617],[-45.5334285,-3.5235024],[-45.5334134,-3.5234695],[-45.5334108,-3.5234159],[-45.5334098,-3.5233957],[-45.5334071,-3.523342],[-45.5333974,-3.5232817],[-45.5333876,-3.5232213],[-45.5333499,-3.5231415],[-45.533334,-3.5230947],[-45.5333309,-3.5230336],[-45.5333291,-3.5229996],[-45.533346,-3.5229307],[-45.533351,-3.5228964],[-45.5333628,-3.5228617],[-45.5333747,-3.522827],[-45.5333831,-3.5227237],[-45.5333814,-3.5226894],[-45.5333987,-3.5226267],[-45.5334035,-3.5225851],[-45.5334134,-3.5225086],[-45.5334304,-3.5224386],[-45.5334335,-3.522362],[-45.5334387,-3.522327],[-45.5334555,-3.5222496],[-45.5334535,-3.5222078],[-45.5334648,-3.5221583],[-45.5334837,-3.5221225],[-45.5335143,-3.5220441],[-45.5335395,-3.5219939],[-45.5335915,-3.5219284],[-45.5336246,-3.5218988],[-45.5337047,-3.5218392],[-45.533752,-3.5218161],[-45.533813,-3.5217924],[-45.5338472,-3.521784],[-45.5338747,-3.5217829],[-45.5339161,-3.5217813],[-45.533964,-3.5217724],[-45.5339916,-3.5217713],[-45.5340188,-3.5217631],[-45.5341411,-3.5216518],[-45.5341534,-3.5216175],[-45.5341656,-3.5215832],[-45.5341704,-3.5215287],[-45.5341682,-3.5214676],[-45.5341675,-3.5214472],[-45.5341993,-3.5213914],[-45.5342245,-3.5213358],[-45.5342637,-3.5212932],[-45.5342896,-3.5212579],[-45.5343225,-3.5212292],[-45.534349,-3.5212076],[-45.5343689,-3.5211931],[-45.5343815,-3.5211651],[-45.5344008,-3.52113],[-45.5344196,-3.521081],[-45.5344389,-3.5210458],[-45.5344517,-3.5210177],[-45.5344712,-3.5209893],[-45.534491,-3.5209678],[-45.5345172,-3.5209321],[-45.5345428,-3.5208757],[-45.5345625,-3.5208471],[-45.5346016,-3.520783],[-45.5346404,-3.5207049],[-45.5346675,-3.5206656],[-45.5346799,-3.5206475],[-45.534739,-3.5205472],[-45.5347779,-3.5204614],[-45.534811,-3.5204108],[-45.5348509,-3.5203529],[-45.5348911,-3.520309],[-45.5349314,-3.520265],[-45.5349993,-3.5202198],[-45.5350811,-3.5201741],[-45.5351085,-3.5201659],[-45.5353395,-3.519953],[-45.5353653,-3.5199111],[-45.535397,-3.5198415],[-45.5354163,-3.5198065],[-45.5354547,-3.5197295],[-45.5354806,-3.5196872],[-45.535506,-3.5196243],[-45.5355318,-3.519575],[-45.5355574,-3.5195187],[-45.5355767,-3.5194764],[-45.5356024,-3.5194199],[-45.5356153,-3.5193916],[-45.5356218,-3.5193775],[-45.5356417,-3.5193559],[-45.5356742,-3.5192919],[-45.5356735,-3.5192641],[-45.535672,-3.5192083],[-45.5356576,-3.5191809],[-45.5356429,-3.5191395],[-45.5356216,-3.5191123],[-45.5355862,-3.5190716],[-45.5355578,-3.5190376],[-45.5355298,-3.5190176],[-45.5354947,-3.5189908],[-45.5354731,-3.5189564],[-45.5354108,-3.5187336],[-45.5354102,-3.5187134],[-45.5354025,-3.5186798],[-45.5354007,-3.5186188],[-45.5354195,-3.5185705],[-45.5354326,-3.5185564],[-45.5354982,-3.5184857],[-45.535538,-3.5184569],[-45.5355771,-3.5184007],[-45.5355961,-3.518352],[-45.5356011,-3.5182833],[-45.5356002,-3.518249],[-45.5355921,-3.5182011],[-45.5355707,-3.5181606],[-45.5355279,-3.5180864],[-45.5354922,-3.5180255],[-45.5354643,-3.5180058],[-45.5354287,-3.5179517],[-45.5353932,-3.5179045],[-45.5353649,-3.5178708],[-45.5353096,-3.5178521],[-45.5352751,-3.5178395],[-45.5352631,-3.5178365],[-45.5352268,-3.5178274],[-45.5351439,-3.5178028],[-45.5350821,-3.5177982],[-45.5349994,-3.5177805],[-45.5349578,-3.5177682],[-45.5349018,-3.5177354],[-45.5348323,-3.5177101],[-45.534735,-3.5176789],[-45.5346585,-3.5176538],[-45.5345339,-3.5176306],[-45.5344581,-3.5176265],[-45.534417,-3.5176281],[-45.5342785,-3.5176054],[-45.53418,-3.51756],[-45.5341377,-3.5175405],[-45.5338435,-3.517421],[-45.5337955,-3.5173956],[-45.5337613,-3.5173832],[-45.5337066,-3.5173648],[-45.5336515,-3.5173327],[-45.5335899,-3.5173145],[-45.5335556,-3.5173021],[-45.5335141,-3.5172763],[-45.5334588,-3.5172441],[-45.5334305,-3.5172108],[-45.5333746,-3.5171647],[-45.5333461,-3.5171244],[-45.5333386,-3.5171039],[-45.5333304,-3.5170627],[-45.5333286,-3.5170074],[-45.5333204,-3.5169661],[-45.5333122,-3.5169247],[-45.5333105,-3.516876],[-45.5333096,-3.5168482],[-45.5333084,-3.5168133],[-45.5333061,-3.5167435],[-45.5333044,-3.5166946],[-45.5333096,-3.5166452],[-45.5333078,-3.5165891],[-45.5333059,-3.5165329],[-45.5333118,-3.5165044],[-45.5333166,-3.5164407],[-45.5333223,-3.5164051],[-45.533328,-3.5163695],[-45.5333406,-3.5163336],[-45.5333601,-3.5162973],[-45.533379,-3.5162397],[-45.5333916,-3.5162036],[-45.5334106,-3.5161459],[-45.5334235,-3.5161168],[-45.5334353,-3.516052],[-45.5334483,-3.5160229],[-45.5334606,-3.5159722],[-45.5334593,-3.5159292],[-45.5334629,-3.515821],[-45.5334753,-3.51577],[-45.5334731,-3.5156978],[-45.5334707,-3.5156182],[-45.5334658,-3.5154582],[-45.5334625,-3.5153487],[-45.5334531,-3.5152685],[-45.5334497,-3.5151583],[-45.5334468,-3.5150625],[-45.5334371,-3.514974],[-45.5334355,-3.5149222],[-45.5334339,-3.5148702],[-45.5334394,-3.5148179],[-45.5334385,-3.5147881],[-45.5334512,-3.5147429],[-45.533505,-3.5146436],[-45.5335388,-3.5145898],[-45.5335661,-3.5145512],[-45.533602,-3.5145648],[-45.5336453,-3.5145932],[-45.5336815,-3.5146218],[-45.5337104,-3.5146431],[-45.5337468,-3.5146791],[-45.5337762,-3.5147228],[-45.533784,-3.5147524],[-45.5338063,-3.5147962],[-45.5338213,-3.5148329],[-45.5338291,-3.5148623],[-45.5338437,-3.5148841],[-45.5338585,-3.5149132],[-45.5338877,-3.5149566],[-45.533901,-3.5149741],[-45.5339095,-3.5149853],[-45.5339241,-3.515007],[-45.5340802,-3.515045],[-45.5341333,-3.515032],[-45.5341613,-3.5150254],[-45.5341835,-3.515019],[-45.5342274,-3.5150002],[-45.5342848,-3.5149989],[-45.5343238,-3.5149861],[-45.5343812,-3.5149848],[-45.5344214,-3.5149838],[-45.5345081,-3.5149876],[-45.5345425,-3.5149868],[-45.5345942,-3.5149856],[-45.5346172,-3.514985],[-45.5346683,-3.5149779],[-45.5347074,-3.5149652],[-45.5347811,-3.5149516],[-45.5348319,-3.5149385],[-45.5348995,-3.5149191],[-45.5349385,-3.5149003],[-45.5349779,-3.5148874],[-45.5350236,-3.5148804],[-45.5350739,-3.5148553],[-45.5351023,-3.5148486],[-45.535147,-3.5148236],[-45.5351689,-3.5148051],[-45.535213,-3.5147679],[-45.5352576,-3.5147367],[-45.535291,-3.5147117],[-45.53533,-3.5146804],[-45.5353804,-3.5146426],[-45.535397,-3.5146239],[-45.5354249,-3.5145988],[-45.5354357,-3.5145801],[-45.5354273,-3.5145311],[-45.5354143,-3.5145067],[-45.5353886,-3.5144639],[-45.53537,-3.5144457],[-45.5353503,-3.5144088],[-45.5353482,-3.5143713],[-45.5353584,-3.5143397],[-45.5353798,-3.5142951],[-45.5353962,-3.5142694],[-45.5354072,-3.5142502],[-45.5354416,-3.514224],[-45.5354701,-3.5141978],[-45.535505,-3.5141779],[-45.5355434,-3.5141674],[-45.5355814,-3.5141505],[-45.5356347,-3.5141365],[-45.5356757,-3.5141163],[-45.5357229,-3.5140959],[-45.5357644,-3.514082],[-45.5357939,-3.5140684],[-45.5358297,-3.5140612],[-45.5358772,-3.5140471],[-45.5359189,-3.5140332],[-45.5359547,-3.5140259],[-45.5359846,-3.5140187],[-45.5360023,-3.5140054],[-45.5360379,-3.5139786],[-45.5360614,-3.513952],[-45.5360748,-3.513783],[-45.5360765,-3.5137337],[-45.5360803,-3.5137103],[-45.5360775,-3.5136753],[-45.5360822,-3.5136635],[-45.5360904,-3.5136222],[-45.5361043,-3.5135807],[-45.5361311,-3.5135564],[-45.536159,-3.5135439],[-45.5361934,-3.513543],[-45.5362337,-3.5135421],[-45.5362854,-3.5135409],[-45.5363441,-3.5135572],[-45.5363854,-3.513574],[-45.5364324,-3.5135905],[-45.5365069,-3.5135888],[-45.5365471,-3.5135878],[-45.5366085,-3.5135568],[-45.5366641,-3.51352],[-45.5367205,-3.5134949],[-45.5367709,-3.5134639],[-45.5368102,-3.5134391],[-45.5368315,-3.5133966],[-45.53683,-3.5133606],[-45.5368048,-3.5133129],[-45.5367741,-3.5132772],[-45.5367663,-3.5132348],[-45.5367647,-3.5131981],[-45.5367546,-3.5131061],[-45.5367566,-3.5130192],[-45.536767,-3.5129877],[-45.536789,-3.5129496],[-45.536829,-3.5129173],[-45.5368579,-3.5128977],[-45.5368984,-3.5128715],[-45.5369331,-3.5128453],[-45.5369796,-3.5128125],[-45.5370089,-3.5127991],[-45.537074,-3.5127848],[-45.5371215,-3.5127773],[-45.537199,-3.5127755],[-45.5372526,-3.5127742],[-45.5373241,-3.5127725],[-45.5373717,-3.5127714],[-45.5374611,-3.5127693],[-45.5375385,-3.5127611],[-45.5375802,-3.5127537],[-45.5376219,-3.51274],[-45.5376875,-3.5127128],[-45.5377174,-3.5126929],[-45.5377533,-3.5126792],[-45.5377834,-3.5126399],[-45.5378016,-3.5126007],[-45.5378018,-3.5125618],[-45.537802,-3.5125227],[-45.5377903,-3.5124576],[-45.5377784,-3.5124119],[-45.5377665,-3.5123791],[-45.5377666,-3.5123527],[-45.5377545,-3.5123198],[-45.5377546,-3.5122998],[-45.5377303,-3.5122537],[-45.537706,-3.512214],[-45.5376693,-3.512188],[-45.5376263,-3.5121485],[-45.5375955,-3.5121289],[-45.5375647,-3.5121093],[-45.53754,-3.5120896],[-45.5375277,-3.512083],[-45.5374782,-3.512057],[-45.5374242,-3.512045],[-45.5373606,-3.5120256],[-45.537286,-3.5119999],[-45.5371987,-3.5119676],[-45.5371738,-3.5119613],[-45.5371047,-3.5119285],[-45.5370669,-3.5119086],[-45.5370042,-3.5118893],[-45.5368983,-3.5118849],[-45.5368477,-3.5118652],[-45.5368223,-3.5118519],[-45.5367968,-3.5118386],[-45.5367517,-3.5118047],[-45.5367252,-3.5117703],[-45.5367108,-3.5117285],[-45.5366976,-3.5117147],[-45.5366862,-3.5116016],[-45.5366713,-3.5115519],[-45.536669,-3.5115018],[-45.5366674,-3.5114658],[-45.5366831,-3.5113931],[-45.5367124,-3.5113342],[-45.5367242,-3.511312],[-45.5367853,-3.5112446],[-45.5368229,-3.5112216],[-45.536879,-3.511176],[-45.5369299,-3.51116],[-45.5369486,-3.5111447],[-45.5370116,-3.5110986],[-45.5370427,-3.5110606],[-45.5371183,-3.5110494],[-45.5372027,-3.5110368],[-45.5372019,-3.5109963],[-45.537211,-3.5109555],[-45.5372198,-3.5109043],[-45.5372479,-3.5108322],[-45.5372664,-3.5107702],[-45.5372755,-3.5107289],[-45.5372747,-3.5106774],[-45.5372839,-3.5106359],[-45.5372821,-3.5105218],[-45.5372806,-3.510428],[-45.5372793,-3.5103443],[-45.5372779,-3.5102907],[-45.5372504,-3.5102428],[-45.5372343,-3.5101523],[-45.5372289,-3.5100533],[-45.537194,-3.5099731],[-45.537135,-3.5098715],[-45.5370921,-3.5097886],[-45.5370412,-3.5097058],[-45.5369769,-3.5095989],[-45.5369208,-3.5095081],[-45.53687,-3.5094254],[-45.5368367,-3.509298],[-45.5368638,-3.5091112],[-45.536894,-3.5090358],[-45.5369452,-3.5089604],[-45.5370117,-3.5089031],[-45.5370814,-3.5088608],[-45.5371817,-3.5088365],[-45.5372817,-3.5088364],[-45.5373664,-3.5088604],[-45.5374722,-3.5089115],[-45.5375325,-3.5089867],[-45.53762,-3.5090679],[-45.5377772,-3.5090887],[-45.5378919,-3.5090704],[-45.5379945,-3.5090701],[-45.538053,-3.5090853],[-45.5380795,-3.5090922],[-45.5381225,-3.5091328],[-45.5381699,-3.5092118],[-45.538206,-3.509275],[-45.5382649,-3.50932],[-45.5383419,-3.5093311],[-45.5384348,-3.5093241],[-45.5385321,-3.5093148],[-45.5386135,-3.5093056],[-45.5387061,-3.5092965],[-45.5387896,-3.5093032],[-45.5388731,-3.5093009],[-45.5389747,-3.5092807],[-45.5390537,-3.509247],[-45.5390763,-3.5091951],[-45.5391057,-3.5091365],[-45.5391962,-3.509105],[-45.5392845,-3.5090869],[-45.5393847,-3.5090602],[-45.5394995,-3.5089996],[-45.539557,-3.5089693],[-45.539682,-3.5088985],[-45.5397881,-3.5088377],[-45.539875,-3.5087967],[-45.5399232,-3.508776],[-45.5400605,-3.508728],[-45.5402078,-3.508696],[-45.5404012,-3.5086738],[-45.5404826,-3.5086458],[-45.540533,-3.5085926],[-45.5405807,-3.5085114],[-45.540589,-3.508433],[-45.5405721,-3.5083574],[-45.5405243,-3.5082453],[-45.5404794,-3.5081304],[-45.5404345,-3.5080183],[-45.5404401,-3.5079147],[-45.5404876,-3.5078225],[-45.5405218,-3.5077393],[-45.5405442,-3.5076769],[-45.5406069,-3.5075926],[-45.5406694,-3.5075183],[-45.5407535,-3.5074119],[-45.5410828,-3.5070579],[-45.5411306,-3.5070186],[-45.5411595,-3.5069797],[-45.5412078,-3.5069212],[-45.5413044,-3.5068228],[-45.5413624,-3.5067732],[-45.5414108,-3.5067333],[-45.5414595,-3.5066837],[-45.5414988,-3.5066342],[-45.5415677,-3.5065546],[-45.5415974,-3.5065147],[-45.5416273,-3.5064748],[-45.5416374,-3.5064549],[-45.541685,-3.5064062],[-45.5417276,-3.5063401],[-45.5418288,-3.5062],[-45.5420034,-3.5060002],[-45.5421498,-3.5058602],[-45.5422675,-3.5056727],[-45.54231,-3.5055738],[-45.5423806,-3.5054941],[-45.5424048,-3.5054162],[-45.5423955,-3.5053496],[-45.542375,-3.5052996],[-45.5423322,-3.5052572],[-45.5423136,-3.5051684],[-45.5422913,-3.5050777],[-45.5422411,-3.5049984],[-45.5421947,-3.5049654],[-45.5421242,-3.504909],[-45.5420677,-3.5048529],[-45.5420299,-3.504825],[-45.5419541,-3.5047498],[-45.5419066,-3.5046929],[-45.541856,-3.5046427],[-45.5418303,-3.5046171],[-45.5417823,-3.5045599],[-45.5416797,-3.504344],[-45.5416024,-3.5041901],[-45.5415425,-3.5040857],[-45.5414683,-3.5039496],[-45.5414128,-3.5037422],[-45.5414011,-3.5036084],[-45.5414153,-3.5035012],[-45.5414273,-3.5033605],[-45.5414602,-3.5032463],[-45.541514,-3.5031799],[-45.5415275,-3.5031038],[-45.5415459,-3.5030465],[-45.5415857,-3.502982],[-45.5416206,-3.5029115],[-45.5416053,-3.5028438],[-45.5416137,-3.5027377],[-45.5416569,-3.5026715],[-45.5416674,-3.5026554],[-45.5417262,-3.5025803],[-45.5417912,-3.5024976],[-45.5418178,-3.502379],[-45.5418702,-3.5022889],[-45.541943,-3.5022222],[-45.5420236,-3.5021684],[-45.5421323,-3.5021071],[-45.5422302,-3.5020581],[-45.5423461,-3.5020143],[-45.542426,-3.5020039],[-45.5425368,-3.5019833],[-45.5426063,-3.5019498],[-45.5426939,-3.5019163],[-45.5427918,-3.5019007],[-45.5428743,-3.5018981],[-45.542967,-3.5018929],[-45.5430856,-3.5018851],[-45.5431914,-3.5018796],[-45.5433,-3.5018612],[-45.5433751,-3.5018324],[-45.543444,-3.5017574],[-45.543519,-3.5016869],[-45.5435963,-3.5015627],[-45.543611,-3.5014669],[-45.5435919,-3.5013878],[-45.5435655,-3.5013327],[-45.5434956,-3.5013039],[-45.5433751,-3.5012559],[-45.5432812,-3.5012391],[-45.5431393,-3.5012055],[-45.5429975,-3.5011863],[-45.5429523,-3.501171],[-45.5428702,-3.5011432],[-45.5427117,-3.5010643],[-45.5426036,-3.5009901],[-45.542462,-3.5009519],[-45.5423373,-3.5008928],[-45.5423108,-3.5008802],[-45.5420955,-3.5007872],[-45.5420633,-3.5007713],[-45.5418014,-3.5006422],[-45.5415412,-3.5005007],[-45.5413148,-3.500393],[-45.5410822,-3.500279],[-45.5409232,-3.5001996],[-45.5408397,-3.5000768],[-45.5407561,-3.4999659],[-45.5406994,-3.4997935],[-45.5406916,-3.4996498],[-45.5406876,-3.4995061],[-45.5407331,-3.4993732],[-45.5407825,-3.4992554],[-45.5408621,-3.499153],[-45.5409491,-3.499081],[-45.5410777,-3.4989977],[-45.5412141,-3.4989182],[-45.5413696,-3.4988765],[-45.5414721,-3.4988802],[-45.5416123,-3.4988763],[-45.5417237,-3.4988728],[-45.5418619,-3.4988549],[-45.5419173,-3.4988536],[-45.5420417,-3.498836],[-45.5421524,-3.4988334],[-45.5422216,-3.4988318],[-45.5422908,-3.4988447],[-45.5423233,-3.4988516],[-45.5424153,-3.498871],[-45.5425396,-3.4989118],[-45.54265,-3.4989237],[-45.5427466,-3.498936],[-45.5428155,-3.4989489],[-45.542926,-3.4989463],[-45.5430784,-3.498899],[-45.5431337,-3.4988977],[-45.5431615,-3.4988825],[-45.5432862,-3.4988649],[-45.5433553,-3.4988633],[-45.5433832,-3.498848],[-45.5434673,-3.4987876],[-45.5434823,-3.4987287],[-45.543556,-3.4985212],[-45.5435851,-3.4984614],[-45.5436735,-3.4982516],[-45.5437319,-3.4981458],[-45.5437757,-3.4980699],[-45.543792,-3.4979795],[-45.5438228,-3.4978734],[-45.5438802,-3.4977564],[-45.5439915,-3.4976439],[-45.5441814,-3.4975312],[-45.5443339,-3.4974282],[-45.544399,-3.4972841],[-45.5443998,-3.4971264],[-45.5443731,-3.4969175],[-45.544367,-3.4967309],[-45.5443343,-3.4966252],[-45.5443698,-3.4964919],[-45.5443652,-3.4963692],[-45.5442973,-3.4962762],[-45.5441745,-3.496289],[-45.544056,-3.4962933],[-45.543912,-3.4962934],[-45.5438485,-3.4962724],[-45.5437806,-3.496116],[-45.5437297,-3.4959935],[-45.5436153,-3.4959471],[-45.5434713,-3.4958965],[-45.54334,-3.4958924],[-45.5431748,-3.4958545],[-45.5427639,-3.4956731],[-45.5423988,-3.4954864],[-45.5422899,-3.4954299],[-45.5421764,-3.4953733],[-45.542163,-3.4953583],[-45.5421009,-3.4952885],[-45.5420302,-3.4951848],[-45.5419453,-3.4951048],[-45.5418558,-3.495039],[-45.5416955,-3.4949403],[-45.541606,-3.4948698],[-45.5414708,-3.4947464],[-45.5413589,-3.4946393],[-45.5412567,-3.4944788],[-45.5411786,-3.4942845],[-45.5411295,-3.4941047],[-45.5411436,-3.4939687],[-45.5412064,-3.4938617],[-45.5413179,-3.4937546],[-45.5414248,-3.4936425],[-45.5414591,-3.4934818],[-45.5414252,-3.493336],[-45.5414155,-3.4931802],[-45.5413819,-3.4930714],[-45.5413882,-3.4929557],[-45.5413944,-3.4928169],[-45.5413907,-3.4926911],[-45.5413936,-3.4925786],[-45.5414199,-3.4924692],[-45.5414798,-3.4924625],[-45.5415598,-3.4925054],[-45.5416398,-3.4925384],[-45.5417462,-3.4925713],[-45.5418592,-3.4925876],[-45.5419488,-3.4925742],[-45.5420384,-3.4925906],[-45.5420619,-3.4925905],[-45.5421312,-3.4925904],[-45.5422373,-3.4925738],[-45.5423434,-3.4925275],[-45.5424196,-3.4924778],[-45.5425198,-3.4924421],[-45.5426436,-3.4923946],[-45.5427143,-3.4923415],[-45.5427673,-3.4922885],[-45.542779,-3.492224],[-45.5427613,-3.4921596],[-45.5427229,-3.4921126],[-45.542661,-3.4920831],[-45.5425902,-3.4920507],[-45.5425282,-3.4919949],[-45.5424898,-3.4919509],[-45.5424897,-3.4918979],[-45.5425339,-3.4918508],[-45.5426165,-3.4918271],[-45.5426843,-3.4918211],[-45.5427669,-3.49183],[-45.5428554,-3.4918123],[-45.5429203,-3.4917268],[-45.5429438,-3.4916414],[-45.5429205,-3.4915505],[-45.5428657,-3.4914448],[-45.5428438,-3.4913685],[-45.5429021,-3.4913029],[-45.5429896,-3.4912592],[-45.5431028,-3.4911754],[-45.5432087,-3.4910917],[-45.5433073,-3.4910224],[-45.5433841,-3.4909386],[-45.5434205,-3.4908546],[-45.5433908,-3.4907598],[-45.5433541,-3.4907015],[-45.5433173,-3.490636],[-45.5433061,-3.490545],[-45.543356,-3.4904849],[-45.543394,-3.4903769],[-45.5433713,-3.490249],[-45.5433153,-3.4901768],[-45.5431867,-3.4901048],[-45.54314,-3.4900815],[-45.5430863,-3.4900548],[-45.5431141,-3.4899545],[-45.5432258,-3.4898818],[-45.5416882,-3.487975],[-45.5419437,-3.4853848],[-45.5422404,-3.4850215],[-45.5421895,-3.4849764],[-45.5045231,-3.4510606],[-45.5003304,-3.4477102],[-45.484155,-3.4356506],[-45.4654903,-3.4189634],[-45.4451031,-3.4003496],[-45.4440898,-3.3994245],[-45.4442798,-3.3990175],[-45.4444698,-3.3986106],[-45.4490847,-3.3887234],[-45.459644,-3.3674977],[-45.46031,-3.3661586],[-45.4776395,-3.3313163],[-45.4836648,-3.3190468],[-45.4903245,-3.3068172],[-45.4940497,-3.3032665],[-45.500322,-3.2987946],[-45.5004406,-3.2990894],[-45.5005591,-3.2993843],[-45.5098191,-3.2977104],[-45.5188368,-3.293646],[-45.5228723,-3.29251],[-45.5377076,-3.2865932],[-45.5521847,-3.2794829],[-45.5589473,-3.2730311],[-45.5645237,-3.2649696],[-45.5705191,-3.2569075],[-45.5707094,-3.2566516],[-45.5793471,-3.2422447],[-45.5797026,-3.2408444],[-45.5078143,-3.2718075],[-45.4508688,-3.2963352],[-45.4506527,-3.2965253],[-45.4257072,-3.3182085],[-45.4046281,-3.3366317],[-45.3906046,-3.3488519],[-45.39041,-3.349021],[-45.3763706,-3.3580033],[-45.3693186,-3.3625156],[-45.3637973,-3.3660475],[-45.363585,-3.3661833],[-45.3622211,-3.3640403],[-45.361017,-3.3628288],[-45.3606661,-3.3624104],[-45.3604227,-3.3622683],[-45.3602416,-3.3621441],[-45.3597644,-3.3618177],[-45.3592009,-3.3614833],[-45.3589007,-3.3611021],[-45.3584999,-3.3604892],[-45.3581416,-3.3596405],[-45.358044,-3.3591191],[-45.3581579,-3.3585872],[-45.3580679,-3.3580379],[-45.3574775,-3.3563507],[-45.3574242,-3.3558632],[-45.3573578,-3.3555463],[-45.3570828,-3.3553064],[-45.3563835,-3.3549834],[-45.3558483,-3.3547043],[-45.3554665,-3.3545809],[-45.3549911,-3.3541208],[-45.3545897,-3.3538602],[-45.353647,-3.353876],[-45.3527335,-3.3536347],[-45.3515443,-3.3536519],[-45.3511306,-3.3536347],[-45.3508213,-3.3534853],[-45.3504797,-3.3530696],[-45.350431,-3.352987],[-45.3504511,-3.3527567],[-45.3504565,-3.3524471],[-45.3502039,-3.3518249],[-45.3499737,-3.3517415],[-45.3496248,-3.3514966],[-45.3486476,-3.351169],[-45.3478902,-3.3504849],[-45.3471061,-3.3499277],[-45.3453965,-3.3484397],[-45.3450863,-3.348045],[-45.3450108,-3.3477497],[-45.3444307,-3.3467006],[-45.34418,-3.3464689],[-45.3438816,-3.3460081],[-45.3436606,-3.3457692],[-45.3433683,-3.3455892],[-45.3430634,-3.345264],[-45.3424931,-3.3445069],[-45.3423368,-3.3440892],[-45.342049,-3.3439065],[-45.3415322,-3.3433646],[-45.3404239,-3.342393],[-45.3394102,-3.3416345],[-45.3392817,-3.3415455],[-45.3387668,-3.3411959],[-45.3384483,-3.3409017],[-45.3382262,-3.3408929],[-45.3379206,-3.3409436],[-45.3375109,-3.3408673],[-45.3371818,-3.3409356],[-45.3366582,-3.3410734],[-45.3363336,-3.3410315],[-45.3358835,-3.3409275],[-45.3353161,-3.3407097],[-45.3224574,-3.3459642],[-45.3211353,-3.3465045],[-45.3074418,-3.3521001],[-45.3063055,-3.3525645],[-45.3013085,-3.3546064],[-45.2962283,-3.3566824],[-45.2904461,-3.3590452],[-45.2665566,-3.3688073],[-45.2616189,-3.3708251],[-45.2603384,-3.3713483],[-45.2616476,-3.3750303],[-45.2622762,-3.3799694],[-45.2635334,-3.3847289],[-45.2657785,-3.3892189],[-45.2717053,-3.3924518],[-45.250513,-3.3955918],[-45.2501397,-3.3956471],[-45.2047334,-3.4023747],[-45.2043674,-3.4024289],[-45.083523,-3.4203337],[-45.0832169,-3.4205903],[-45.0829032,-3.4210062],[-45.082865,-3.4210569],[-45.0825887,-3.4214233],[-45.0824876,-3.4215978],[-45.0821127,-3.4222443],[-45.0819296,-3.4228763],[-45.0819235,-3.4235212],[-45.0819174,-3.4241661],[-45.0817982,-3.4253247],[-45.0815115,-3.4261226],[-45.0810571,-3.4268903],[-45.0804163,-3.4275444],[-45.0798009,-3.4277748],[-45.0789156,-3.4281703],[-45.0783962,-3.4286386],[-45.0781629,-3.4290829],[-45.0782191,-3.429896],[-45.0788209,-3.4311539],[-45.0799481,-3.4327484],[-45.0805427,-3.4339771],[-45.0811386,-3.4346121],[-45.0815447,-3.4348261],[-45.0819508,-3.4350402],[-45.083284,-3.4355316],[-45.0843928,-3.4359524],[-45.085017,-3.4363704],[-45.0851062,-3.4369641],[-45.0849671,-3.4378137],[-45.0842376,-3.4392037],[-45.0826553,-3.4410486],[-45.080673,-3.4426072],[-45.0789033,-3.4437801],[-45.0786262,-3.4440164],[-45.0783491,-3.4442527],[-45.0778897,-3.4449567],[-45.077675,-3.4459471],[-45.0773475,-3.4474587],[-45.0771132,-3.4481041],[-45.0766602,-3.4489847],[-45.0760116,-3.4497435],[-45.075062,-3.4503021],[-45.0743333,-3.4508352],[-45.0738921,-3.4513389],[-45.0739444,-3.4519562],[-45.0741439,-3.4524758],[-45.0745653,-3.4529944],[-45.0748443,-3.4532024],[-45.0753408,-3.4535724],[-45.0771527,-3.4555392],[-45.078135,-3.4564986],[-45.0786821,-3.4570331],[-45.0798514,-3.4584432],[-45.0815172,-3.4593103],[-45.0829348,-3.4590117],[-45.0839942,-3.4572836],[-45.0841539,-3.4546519],[-45.0844618,-3.4533958],[-45.0846262,-3.4512332],[-45.0872994,-3.4503439],[-45.088683,-3.450691],[-45.088799,-3.4533745],[-45.0863826,-3.4569145],[-45.0862973,-3.4591913],[-45.0867152,-3.4608768],[-45.0871601,-3.4632346],[-45.0882928,-3.4669953],[-45.0889099,-3.4685558],[-45.0907956,-3.4691006],[-45.0936828,-3.4681447],[-45.0927088,-3.4646382],[-45.0931824,-3.4628037],[-45.0942691,-3.4615093],[-45.0954747,-3.4604107],[-45.0977437,-3.4603943],[-45.0981288,-3.462412],[-45.0978238,-3.4644107],[-45.0967133,-3.4666012],[-45.0951339,-3.4682101],[-45.0941573,-3.4705081],[-45.0948012,-3.4718982],[-45.0967407,-3.4722827],[-45.0986022,-3.4724359],[-45.1002421,-3.4732849],[-45.100631,-3.4748934],[-45.1016541,-3.4770118],[-45.1025751,-3.4780284],[-45.1039969,-3.4770051],[-45.1059368,-3.4753433],[-45.10726,-3.4754146],[-45.1071542,-3.4755647],[-45.1043702,-3.479499],[-45.1032235,-3.48237],[-45.1045325,-3.4855625],[-45.1081361,-3.4875586],[-45.111244,-3.4896314],[-45.1143549,-3.4918651],[-45.1174648,-3.4944973],[-45.119923,-3.4981708],[-45.1225421,-3.5016805],[-45.1254874,-3.5049484],[-45.128432,-3.5078232],[-45.1297412,-3.5086184],[-45.1289676,-3.5087639],[-45.127616,-3.5090184],[-45.1256499,-3.5102947],[-45.1245065,-3.5131668],[-45.1259783,-3.5142834],[-45.1276144,-3.5167554],[-45.1249972,-3.5220273],[-45.1238514,-3.5256106],[-45.1199254,-3.5267334],[-45.1184515,-3.5284888],[-45.1186154,-3.5322346],[-45.1197614,-3.5355884],[-45.1204154,-3.5379797],[-45.1225459,-3.5428505],[-45.122872,-3.5457221],[-45.1215638,-3.5520276],[-45.121728,-3.5544169],[-45.1230376,-3.5571326],[-45.1228745,-3.5597654],[-45.1227113,-3.5607236],[-45.1238565,-3.561999],[-45.1243464,-3.5632745],[-45.1238475,-3.5647022],[-45.1226652,-3.5672609],[-45.1232322,-3.5676461],[-45.1241059,-3.5686929],[-45.1250397,-3.5702317],[-45.1261194,-3.5713064],[-45.1268197,-3.5727894],[-45.1269963,-3.5744407],[-45.1265292,-3.5764773],[-45.1258892,-3.5786212],[-45.1255994,-3.5803816],[-45.1259175,-3.5817295],[-45.1269715,-3.5826672],[-45.127961,-3.5833783],[-45.1302955,-3.5838734],[-45.130822,-3.5848088],[-45.1300049,-3.5861852],[-45.1300635,-3.5872831],[-45.1309391,-3.5883237],[-45.1319012,-3.5885224],[-45.1352317,-3.5887966],[-45.1366312,-3.5891827],[-45.1401623,-3.5911327],[-45.1413311,-3.5920143],[-45.1419745,-3.5936104],[-45.1425585,-3.5945445],[-45.1434908,-3.5955892],[-45.1444259,-3.5959745],[-45.1448922,-3.5965241],[-45.1459436,-3.597074],[-45.1477828,-3.5970452],[-45.1502344,-3.5975416],[-45.1519273,-3.5983104],[-45.1528039,-3.5989694],[-45.1536793,-3.6001253],[-45.1540298,-3.6007328],[-45.1547311,-3.6010059],[-45.1554337,-3.6015051],[-45.155869,-3.6021903],[-45.1564535,-3.6034543],[-45.1570367,-3.6041132],[-45.1582042,-3.6043881],[-45.1604224,-3.604169],[-45.1615915,-3.6042786],[-45.1623493,-3.6049365],[-45.163255,-3.6070544],[-45.1634302,-3.6083761],[-45.1628463,-3.611402],[-45.162847,-3.6140966],[-45.1633147,-3.6145917],[-45.163899,-3.6148664],[-45.1657367,-3.6143434],[-45.1679561,-3.6140127],[-45.168714,-3.6142881],[-45.1691238,-3.6150044],[-45.169124,-3.6174791],[-45.1696494,-3.6182501],[-45.1700579,-3.6183587],[-45.1708754,-3.6182477],[-45.1721293,-3.6172311],[-45.1732967,-3.6161305],[-45.1744065,-3.615302],[-45.1756336,-3.615195],[-45.1766839,-3.6155796],[-45.1777343,-3.6165139],[-45.1780278,-3.6176133],[-45.1781442,-3.6191544],[-45.1784652,-3.6206661],[-45.1789321,-3.6214366],[-45.1801579,-3.6223735],[-45.1805683,-3.6230317],[-45.1809178,-3.6240218],[-45.1817946,-3.6248471],[-45.1830195,-3.6255078],[-45.1850042,-3.6258917],[-45.186377,-3.6256994],[-45.1874269,-3.6252036],[-45.1895302,-3.6245983],[-45.1906379,-3.6245428],[-45.1929157,-3.6254229],[-45.1941992,-3.6258071],[-45.1946765,-3.6257822],[-45.1948008,-3.6257753],[-45.1989013,-3.6255601],[-45.2002416,-3.625835],[-45.2021689,-3.6266598],[-45.2033961,-3.6273741],[-45.2051181,-3.6292159],[-45.2065772,-3.6301497],[-45.2083295,-3.6314707],[-45.2092049,-3.633451],[-45.20979,-3.6352103],[-45.2103509,-3.6361239],[-45.2113944,-3.636832],[-45.2134401,-3.6388129],[-45.215365,-3.6394178],[-45.2160663,-3.6399681],[-45.2168833,-3.6404613],[-45.2188983,-3.6405997],[-45.2209416,-3.6418092],[-45.2221681,-3.6429651],[-45.2231021,-3.6434586],[-45.2256734,-3.6440645],[-45.2264883,-3.6447785],[-45.227104,-3.6457955],[-45.2276857,-3.647335],[-45.2278619,-3.6486551],[-45.2277465,-3.649867],[-45.227804,-3.6513505],[-45.2280383,-3.6523423],[-45.2290877,-3.6529996],[-45.229965,-3.6532209],[-45.2306656,-3.6531105],[-45.2318035,-3.6526424],[-45.2328549,-3.6526437],[-45.2339652,-3.6529718],[-45.2346639,-3.6534121],[-45.23554,-3.6544029],[-45.2360669,-3.6564926],[-45.2360669,-3.6581427],[-45.235746,-3.6596556],[-45.2349307,-3.661196],[-45.234697,-3.6623522],[-45.2349892,-3.663947],[-45.2350298,-3.6671538],[-45.2350483,-3.6685681],[-45.2356611,-3.6699703],[-45.2361279,-3.6707401],[-45.2369457,-3.6716196],[-45.2381145,-3.6722245],[-45.2385237,-3.6727201],[-45.2392244,-3.6738738],[-45.2404519,-3.6773934],[-45.2407138,-3.6775864],[-45.2411811,-3.6796791],[-45.2419412,-3.6808325],[-45.2428169,-3.6814918],[-45.2448019,-3.6817659],[-45.2458529,-3.6825359],[-45.2472258,-3.683993],[-45.2491534,-3.6867981],[-45.2499701,-3.6877885],[-45.2502639,-3.6886683],[-45.2504402,-3.6916951],[-45.2506726,-3.6932349],[-45.2511694,-3.6939773],[-45.2515786,-3.6941967],[-45.252337,-3.6939771],[-45.2533875,-3.6939775],[-45.2544384,-3.6948558],[-45.2557783,-3.6951862],[-45.2563652,-3.6949121],[-45.2573013,-3.693921],[-45.2583193,-3.6922985],[-45.2585537,-3.6912531],[-45.2594293,-3.6900968],[-45.2603629,-3.6892719],[-45.261296,-3.6889422],[-45.2625099,-3.6889942],[-45.2626619,-3.6890386],[-45.2634569,-3.6892708],[-45.265589,-3.691058],[-45.2696756,-3.693752],[-45.2742605,-3.6960334],[-45.2753105,-3.6963628],[-45.2769705,-3.6964586],[-45.2779971,-3.6964176],[-45.2793402,-3.6966927],[-45.2807998,-3.6972969],[-45.2823192,-3.6982317],[-45.2832811,-3.6991931],[-45.2838671,-3.7002931],[-45.284041,-3.7015589],[-45.2842771,-3.7049156],[-45.2845124,-3.7060684],[-45.2864095,-3.7089567],[-45.2865267,-3.7099467],[-45.2865261,-3.7111017],[-45.2861178,-3.7126971],[-45.2860603,-3.7139625],[-45.2861191,-3.7153926],[-45.2864109,-3.7161089],[-45.2876981,-3.7177566],[-45.2882213,-3.7182007],[-45.3030725,-3.7088026],[-45.308442,-3.7054046],[-45.3167752,-3.7001312],[-45.3217503,-3.6969829],[-45.3237434,-3.6957216],[-45.323434,-3.6847875],[-45.3307184,-3.6732918]]]]}},{"type":"Feature","properties":{"fid":61,"CD_MUN":"2105153","NM_MUN":"Igarapé do Meio","CD_RGI":"210009","NM_RGI":"Santa Inês","CD_RGINT":"2102","NM_RGINT":"Santa Inês - Bacabal","CD_UF":"21","NM_UF":"Maranhão","SIGLA_UF":"MA","CD_REGIAO":"2","NM_REGIAO":"Nordeste","SIGLA_RG":"NE","CD_CONCURB":null,"NM_CONCURB":null,"AREA_KM2":368.703},"geometry":{"type":"MultiPolygon","coordinates":[[[[-45.0856733,-3.721609],[-45.0865119,-3.721764],[-45.0865116,-3.7218007],[-45.0865964,-3.7218122],[-45.0866973,-3.7218257],[-45.0867889,-3.7218381],[-45.086872,-3.7218493],[-45.0869465,-3.7218594],[-45.0870126,-3.7218685],[-45.0870755,-3.7218778],[-45.0871352,-3.7218874],[-45.0871917,-3.7218972],[-45.0872451,-3.7219073],[-45.087297,-3.7219184],[-45.0873475,-3.7219305],[-45.0873966,-3.7219435],[-45.0874443,-3.7219575],[-45.0874994,-3.7219763],[-45.087562,-3.7219997],[-45.0876321,-3.7220279],[-45.0877097,-3.7220608],[-45.0877829,-3.7220946],[-45.0878519,-3.7221293],[-45.0879166,-3.7221648],[-45.0879769,-3.7222013],[-45.0880359,-3.7222412],[-45.0880936,-3.7222846],[-45.0881498,-3.7223315],[-45.0882047,-3.7223818],[-45.0882529,-3.7224277],[-45.0882946,-3.7224692],[-45.0883296,-3.7225062],[-45.088358,-3.7225387],[-45.0883842,-3.7225729],[-45.0884082,-3.7226088],[-45.08843,-3.7226464],[-45.0884496,-3.7226857],[-45.0884672,-3.7227252],[-45.0884828,-3.7227649],[-45.0884903,-3.722787],[-45.0884964,-3.7228048],[-45.0885079,-3.7228448],[-45.0885146,-3.7228741],[-45.0885103,-3.7229438],[-45.0885412,-3.7229564],[-45.0885289,-3.7229579],[-45.088532,-3.722982],[-45.0885365,-3.7230334],[-45.0885389,-3.7230875],[-45.0885392,-3.7231443],[-45.0885373,-3.7232039],[-45.0885334,-3.7232661],[-45.0885273,-3.7233297],[-45.0885192,-3.7233947],[-45.088509,-3.723461],[-45.0884968,-3.7235287],[-45.0884846,-3.7235935],[-45.0884726,-3.7236555],[-45.0884661,-3.7236796],[-45.0884625,-3.7237119],[-45.0884679,-3.7237728],[-45.0884489,-3.7237698],[-45.0884371,-3.7238212],[-45.0884259,-3.7238659],[-45.088415,-3.7239049],[-45.0884044,-3.7239381],[-45.0883899,-3.7239757],[-45.0883714,-3.7240177],[-45.0883488,-3.7240641],[-45.0883223,-3.7241149],[-45.0882907,-3.7241683],[-45.0882539,-3.7242243],[-45.0882119,-3.724283],[-45.0881648,-3.7243443],[-45.0881215,-3.7243997],[-45.0880821,-3.7244493],[-45.0880466,-3.7244929],[-45.0880149,-3.7245307],[-45.0879825,-3.7245678],[-45.0879493,-3.7246044],[-45.0879155,-3.7246403],[-45.0878809,-3.7246756],[-45.0878512,-3.7247107],[-45.0878263,-3.7247455],[-45.0878063,-3.72478],[-45.0877911,-3.7248143],[-45.0877791,-3.7248487],[-45.0877704,-3.7248831],[-45.0877648,-3.7249176],[-45.0877624,-3.7249521],[-45.087761,-3.7249857],[-45.0877605,-3.7250184],[-45.0877609,-3.7250501],[-45.0877623,-3.7250809],[-45.087767,-3.7251201],[-45.0877752,-3.7251675],[-45.0877868,-3.7252231],[-45.0878018,-3.7252871],[-45.0878199,-3.7253609],[-45.087841,-3.7254445],[-45.0878652,-3.7255379],[-45.0878924,-3.7256411],[-45.0879187,-3.7257381],[-45.0879441,-3.7258287],[-45.0879686,-3.725913],[-45.0879923,-3.725991],[-45.0880179,-3.7260727],[-45.0880456,-3.7261581],[-45.0880752,-3.7262472],[-45.0881069,-3.72634],[-45.0881353,-3.7264209],[-45.0881606,-3.72649],[-45.0881826,-3.7265473],[-45.0882014,-3.7265928],[-45.0882204,-3.7266361],[-45.0882398,-3.7266773],[-45.0882595,-3.7267165],[-45.0882795,-3.7267535],[-45.0882987,-3.7267894],[-45.0883172,-3.7268241],[-45.088335,-3.7268577],[-45.0883521,-3.7268901],[-45.0883702,-3.7269251],[-45.0883893,-3.7269627],[-45.0884095,-3.7270029],[-45.0884308,-3.7270457],[-45.0884514,-3.7270881],[-45.0884714,-3.7271301],[-45.0884908,-3.7271716],[-45.0885095,-3.7272128],[-45.0885262,-3.7272512],[-45.0885409,-3.7272867],[-45.0885537,-3.7273195],[-45.0885645,-3.7273494],[-45.0885744,-3.7273783],[-45.0885836,-3.7274062],[-45.0885918,-3.7274331],[-45.0885993,-3.7274589],[-45.0886059,-3.7274842],[-45.0886118,-3.7275089],[-45.0886168,-3.7275331],[-45.088621,-3.7275568],[-45.0886245,-3.7275817],[-45.0886274,-3.7276077],[-45.0886297,-3.7276348],[-45.0886312,-3.7276631],[-45.0886322,-3.7276917],[-45.0886326,-3.7277205],[-45.0886323,-3.7277497],[-45.0886315,-3.7277791],[-45.0886299,-3.7278085],[-45.0886275,-3.7278377],[-45.0886242,-3.7278669],[-45.0886202,-3.7278959],[-45.0886163,-3.7279228],[-45.0886127,-3.7279475],[-45.0886094,-3.72797],[-45.0886062,-3.7279903],[-45.0886026,-3.7280109],[-45.0885986,-3.728032],[-45.0885942,-3.7280534],[-45.0885893,-3.7280752],[-45.0885834,-3.7280975],[-45.0885765,-3.7281204],[-45.0885685,-3.7281438],[-45.0885595,-3.7281678],[-45.0885485,-3.7281938],[-45.0885355,-3.7282219],[-45.0885204,-3.7282521],[-45.0885032,-3.7282843],[-45.088485,-3.7283176],[-45.0884657,-3.7283518],[-45.0884453,-3.728387],[-45.0884238,-3.7284232],[-45.0884019,-3.7284583],[-45.0883798,-3.7284923],[-45.0883573,-3.7285252],[-45.0883345,-3.728557],[-45.0883112,-3.7285884],[-45.0882874,-3.7286196],[-45.0882631,-3.7286505],[-45.0882382,-3.7286811],[-45.0882135,-3.7287105],[-45.0881888,-3.7287387],[-45.0881643,-3.7287658],[-45.0881398,-3.7287916],[-45.088115,-3.7288178],[-45.0880899,-3.7288442],[-45.0880644,-3.7288709],[-45.0880386,-3.7288979],[-45.0880159,-3.7289215],[-45.0879962,-3.7289418],[-45.0879796,-3.7289588],[-45.087966,-3.7289725],[-45.0879529,-3.7289856],[-45.0879402,-3.7289981],[-45.087928,-3.7290099],[-45.0879162,-3.7290212],[-45.0879042,-3.7290322],[-45.087892,-3.729043],[-45.0878795,-3.7290536],[-45.0878669,-3.7290639],[-45.0878528,-3.7290752],[-45.0878372,-3.7290876],[-45.0878202,-3.7291009],[-45.0878018,-3.7291152],[-45.0877809,-3.7291316],[-45.0877574,-3.7291499],[-45.0877314,-3.7291701],[-45.0877028,-3.7291924],[-45.0876535,-3.7292287],[-45.0875834,-3.7292791],[-45.0874926,-3.7293434],[-45.0873811,-3.7294218],[-45.087283,-3.729493],[-45.0871985,-3.7295571],[-45.0871274,-3.7296141],[-45.0870699,-3.7296638],[-45.0870231,-3.7297053],[-45.0869873,-3.7297385],[-45.0869622,-3.7297633],[-45.086948,-3.7297798],[-45.0869342,-3.7297973],[-45.0869211,-3.7298158],[-45.0869084,-3.7298352],[-45.0868963,-3.7298557],[-45.0868848,-3.7298786],[-45.086874,-3.7299041],[-45.0868639,-3.729932],[-45.0868544,-3.7299624],[-45.0868462,-3.7299911],[-45.0868391,-3.7300179],[-45.0868332,-3.730043],[-45.0868285,-3.7300663],[-45.086825,-3.7300912],[-45.0868226,-3.7301176],[-45.0868213,-3.7301456],[-45.0868212,-3.7301752],[-45.0868217,-3.7302031],[-45.0868226,-3.7302293],[-45.0868241,-3.7302537],[-45.0868261,-3.7302764],[-45.0868323,-3.7303051],[-45.0868427,-3.7303399],[-45.0868574,-3.7303807],[-45.0868763,-3.7304275],[-45.0869057,-3.7304908],[-45.0869457,-3.7305708],[-45.0869962,-3.7306673],[-45.0870572,-3.7307803],[-45.0871197,-3.7308983],[-45.0871836,-3.7310213],[-45.0872234,-3.7310992],[-45.0872489,-3.7311491],[-45.0873157,-3.7312819],[-45.0873778,-3.7314066],[-45.0874351,-3.7315234],[-45.0874877,-3.7316322],[-45.0875355,-3.731733],[-45.0875818,-3.7318293],[-45.0876265,-3.7319213],[-45.0876696,-3.7320089],[-45.0877112,-3.732092],[-45.0877504,-3.732171],[-45.0877568,-3.732184],[-45.0877873,-3.7322458],[-45.0878217,-3.7323165],[-45.0878538,-3.732383],[-45.0878843,-3.7324496],[-45.0879134,-3.7325164],[-45.0879409,-3.7325833],[-45.087967,-3.7326503],[-45.0879907,-3.732712],[-45.0880121,-3.7327683],[-45.0880312,-3.7328193],[-45.088048,-3.7328649],[-45.0880654,-3.732916],[-45.0880835,-3.7329727],[-45.0881022,-3.7330348],[-45.0881216,-3.7331024],[-45.0881418,-3.7331755],[-45.0881628,-3.733254],[-45.0881846,-3.7333381],[-45.0882072,-3.7334276],[-45.0882287,-3.7335134],[-45.088249,-3.7335953],[-45.0882681,-3.7336736],[-45.0882861,-3.733748],[-45.0883023,-3.7338146],[-45.0883169,-3.7338732],[-45.0883297,-3.7339239],[-45.0883408,-3.7339666],[-45.0883517,-3.7340062],[-45.0883623,-3.7340426],[-45.0883726,-3.7340759],[-45.0883826,-3.7341059],[-45.0883924,-3.7341327],[-45.0884018,-3.7341561],[-45.088411,-3.7341761],[-45.0884198,-3.7341929],[-45.0884297,-3.7342091],[-45.0884405,-3.734225],[-45.0884523,-3.7342405],[-45.088465,-3.7342555],[-45.0884786,-3.7342706],[-45.0884931,-3.7342859],[-45.0885084,-3.7343012],[-45.0885245,-3.7343166],[-45.0885438,-3.7343309],[-45.0885661,-3.7343441],[-45.0885916,-3.7343561],[-45.0886201,-3.7343671],[-45.0886485,-3.7343762],[-45.0886767,-3.7343835],[-45.0887048,-3.7343889],[-45.0887327,-3.7343926],[-45.0887591,-3.7343946],[-45.0887841,-3.7343951],[-45.0888075,-3.7343941],[-45.0888295,-3.7343915],[-45.088854,-3.7343875],[-45.0888812,-3.7343821],[-45.0889108,-3.7343753],[-45.0889431,-3.7343671],[-45.0889767,-3.7343576],[-45.0890118,-3.7343468],[-45.0890482,-3.7343347],[-45.0890861,-3.7343213],[-45.0891303,-3.7343051],[-45.0891808,-3.7342862],[-45.0892376,-3.7342646],[-45.0893007,-3.7342403],[-45.08937,-3.7342137],[-45.0894456,-3.7341849],[-45.0895273,-3.7341538],[-45.0896152,-3.7341206],[-45.0897053,-3.734087],[-45.0897975,-3.734053],[-45.0898919,-3.7340186],[-45.0899885,-3.733984],[-45.090075,-3.733952],[-45.0901515,-3.7339228],[-45.090218,-3.7338963],[-45.0902744,-3.7338725],[-45.0903269,-3.7338489],[-45.0903753,-3.7338255],[-45.0904197,-3.7338022],[-45.09046,-3.7337792],[-45.0905087,-3.733749],[-45.0905657,-3.7337118],[-45.0906309,-3.7336674],[-45.0907063,-3.7336144],[-45.09077,-3.7335677],[-45.0908381,-3.733515],[-45.0908982,-3.7334657],[-45.0909538,-3.7334171],[-45.091001,-3.7333731],[-45.0910396,-3.7333337],[-45.0910697,-3.733299],[-45.0910912,-3.7332688],[-45.0911095,-3.733241],[-45.0911244,-3.7332154],[-45.091136,-3.7331922],[-45.0911443,-3.7331713],[-45.0911514,-3.7331512],[-45.0911575,-3.7331318],[-45.0911624,-3.7331132],[-45.0911662,-3.7330954],[-45.091169,-3.7330775],[-45.0911708,-3.7330595],[-45.0911716,-3.7330414],[-45.0911714,-3.7330233],[-45.09117,-3.7330037],[-45.0911675,-3.7329827],[-45.0911638,-3.7329603],[-45.0911591,-3.7329365],[-45.0911534,-3.7329121],[-45.0911468,-3.7328871],[-45.0911394,-3.7328616],[-45.091131,-3.7328354],[-45.0911213,-3.732807],[-45.0911102,-3.7327763],[-45.0910978,-3.7327434],[-45.0910839,-3.7327083],[-45.0910661,-3.7326676],[-45.0910442,-3.7326214],[-45.0910183,-3.7325697],[-45.0909884,-3.7325124],[-45.0909592,-3.7324592],[-45.0909306,-3.7324098],[-45.0909028,-3.7323645],[-45.0908756,-3.7323232],[-45.0908491,-3.7322849],[-45.0908231,-3.7322499],[-45.0907978,-3.7322179],[-45.0907731,-3.7321891],[-45.0907484,-3.7321614],[-45.0907239,-3.7321346],[-45.0906994,-3.7321088],[-45.0906751,-3.732084],[-45.0906491,-3.7320605],[-45.0906216,-3.7320384],[-45.0905925,-3.7320176],[-45.0905619,-3.731998],[-45.0905288,-3.7319789],[-45.0904932,-3.7319601],[-45.090455,-3.7319418],[-45.0904144,-3.7319238],[-45.090376,-3.731907],[-45.0903396,-3.7318913],[-45.0903065,-3.7318772],[-45.0902733,-3.7318635],[-45.0902366,-3.7318504],[-45.0901955,-3.7318375],[-45.0901498,-3.7318248],[-45.0900996,-3.7318124],[-45.0900509,-3.7318007],[-45.0900039,-3.7317897],[-45.0899584,-3.7317793],[-45.0899145,-3.7317697],[-45.0898749,-3.7317594],[-45.0898396,-3.7317484],[-45.0898087,-3.7317366],[-45.089782,-3.7317241],[-45.0897554,-3.731709],[-45.089729,-3.7316911],[-45.0897026,-3.7316705],[-45.0896764,-3.7316472],[-45.0896479,-3.7316181],[-45.0896173,-3.7315831],[-45.0895844,-3.7315423],[-45.0895494,-3.7314955],[-45.0895181,-3.7314515],[-45.0894906,-3.7314102],[-45.0894669,-3.7313715],[-45.0894469,-3.7313356],[-45.0894263,-3.7312965],[-45.0894052,-3.7312543],[-45.0893834,-3.731209],[-45.0893609,-3.7311605],[-45.0893409,-3.7311144],[-45.0893233,-3.7310709],[-45.0893081,-3.7310298],[-45.0892953,-3.7309913],[-45.0892852,-3.7309545],[-45.0892778,-3.7309195],[-45.089273,-3.7308862],[-45.089271,-3.7308548],[-45.0892709,-3.7308237],[-45.0892729,-3.7307929],[-45.089277,-3.7307624],[-45.0892831,-3.7307323],[-45.0892906,-3.7307039],[-45.0892993,-3.7306772],[-45.0893094,-3.7306523],[-45.0893208,-3.7306291],[-45.0893336,-3.7306074],[-45.0893476,-3.7305874],[-45.089363,-3.7305689],[-45.0893797,-3.7305519],[-45.0894015,-3.7305339],[-45.0894284,-3.7305147],[-45.0894605,-3.7304944],[-45.0894976,-3.730473],[-45.0895321,-3.7304536],[-45.0895639,-3.7304364],[-45.089593,-3.7304212],[-45.0896194,-3.7304082],[-45.0896466,-3.7303942],[-45.0896746,-3.7303793],[-45.0897033,-3.7303635],[-45.0897328,-3.7303468],[-45.0897642,-3.730329],[-45.0897976,-3.7303103],[-45.0898329,-3.7302906],[-45.0898701,-3.7302698],[-45.0899131,-3.7302462],[-45.0899619,-3.7302197],[-45.0900165,-3.7301904],[-45.090077,-3.7301582],[-45.090133,-3.7301296],[-45.0901846,-3.7301045],[-45.0902319,-3.7300831],[-45.0902747,-3.7300652],[-45.0903179,-3.7300488],[-45.0903615,-3.7300339],[-45.0904055,-3.7300205],[-45.0904499,-3.7300085],[-45.0904924,-3.7299979],[-45.0905329,-3.7299886],[-45.0905716,-3.7299807],[-45.0906084,-3.7299741],[-45.0906436,-3.7299684],[-45.0906774,-3.7299636],[-45.0907096,-3.7299597],[-45.0907402,-3.7299567],[-45.0907699,-3.7299544],[-45.0907985,-3.7299529],[-45.0908261,-3.7299522],[-45.0908527,-3.7299522],[-45.0908796,-3.7299529],[-45.0909068,-3.7299542],[-45.0909343,-3.7299562],[-45.0909621,-3.7299588],[-45.090988,-3.7299617],[-45.091012,-3.7299648],[-45.0910341,-3.7299682],[-45.0910543,-3.7299718],[-45.0910757,-3.7299766],[-45.0910985,-3.7299827],[-45.0911225,-3.72999],[-45.0911478,-3.7299986],[-45.0911733,-3.7300084],[-45.091199,-3.7300194],[-45.0912249,-3.7300317],[-45.0912509,-3.7300452],[-45.0912776,-3.7300594],[-45.0913048,-3.7300742],[-45.0913325,-3.7300896],[-45.0913608,-3.7301056],[-45.0913863,-3.7301205],[-45.0914089,-3.7301344],[-45.0914286,-3.7301471],[-45.0914454,-3.7301587],[-45.0914623,-3.7301722],[-45.0914793,-3.7301876],[-45.0914964,-3.7302047],[-45.0915135,-3.7302238],[-45.0915321,-3.7302454],[-45.0915522,-3.7302698],[-45.0915739,-3.7302967],[-45.091597,-3.7303263],[-45.0916196,-3.7303565],[-45.0916416,-3.7303874],[-45.0916631,-3.7304189],[-45.0916841,-3.7304511],[-45.0917016,-3.7304786],[-45.0917155,-3.7305014],[-45.0917259,-3.7305196],[-45.0917328,-3.7305331],[-45.0917404,-3.7305492],[-45.0917488,-3.7305678],[-45.0917579,-3.7305889],[-45.0917677,-3.7306126],[-45.091778,-3.7306392],[-45.0917888,-3.7306685],[-45.0918001,-3.7307006],[-45.0918119,-3.7307356],[-45.0918231,-3.730772],[-45.0918337,-3.73081],[-45.0918436,-3.7308494],[-45.0918529,-3.7308903],[-45.0918609,-3.7309276],[-45.0918678,-3.7309613],[-45.0918733,-3.7309915],[-45.0918777,-3.731018],[-45.0918819,-3.7310447],[-45.0918862,-3.7310716],[-45.091888,-3.7310834],[-45.0918903,-3.7310986],[-45.0918943,-3.7311259],[-45.0918986,-3.7311538],[-45.0919029,-3.7311823],[-45.0919074,-3.7312115],[-45.091912,-3.7312414],[-45.0919163,-3.7312733],[-45.0919203,-3.7313073],[-45.091924,-3.7313433],[-45.0919273,-3.7313814],[-45.0919305,-3.7314272],[-45.0919335,-3.7314807],[-45.0919363,-3.731542],[-45.091939,-3.7316111],[-45.0919419,-3.7316729],[-45.091945,-3.7317275],[-45.0919483,-3.7317748],[-45.0919518,-3.7318149],[-45.0919564,-3.7318567],[-45.0919623,-3.7319002],[-45.0919693,-3.7319456],[-45.0919774,-3.7319926],[-45.0919871,-3.7320434],[-45.0919982,-3.7320979],[-45.0920109,-3.7321562],[-45.0920251,-3.7322182],[-45.0920373,-3.7322758],[-45.0920477,-3.7323291],[-45.0920562,-3.732378],[-45.0920628,-3.7324225],[-45.0920714,-3.7324695],[-45.0920822,-3.732519],[-45.092095,-3.7325711],[-45.0921098,-3.7326256],[-45.0921267,-3.7326805],[-45.0921457,-3.7327357],[-45.0921667,-3.7327912],[-45.0921898,-3.732847],[-45.0922104,-3.7328967],[-45.0922287,-3.7329402],[-45.0922446,-3.7329775],[-45.0922581,-3.7330086],[-45.0922695,-3.7330375],[-45.0922789,-3.7330643],[-45.0922863,-3.7330889],[-45.0922916,-3.7331113],[-45.0922968,-3.7331344],[-45.0923019,-3.7331582],[-45.0923069,-3.7331826],[-45.0923118,-3.7332078],[-45.0923187,-3.7332341],[-45.0923275,-3.7332616],[-45.0923382,-3.7332902],[-45.0923509,-3.7333201],[-45.0923694,-3.733358],[-45.0923936,-3.733404],[-45.0924235,-3.733458],[-45.0924593,-3.7335202],[-45.0924947,-3.7335829],[-45.0925298,-3.7336461],[-45.0925647,-3.7337098],[-45.0925992,-3.7337741],[-45.0926325,-3.7338371],[-45.0926645,-3.7338989],[-45.0926952,-3.7339594],[-45.0927246,-3.7340188],[-45.0927543,-3.7340853],[-45.0927843,-3.734159],[-45.0928146,-3.73424],[-45.0928452,-3.7343281],[-45.0928743,-3.7344078],[-45.0929021,-3.7344791],[-45.0929285,-3.7345419],[-45.0929534,-3.7345962],[-45.0929807,-3.7346505],[-45.0930103,-3.7347048],[-45.0930423,-3.734759],[-45.0930767,-3.7348132],[-45.0931136,-3.7348663],[-45.0931532,-3.7349184],[-45.0931953,-3.7349693],[-45.09324,-3.7350193],[-45.0932901,-3.7350682],[-45.0933454,-3.7351162],[-45.093406,-3.7351632],[-45.093472,-3.7352092],[-45.0935371,-3.7352498],[-45.0936014,-3.7352849],[-45.0936648,-3.7353145],[-45.0937275,-3.7353386],[-45.0937959,-3.7353587],[-45.09387,-3.7353747],[-45.0939497,-3.7353868],[-45.0940352,-3.7353948],[-45.0941223,-3.7354004],[-45.0942111,-3.7354038],[-45.0943015,-3.7354048],[-45.0943732,-3.7354037],[-45.0943936,-3.7354034],[-45.0944342,-3.7354015],[-45.0944755,-3.7353996],[-45.0945473,-3.7353934],[-45.0946089,-3.7353846],[-45.0946604,-3.7353734],[-45.0947071,-3.7353624],[-45.0947489,-3.7353517],[-45.0947858,-3.7353412],[-45.0948179,-3.735331],[-45.0948531,-3.7353178],[-45.0948916,-3.7353017],[-45.0949332,-3.7352826],[-45.094978,-3.7352605],[-45.0950341,-3.7352309],[-45.0951014,-3.7351939],[-45.09518,-3.7351495],[-45.0952076,-3.7351335],[-45.0952698,-3.7350976],[-45.0953586,-3.735043],[-45.0954464,-3.7349855],[-45.0955333,-3.7349252],[-45.0956191,-3.7348621],[-45.095701,-3.7348037],[-45.095779,-3.73475],[-45.0958531,-3.7347008],[-45.0959232,-3.7346563],[-45.095993,-3.7346119],[-45.0960624,-3.7345674],[-45.0961315,-3.734523],[-45.0962003,-3.7344787],[-45.0962617,-3.7344385],[-45.0963158,-3.7344025],[-45.0963384,-3.734387],[-45.0963624,-3.7343706],[-45.0964017,-3.734343],[-45.0964409,-3.7343133],[-45.0964798,-3.7342816],[-45.0965186,-3.734248],[-45.0965572,-3.7342123],[-45.0965963,-3.7341746],[-45.0966358,-3.7341348],[-45.0966759,-3.7340929],[-45.0967165,-3.734049],[-45.0967519,-3.7340097],[-45.0967822,-3.7339751],[-45.0968073,-3.7339452],[-45.0968273,-3.7339199],[-45.096851,-3.7338873],[-45.0968763,-3.7338508],[-45.0969052,-3.7338071],[-45.0969372,-3.7337572],[-45.0969684,-3.7337077],[-45.0969987,-3.7336586],[-45.0970283,-3.7336099],[-45.097057,-3.7335617],[-45.0970891,-3.7335111],[-45.0971245,-3.7334582],[-45.0971632,-3.733403],[-45.0972053,-3.7333455],[-45.0972468,-3.733285],[-45.0972877,-3.7332216],[-45.0973279,-3.7331551],[-45.0973449,-3.7331254],[-45.0973676,-3.7330857],[-45.0974024,-3.7330221],[-45.0974323,-3.7329643],[-45.0974574,-3.7329123],[-45.0974776,-3.7328662],[-45.0974945,-3.7328176],[-45.0975082,-3.7327666],[-45.0975187,-3.7327132],[-45.0975259,-3.7326574],[-45.0975304,-3.7325965],[-45.097532,-3.7325304],[-45.0975308,-3.7324592],[-45.0975268,-3.7323828],[-45.09752,-3.732305],[-45.0975104,-3.7322258],[-45.0974979,-3.7321451],[-45.0974827,-3.732063],[-45.0974649,-3.7319674],[-45.0974446,-3.7318581],[-45.0974217,-3.7317353],[-45.0973963,-3.7315989],[-45.0973715,-3.7314766],[-45.0973464,-3.731365],[-45.0973235,-3.7312743],[-45.0973004,-3.7311942],[-45.0972767,-3.7311165],[-45.0972527,-3.7310413],[-45.0972281,-3.7309684],[-45.0972031,-3.7308979],[-45.097173,-3.7308232],[-45.0971379,-3.7307442],[-45.0970976,-3.7306609],[-45.0970523,-3.7305733],[-45.0970064,-3.7304919],[-45.0969602,-3.7304166],[-45.0969134,-3.7303473],[-45.0968662,-3.7302842],[-45.0968124,-3.7302159],[-45.0967522,-3.7301424],[-45.0966854,-3.7300638],[-45.0966121,-3.7299801],[-45.0965549,-3.7299104],[-45.0965137,-3.7298548],[-45.0964885,-3.7298132],[-45.0964794,-3.7297858],[-45.0964729,-3.7297578],[-45.0964691,-3.7297292],[-45.0964679,-3.7297],[-45.0964693,-3.7296703],[-45.0964739,-3.7296379],[-45.0964816,-3.7296029],[-45.0964924,-3.7295653],[-45.0965064,-3.729525],[-45.0965229,-3.7294829],[-45.0965419,-3.7294388],[-45.0965634,-3.7293929],[-45.0965875,-3.729345],[-45.0966116,-3.7292972],[-45.0966357,-3.7292493],[-45.0966597,-3.7292015],[-45.0966838,-3.7291536],[-45.0967095,-3.7291049],[-45.0967368,-3.7290554],[-45.0967657,-3.7290051],[-45.0967962,-3.728954],[-45.0968326,-3.7289004],[-45.0968747,-3.7288442],[-45.0969228,-3.7287855],[-45.0969766,-3.7287243],[-45.0970248,-3.7286709],[-45.0970672,-3.7286255],[-45.097104,-3.728588],[-45.097135,-3.7285584],[-45.0971638,-3.7285299],[-45.0971904,-3.7285027],[-45.0972147,-3.7284767],[-45.0972367,-3.7284519],[-45.0972638,-3.728427],[-45.0972959,-3.728402],[-45.0973331,-3.7283769],[-45.0973753,-3.7283516],[-45.0974209,-3.7283264],[-45.0974698,-3.7283013],[-45.0975221,-3.7282762],[-45.0975778,-3.7282512],[-45.0976486,-3.7282187],[-45.0977346,-3.7281789],[-45.0978358,-3.7281317],[-45.0979521,-3.7280771],[-45.0980547,-3.7280301],[-45.0981434,-3.7279907],[-45.0982183,-3.7279589],[-45.0982795,-3.7279348],[-45.0983332,-3.7279149],[-45.0983796,-3.7278994],[-45.0984187,-3.7278883],[-45.0984504,-3.7278815],[-45.0984812,-3.7278761],[-45.0985111,-3.7278721],[-45.0985402,-3.7278696],[-45.0985684,-3.7278684],[-45.0985956,-3.7278687],[-45.098622,-3.7278705],[-45.0986475,-3.7278736],[-45.0986722,-3.7278782],[-45.0987033,-3.7278883],[-45.098741,-3.7279038],[-45.0987852,-3.7279248],[-45.098836,-3.7279513],[-45.0988977,-3.7279833],[-45.0989702,-3.7280207],[-45.0990537,-3.7280635],[-45.0991481,-3.7281118],[-45.0992455,-3.7281638],[-45.0993459,-3.7282196],[-45.0994494,-3.7282792],[-45.0995558,-3.7283425],[-45.099663,-3.7284099],[-45.0997708,-3.7284812],[-45.0998794,-3.7285564],[-45.0999886,-3.7286357],[-45.1000957,-3.7287141],[-45.1002007,-3.7287917],[-45.1003036,-3.7288685],[-45.1004045,-3.7289445],[-45.1004931,-3.7290151],[-45.1005059,-3.729026],[-45.1005694,-3.7290804],[-45.1006336,-3.7291404],[-45.1006854,-3.7291951],[-45.10073,-3.7292465],[-45.1007672,-3.7292948],[-45.100797,-3.7293397],[-45.1008195,-3.7293815],[-45.1008397,-3.7294221],[-45.1008576,-3.7294616],[-45.1008733,-3.7294999],[-45.1008866,-3.7295371],[-45.100898,-3.7295756],[-45.1009076,-3.7296155],[-45.1009152,-3.7296567],[-45.100921,-3.7296993],[-45.100925,-3.7297455],[-45.1009274,-3.7297955],[-45.100928,-3.7298491],[-45.100927,-3.7299063],[-45.1009246,-3.7299616],[-45.1009208,-3.7300147],[-45.1009157,-3.7300658],[-45.1009092,-3.7301148],[-45.1009004,-3.7301657],[-45.1008892,-3.7302185],[-45.1008756,-3.7302732],[-45.1008597,-3.7303297],[-45.1008424,-3.730384],[-45.1008238,-3.7304361],[-45.1008038,-3.730486],[-45.1007824,-3.7305336],[-45.100756,-3.7305884],[-45.1007248,-3.7306504],[-45.1006886,-3.7307195],[-45.1006475,-3.7307957],[-45.1006103,-3.7308659],[-45.1005768,-3.7309301],[-45.1005473,-3.7309882],[-45.1005216,-3.7310402],[-45.1004976,-3.7310931],[-45.1004754,-3.7311469],[-45.1004549,-3.7312015],[-45.1004362,-3.7312569],[-45.1004184,-3.7313123],[-45.1004013,-3.7313676],[-45.1003851,-3.7314229],[-45.1003698,-3.7314781],[-45.1003558,-3.7315388],[-45.1003431,-3.7316052],[-45.1003317,-3.7316772],[-45.1003217,-3.7317548],[-45.1003127,-3.7318257],[-45.1003049,-3.73189],[-45.1002982,-3.7319476],[-45.1002925,-3.7319985],[-45.1002895,-3.7320491],[-45.1002892,-3.7320992],[-45.1002916,-3.732149],[-45.1002965,-3.7321983],[-45.1003028,-3.7322488],[-45.1003103,-3.7323003],[-45.1003191,-3.7323528],[-45.1003292,-3.7324064],[-45.1003405,-3.7324626],[-45.1003531,-3.7325214],[-45.1003669,-3.7325828],[-45.1003819,-3.7326467],[-45.1004004,-3.7327158],[-45.1004223,-3.7327899],[-45.1004477,-3.7328691],[-45.1004766,-3.7329533],[-45.1005052,-3.733037],[-45.1005333,-3.7331199],[-45.100561,-3.7332023],[-45.1005883,-3.733284],[-45.1006113,-3.7333545],[-45.10063,-3.7334138],[-45.1006443,-3.7334618],[-45.1006542,-3.7334986],[-45.1006649,-3.7335384],[-45.1006764,-3.7335811],[-45.1006886,-3.7336268],[-45.1007016,-3.7336754],[-45.1007159,-3.7337273],[-45.1007315,-3.7337825],[-45.1007484,-3.7338409],[-45.1007666,-3.7339026],[-45.1007893,-3.7339751],[-45.1008164,-3.7340585],[-45.100848,-3.7341528],[-45.1008841,-3.734258],[-45.1009262,-3.7343735],[-45.1009742,-3.7344995],[-45.1010282,-3.7346359],[-45.1010882,-3.7347828],[-45.1011414,-3.7349049],[-45.101188,-3.7350025],[-45.1012278,-3.7350753],[-45.101261,-3.7351236],[-45.1012953,-3.7351702],[-45.1013309,-3.7352152],[-45.1013677,-3.7352586],[-45.1014056,-3.7353003],[-45.1014491,-3.7353411],[-45.101498,-3.7353809],[-45.1015523,-3.7354197],[-45.1016121,-3.7354575],[-45.1016699,-3.7354907],[-45.1017255,-3.7355191],[-45.1017791,-3.7355428],[-45.1018305,-3.7355619],[-45.10188,-3.7355781],[-45.1019276,-3.7355914],[-45.1019733,-3.7356019],[-45.102017,-3.7356095],[-45.1020602,-3.7356151],[-45.102103,-3.7356188],[-45.1021452,-3.7356205],[-45.1021868,-3.7356202],[-45.1022322,-3.7356179],[-45.1022813,-3.7356136],[-45.1023341,-3.7356073],[-45.1023905,-3.735599],[-45.1024566,-3.7355889],[-45.1025323,-3.7355769],[-45.1026152,-3.7355634],[-45.1027123,-3.7355473],[-45.1028071,-3.7355303],[-45.1029017,-3.7355119],[-45.1029962,-3.7354922],[-45.1030906,-3.7354712],[-45.1031752,-3.7354508],[-45.1032502,-3.7354311],[-45.1033155,-3.7354121],[-45.1033711,-3.7353938],[-45.1034228,-3.7353755],[-45.1034707,-3.7353572],[-45.1035146,-3.7353389],[-45.1035548,-3.7353205],[-45.1035928,-3.7353039],[-45.1036289,-3.735289],[-45.1036629,-3.7352758],[-45.1036948,-3.7352642],[-45.1037259,-3.7352539],[-45.103756,-3.7352449],[-45.1037853,-3.7352371],[-45.1038137,-3.7352306],[-45.1038428,-3.7352247],[-45.1038726,-3.7352194],[-45.1039031,-3.7352147],[-45.1039344,-3.7352106],[-45.1039657,-3.7352069],[-45.103997,-3.7352035],[-45.1040283,-3.7352004],[-45.1040597,-3.7351976],[-45.1040979,-3.7351938],[-45.1041429,-3.7351888],[-45.1041947,-3.7351828],[-45.1042533,-3.7351757],[-45.1043116,-3.7351677],[-45.1043697,-3.7351589],[-45.1044276,-3.7351493],[-45.1044852,-3.7351389],[-45.1045456,-3.735127],[-45.1046087,-3.7351138],[-45.1046745,-3.7350991],[-45.1047431,-3.735083],[-45.104807,-3.735068],[-45.1048662,-3.7350541],[-45.1049207,-3.7350413],[-45.1049706,-3.7350295],[-45.1050187,-3.7350193],[-45.105065,-3.7350105],[-45.1051096,-3.7350032],[-45.1051524,-3.7349975],[-45.1051904,-3.7349931],[-45.1052235,-3.7349902],[-45.1052519,-3.7349887],[-45.1052754,-3.7349887],[-45.1052979,-3.7349897],[-45.1053193,-3.7349919],[-45.1053396,-3.7349952],[-45.1053588,-3.7349995],[-45.1053784,-3.7350057],[-45.1053982,-3.7350138],[-45.1054184,-3.7350236],[-45.105439,-3.7350353],[-45.1054584,-3.7350479],[-45.1054767,-3.7350614],[-45.105494,-3.7350759],[-45.1055101,-3.7350913],[-45.1055268,-3.7351081],[-45.1055438,-3.7351265],[-45.1055614,-3.7351463],[-45.1055794,-3.7351676],[-45.1055986,-3.7351924],[-45.1056188,-3.7352205],[-45.1056393,-3.7352506],[-45.1056629,-3.7352872],[-45.1056822,-3.7353196],[-45.1056983,-3.7353495],[-45.1057111,-3.7353768],[-45.1057206,-3.7354015],[-45.1057295,-3.7354265],[-45.1057378,-3.7354517],[-45.1057454,-3.7354771],[-45.1057524,-3.7355027],[-45.105758,-3.7355263],[-45.1057622,-3.7355478],[-45.1057651,-3.7355672],[-45.1057666,-3.7355846],[-45.1057671,-3.7356035],[-45.1057665,-3.7356241],[-45.1057649,-3.7356463],[-45.1057623,-3.73567],[-45.1057574,-3.7356949],[-45.1057502,-3.7357207],[-45.1057408,-3.7357476],[-45.1057291,-3.7357756],[-45.1057159,-3.7358031],[-45.1057011,-3.7358303],[-45.1056848,-3.7358571],[-45.1056669,-3.7358836],[-45.1056446,-3.7359131],[-45.1056179,-3.7359458],[-45.1055867,-3.7359815],[-45.105551,-3.7360202],[-45.1055168,-3.7360597],[-45.105484,-3.7360999],[-45.1054526,-3.7361409],[-45.1054226,-3.7361825],[-45.1053923,-3.7362207],[-45.1053617,-3.7362553],[-45.1053308,-3.7362864],[-45.1052995,-3.7363141],[-45.1052656,-3.7363414],[-45.105229,-3.7363685],[-45.1051896,-3.7363953],[-45.1051475,-3.7364219],[-45.1050919,-3.736456],[-45.1050229,-3.7364977],[-45.1049404,-3.736547],[-45.1048445,-3.7366038],[-45.1047504,-3.7366607],[-45.1046581,-3.7367175],[-45.1045677,-3.7367744],[-45.1044792,-3.7368313],[-45.1043949,-3.7368889],[-45.1043149,-3.7369474],[-45.1042392,-3.7370067],[-45.1041677,-3.7370668],[-45.1040766,-3.7371521],[-45.1039659,-3.7372627],[-45.1038355,-3.7373986],[-45.1036854,-3.7375598],[-45.103537,-3.7377192],[-45.1033903,-3.7378768],[-45.1032454,-3.7380327],[-45.1031021,-3.7381869],[-45.1029861,-3.7383134],[-45.1028976,-3.7384121],[-45.1028363,-3.7384832],[-45.1028024,-3.7385265],[-45.1027706,-3.7385698],[-45.1027407,-3.7386131],[-45.1027129,-3.7386564],[-45.1026871,-3.7386998],[-45.1026581,-3.7387528],[-45.1026259,-3.7388155],[-45.1025905,-3.7388878],[-45.1025519,-3.7389699],[-45.1025069,-3.739078],[-45.1024553,-3.739212],[-45.1023973,-3.739372],[-45.1023329,-3.739558],[-45.1022826,-3.7397141],[-45.1022466,-3.7398404],[-45.1022247,-3.7399368],[-45.1022171,-3.7400034],[-45.1022148,-3.7400652],[-45.1022177,-3.7401221],[-45.102226,-3.7401742],[-45.1022395,-3.7402215],[-45.1022583,-3.7402703],[-45.1022822,-3.7403207],[-45.1023113,-3.7403727],[-45.1023456,-3.7404262],[-45.1023801,-3.740475],[-45.1024149,-3.740519],[-45.10245,-3.7405583],[-45.1024853,-3.7405929],[-45.1025246,-3.7406262],[-45.1025677,-3.7406581],[-45.1026148,-3.7406886],[-45.1026658,-3.7407178],[-45.1027185,-3.7407434],[-45.1027729,-3.7407656],[-45.1028291,-3.7407842],[-45.1028869,-3.7407994],[-45.1029457,-3.7408134],[-45.1030053,-3.7408263],[-45.1030659,-3.7408382],[-45.1031274,-3.740849],[-45.1031933,-3.7408566],[-45.1032637,-3.7408613],[-45.1033385,-3.7408628],[-45.1034178,-3.7408612],[-45.1034915,-3.7408575],[-45.1035596,-3.7408515],[-45.1036221,-3.7408434],[-45.1036791,-3.740833],[-45.1037339,-3.7408211],[-45.1037865,-3.7408078],[-45.1038371,-3.7407929],[-45.1038854,-3.7407766],[-45.1039493,-3.7407532],[-45.1040287,-3.7407227],[-45.1041237,-3.7406851],[-45.1042341,-3.7406404],[-45.1043097,-3.7406073],[-45.1043597,-3.7405854],[-45.1045003,-3.7405199],[-45.104656,-3.7404441],[-45.1048267,-3.7403578],[-45.1049832,-3.7402789],[-45.1051253,-3.7402072],[-45.105253,-3.7401429],[-45.1053665,-3.7400859],[-45.1054749,-3.7400299],[-45.1055785,-3.7399751],[-45.1056771,-3.7399214],[-45.1057707,-3.7398688],[-45.1058606,-3.7398145],[-45.1059469,-3.7397585],[-45.1060295,-3.7397009],[-45.1061084,-3.7396415],[-45.1061824,-3.7395854],[-45.1062514,-3.7395326],[-45.1063156,-3.7394831],[-45.1063748,-3.7394368],[-45.1064294,-3.7393942],[-45.1064795,-3.7393552],[-45.106525,-3.7393197],[-45.106566,-3.7392879],[-45.1066062,-3.7392554],[-45.1066457,-3.7392224],[-45.1066844,-3.7391887],[-45.1067225,-3.7391544],[-45.106762,-3.7391162],[-45.1068031,-3.7390739],[-45.1068456,-3.7390276],[-45.1068897,-3.7389773],[-45.1069352,-3.7389283],[-45.1069821,-3.7388804],[-45.1070305,-3.7388338],[-45.1070804,-3.7387884],[-45.1071277,-3.7387469],[-45.1071725,-3.7387093],[-45.1072148,-3.7386757],[-45.1072546,-3.738646],[-45.1072965,-3.7386168],[-45.1073404,-3.738588],[-45.1073864,-3.7385598],[-45.1074344,-3.738532],[-45.107494,-3.7384982],[-45.1075652,-3.7384583],[-45.107648,-3.7384124],[-45.1077423,-3.7383604],[-45.1078347,-3.738312],[-45.1079249,-3.7382671],[-45.1080131,-3.7382257],[-45.1080993,-3.7381879],[-45.1081721,-3.7381572],[-45.1082314,-3.7381337],[-45.1082772,-3.7381173],[-45.1083096,-3.738108],[-45.1083422,-3.7380996],[-45.1083748,-3.738092],[-45.1084076,-3.7380853],[-45.1084404,-3.7380794],[-45.1084745,-3.7380754],[-45.1085099,-3.7380732],[-45.1085464,-3.7380727],[-45.1085842,-3.7380741],[-45.1086199,-3.7380776],[-45.1086533,-3.7380831],[-45.1086846,-3.7380906],[-45.1087137,-3.7381002],[-45.1087403,-3.7381101],[-45.1087644,-3.7381204],[-45.108786,-3.7381312],[-45.1088052,-3.7381423],[-45.1088229,-3.738154],[-45.1088391,-3.7381664],[-45.1088538,-3.7381794],[-45.1088671,-3.738193],[-45.1088786,-3.7382077],[-45.1088883,-3.7382234],[-45.1088962,-3.7382401],[-45.1089022,-3.7382579],[-45.1089084,-3.738276],[-45.1089147,-3.7382947],[-45.1089212,-3.7383137],[-45.1089279,-3.7383332],[-45.1089328,-3.7383552],[-45.1089361,-3.7383798],[-45.1089377,-3.7384069],[-45.1089376,-3.7384365],[-45.1089375,-3.7384725],[-45.1089375,-3.7384984],[-45.1089375,-3.7385149],[-45.1089376,-3.7385637],[-45.1089377,-3.7386188],[-45.1089354,-3.7386754],[-45.1089307,-3.7387333],[-45.1089236,-3.7387926],[-45.1089142,-3.7388534],[-45.1089023,-3.7389087],[-45.1088882,-3.7389587],[-45.1088718,-3.7390034],[-45.108853,-3.7390427],[-45.1088251,-3.7390933],[-45.1087882,-3.739155],[-45.1087421,-3.739228],[-45.1086869,-3.7393123],[-45.1086321,-3.7393997],[-45.1085778,-3.7394902],[-45.1085239,-3.7395839],[-45.1084705,-3.7396807],[-45.1084208,-3.7397705],[-45.1083749,-3.7398533],[-45.1083327,-3.739929],[-45.1082943,-3.7399976],[-45.1082509,-3.740074],[-45.1082024,-3.7401584],[-45.1081489,-3.7402505],[-45.1080904,-3.7403505],[-45.1080364,-3.7404413],[-45.1079871,-3.740523],[-45.1079423,-3.7405956],[-45.1079021,-3.740659],[-45.1078569,-3.740729],[-45.1078067,-3.7408058],[-45.1077516,-3.7408891],[-45.1076916,-3.7409792],[-45.1076392,-3.7410599],[-45.1075947,-3.7411315],[-45.1075579,-3.7411937],[-45.1075289,-3.7412467],[-45.1075048,-3.7412935],[-45.1074857,-3.7413341],[-45.1074714,-3.7413685],[-45.1074621,-3.7413968],[-45.1074537,-3.741424],[-45.1074462,-3.7414502],[-45.1074397,-3.7414754],[-45.1074341,-3.7414996],[-45.1074279,-3.7415252],[-45.107421,-3.741552],[-45.1074135,-3.7415801],[-45.1074053,-3.7416096],[-45.1073966,-3.7416378],[-45.1073872,-3.7416649],[-45.1073771,-3.7416908],[-45.1073665,-3.7417155],[-45.1073546,-3.7417424],[-45.1073415,-3.7417715],[-45.1073272,-3.7418029],[-45.1073116,-3.7418365],[-45.1072939,-3.7418746],[-45.1072741,-3.741917],[-45.1072521,-3.7419639],[-45.107228,-3.7420151],[-45.1072033,-3.7420691],[-45.1071782,-3.7421258],[-45.1071525,-3.7421853],[-45.1071263,-3.7422475],[-45.1071035,-3.7423099],[-45.1070841,-3.7423724],[-45.1070681,-3.7424352],[-45.1070554,-3.7424982],[-45.1070454,-3.742551],[-45.1070381,-3.7425936],[-45.1070334,-3.742626],[-45.1070313,-3.7426481],[-45.1070298,-3.7426707],[-45.1070288,-3.7426936],[-45.1070283,-3.742717],[-45.1070283,-3.7427408],[-45.1070292,-3.7427639],[-45.107031,-3.7427864],[-45.1070337,-3.7428081],[-45.1070373,-3.7428292],[-45.1070414,-3.7428495],[-45.1070461,-3.7428689],[-45.1070514,-3.7428875],[-45.1070573,-3.7429053],[-45.1070645,-3.7429234],[-45.107073,-3.7429419],[-45.1070827,-3.7429608],[-45.1070938,-3.74298],[-45.1071062,-3.7429988],[-45.1071197,-3.743017],[-45.1071344,-3.7430349],[-45.1071503,-3.7430522],[-45.1071675,-3.7430689],[-45.1071861,-3.7430847],[-45.1072059,-3.7430998],[-45.1072271,-3.7431142],[-45.1072539,-3.7431308],[-45.1072864,-3.7431495],[-45.1073245,-3.7431704],[-45.1073682,-3.7431935],[-45.107411,-3.7432138],[-45.1074529,-3.7432313],[-45.1074939,-3.7432461],[-45.107534,-3.7432581],[-45.1075697,-3.7432682],[-45.107601,-3.7432766],[-45.107628,-3.7432831],[-45.1076506,-3.7432879],[-45.1076774,-3.7432919],[-45.1077083,-3.7432953],[-45.1077434,-3.7432979],[-45.1077826,-3.7432999],[-45.1078314,-3.7433008],[-45.10789,-3.7433008],[-45.1079582,-3.7432997],[-45.108036,-3.7432976],[-45.1081327,-3.7432948],[-45.1082481,-3.7432915],[-45.1083823,-3.7432875],[-45.1085353,-3.7432828],[-45.1086801,-3.7432789],[-45.1088168,-3.7432757],[-45.1089452,-3.7432732],[-45.1090655,-3.7432714],[-45.1091831,-3.743269],[-45.1092979,-3.7432661],[-45.1094099,-3.7432625],[-45.1095192,-3.7432583],[-45.1096323,-3.743253],[-45.1097491,-3.7432464],[-45.1098697,-3.7432387],[-45.1099941,-3.7432299],[-45.1101092,-3.7432223],[-45.1102149,-3.7432161],[-45.1102744,-3.7432131],[-45.1103114,-3.7432112],[-45.1103986,-3.7432076],[-45.1104785,-3.7432044],[-45.1105513,-3.7432016],[-45.1106168,-3.7431991],[-45.1106752,-3.743197],[-45.1107268,-3.7431954],[-45.1107718,-3.7431941],[-45.1108101,-3.7431933],[-45.1108417,-3.7431929],[-45.1108763,-3.7431921],[-45.1109138,-3.743191],[-45.1109544,-3.7431896],[-45.110998,-3.7431878],[-45.1110358,-3.7431874],[-45.1110678,-3.7431883],[-45.1110941,-3.7431905],[-45.1111146,-3.7431941],[-45.1111482,-3.7432012],[-45.1111975,-3.7432126],[-45.1112547,-3.7432262],[-45.1113276,-3.7432441],[-45.1113942,-3.7432613],[-45.1114545,-3.7432779],[-45.1115085,-3.7432939],[-45.1115563,-3.7433092],[-45.1116078,-3.7433281],[-45.1116629,-3.7433505],[-45.1117217,-3.7433765],[-45.1117841,-3.743406],[-45.1118397,-3.7434334],[-45.1118883,-3.7434588],[-45.1119301,-3.743482],[-45.1119649,-3.7435032],[-45.1119962,-3.743525],[-45.1120241,-3.7435475],[-45.1120485,-3.7435706],[-45.1120694,-3.7435943],[-45.1120892,-3.7436202],[-45.1121078,-3.7436482],[-45.1121252,-3.7436783],[-45.1121415,-3.7437105],[-45.1121545,-3.7437403],[-45.1121643,-3.7437677],[-45.1121709,-3.7437927],[-45.1121742,-3.7438153],[-45.1121768,-3.7438399],[-45.1121788,-3.7438667],[-45.1121802,-3.7438955],[-45.1121809,-3.7439264],[-45.1121798,-3.7439586],[-45.112177,-3.7439921],[-45.1121725,-3.744027],[-45.1121663,-3.7440632],[-45.1121585,-3.7440972],[-45.1121491,-3.744129],[-45.1121383,-3.7441585],[-45.1121259,-3.7441859],[-45.1121111,-3.7442134],[-45.112094,-3.7442411],[-45.1120746,-3.7442691],[-45.1120528,-3.7442972],[-45.1120292,-3.7443225],[-45.1120035,-3.7443449],[-45.111976,-3.7443645],[-45.1119465,-3.7443812],[-45.1119177,-3.7443966],[-45.1118897,-3.7444107],[-45.1118625,-3.7444236],[-45.1118359,-3.7444351],[-45.1118081,-3.7444462],[-45.1117791,-3.7444568],[-45.1117489,-3.7444669],[-45.1117174,-3.7444766],[-45.1116777,-3.7444861],[-45.1116297,-3.7444953],[-45.1115736,-3.7445043],[-45.1115092,-3.744513],[-45.1114472,-3.7445217],[-45.1113878,-3.7445303],[-45.1113308,-3.7445387],[-45.1112762,-3.7445471],[-45.1112198,-3.7445564],[-45.1111615,-3.7445666],[-45.1111013,-3.7445777],[-45.1110392,-3.7445897],[-45.1109745,-3.7446023],[-45.1109072,-3.7446156],[-45.1108372,-3.7446295],[-45.1107647,-3.7446441],[-45.1107022,-3.7446567],[-45.1106498,-3.7446675],[-45.1106074,-3.7446763],[-45.1105751,-3.7446832],[-45.1105436,-3.7446902],[-45.1105129,-3.7446971],[-45.110483,-3.7447041],[-45.1104538,-3.7447111],[-45.1104255,-3.7447184],[-45.110398,-3.7447261],[-45.1103713,-3.7447341],[-45.1103455,-3.7447424],[-45.1103176,-3.7447515],[-45.1102877,-3.7447613],[-45.1102559,-3.7447718],[-45.110222,-3.7447831],[-45.1101718,-3.7448022],[-45.1101053,-3.7448294],[-45.1100224,-3.7448644],[-45.1099232,-3.7449074],[-45.1098243,-3.7449494],[-45.1097256,-3.7449903],[-45.1096271,-3.7450302],[-45.1095289,-3.7450691],[-45.1094298,-3.7451107],[-45.1093297,-3.7451551],[-45.1092287,-3.7452023],[-45.1091268,-3.7452523],[-45.1090286,-3.7453023],[-45.108934,-3.7453522],[-45.1088432,-3.7454022],[-45.1087561,-3.7454523],[-45.1086704,-3.745506],[-45.1085863,-3.7455635],[-45.1085037,-3.7456247],[-45.1084226,-3.7456897],[-45.1083486,-3.7457513],[-45.1082817,-3.7458097],[-45.1082219,-3.7458647],[-45.1081693,-3.7459164],[-45.1081228,-3.7459655],[-45.1080824,-3.7460121],[-45.1080483,-3.7460561],[-45.1080203,-3.7460976],[-45.1079964,-3.7461362],[-45.1079766,-3.7461719],[-45.107961,-3.7462047],[-45.1079495,-3.7462347],[-45.1079406,-3.7462681],[-45.1079345,-3.746305],[-45.1079309,-3.7463453],[-45.10793,-3.7463891],[-45.1079299,-3.7464274],[-45.1079305,-3.7464601],[-45.1079318,-3.7464872],[-45.1079339,-3.7465089],[-45.1079362,-3.7465302],[-45.1079387,-3.7465512],[-45.1079416,-3.746572],[-45.1079446,-3.7465925],[-45.1079482,-3.7466128],[-45.1079523,-3.7466329],[-45.1079569,-3.7466529],[-45.1079619,-3.7466727],[-45.1079677,-3.7466924],[-45.107974,-3.7467119],[-45.107981,-3.7467313],[-45.1079887,-3.7467507],[-45.1079976,-3.7467727],[-45.1080078,-3.7467974],[-45.1080193,-3.7468249],[-45.108032,-3.746855],[-45.108048,-3.746888],[-45.1080673,-3.7469239],[-45.1080899,-3.7469625],[-45.1081157,-3.747004],[-45.1081463,-3.7470477],[-45.1081816,-3.7470938],[-45.1082217,-3.7471421],[-45.1082664,-3.7471927],[-45.1083159,-3.7472462],[-45.1083699,-3.7473027],[-45.1084286,-3.7473622],[-45.108492,-3.7474246],[-45.1085523,-3.7474822],[-45.1086098,-3.747535],[-45.1086643,-3.7475831],[-45.1087158,-3.7476263],[-45.1087709,-3.7476718],[-45.1088296,-3.7477195],[-45.1088918,-3.7477694],[-45.1089576,-3.7478215],[-45.1090205,-3.7478713],[-45.1090805,-3.7479189],[-45.1091377,-3.7479642],[-45.1091919,-3.7480072],[-45.1092492,-3.7480529],[-45.1093096,-3.7481011],[-45.1093731,-3.7481519],[-45.1094397,-3.7482052],[-45.1095179,-3.7482616],[-45.1096079,-3.7483211],[-45.1097096,-3.7483835],[-45.109823,-3.7484489],[-45.1099237,-3.748504],[-45.1100117,-3.7485488],[-45.110087,-3.7485833],[-45.1101497,-3.7486074],[-45.1102129,-3.7486304],[-45.1102768,-3.7486524],[-45.1103412,-3.7486734],[-45.1104062,-3.7486933],[-45.1104866,-3.7487131],[-45.1105826,-3.748733],[-45.110694,-3.7487529],[-45.1108208,-3.7487727],[-45.1109252,-3.7487892],[-45.1110069,-3.7488022],[-45.1110661,-3.7488118],[-45.1111027,-3.748818],[-45.111138,-3.7488238],[-45.1111719,-3.7488292],[-45.1112046,-3.7488343],[-45.1112359,-3.7488389],[-45.1112661,-3.748843],[-45.1112951,-3.7488465],[-45.111323,-3.7488495],[-45.1113498,-3.7488519],[-45.1113775,-3.7488534],[-45.1114062,-3.7488541],[-45.1114358,-3.7488539],[-45.1114664,-3.7488528],[-45.1114976,-3.7488517],[-45.1115294,-3.7488506],[-45.111562,-3.7488495],[-45.1115951,-3.7488484],[-45.1116429,-3.7488445],[-45.1117054,-3.7488379],[-45.1117825,-3.7488285],[-45.1118743,-3.7488165],[-45.1119763,-3.7488023],[-45.1120886,-3.7487861],[-45.1122112,-3.7487678],[-45.1123032,-3.7487537],[-45.112344,-3.7487475],[-45.1124729,-3.7487252],[-45.1125979,-3.7487012],[-45.1127191,-3.7486753],[-45.1128365,-3.7486475],[-45.1129643,-3.7486168],[-45.1131027,-3.7485832],[-45.1132515,-3.7485466],[-45.1134109,-3.7485071],[-45.1135611,-3.7484704],[-45.1137021,-3.7484365],[-45.113834,-3.7484055],[-45.1139567,-3.7483773],[-45.1140872,-3.7483463],[-45.1142255,-3.7483127],[-45.1143717,-3.7482764],[-45.1145257,-3.7482373],[-45.1146812,-3.7481948],[-45.1148379,-3.7481488],[-45.1149961,-3.7480993],[-45.1151556,-3.7480463],[-45.1153106,-3.7479954],[-45.1154039,-3.7479651],[-45.1154611,-3.7479466],[-45.1156071,-3.7478998],[-45.1157485,-3.7478551],[-45.1157984,-3.7478388],[-45.1158174,-3.7478326],[-45.1158344,-3.7478132],[-45.1158702,-3.7477998],[-45.1159059,-3.7477745],[-45.1159348,-3.7477582],[-45.1160311,-3.7477206],[-45.1176553,-3.7470873],[-45.1190482,-3.7464014],[-45.1191286,-3.7463093],[-45.119254,-3.7462123],[-45.1192903,-3.7461813],[-45.119326,-3.7461507],[-45.1193613,-3.7461206],[-45.1193961,-3.7460909],[-45.1194303,-3.7460616],[-45.1194654,-3.7460317],[-45.1195013,-3.7460011],[-45.1195382,-3.7459698],[-45.1195759,-3.7459378],[-45.1196147,-3.7459051],[-45.1196545,-3.7458718],[-45.1196955,-3.7458378],[-45.1197375,-3.7458032],[-45.1197822,-3.7457661],[-45.1198296,-3.7457267],[-45.1198796,-3.7456848],[-45.1199322,-3.7456405],[-45.1199762,-3.7456027],[-45.1200115,-3.7455713],[-45.120038,-3.7455465],[-45.120056,-3.7455281],[-45.1200744,-3.745509],[-45.1200934,-3.7454894],[-45.120113,-3.7454691],[-45.1201332,-3.7454481],[-45.1201534,-3.7454271],[-45.1201737,-3.745406],[-45.1201941,-3.7453849],[-45.1202145,-3.7453637],[-45.1202347,-3.7453424],[-45.1202544,-3.745321],[-45.1202739,-3.7452995],[-45.1202929,-3.7452779],[-45.1203141,-3.7452533],[-45.1203373,-3.7452258],[-45.1203626,-3.7451954],[-45.12039,-3.7451621],[-45.1204216,-3.7451203],[-45.1204576,-3.7450701],[-45.1204979,-3.7450114],[-45.1205425,-3.7449442],[-45.1205975,-3.74486],[-45.120663,-3.7447587],[-45.1207389,-3.7446404],[-45.1208253,-3.744505],[-45.1209016,-3.7443883],[-45.1209677,-3.7442903],[-45.1210237,-3.7442111],[-45.1210695,-3.7441506],[-45.1211144,-3.7440932],[-45.1211585,-3.7440388],[-45.1212016,-3.7439876],[-45.1212438,-3.7439395],[-45.1212888,-3.7438871],[-45.1213367,-3.7438305],[-45.1213874,-3.7437695],[-45.1214409,-3.7437043],[-45.1214917,-3.7436415],[-45.12154,-3.7435811],[-45.1215855,-3.7435231],[-45.1216284,-3.7434675],[-45.1216644,-3.7434208],[-45.1216933,-3.7433831],[-45.1217154,-3.7433541],[-45.1217304,-3.7433341],[-45.1217457,-3.7433147],[-45.1217612,-3.7432958],[-45.1217769,-3.7432776],[-45.1217929,-3.7432599],[-45.121809,-3.7432415],[-45.1218253,-3.7432224],[-45.1218417,-3.7432026],[-45.1218582,-3.7431821],[-45.1218744,-3.7431621],[-45.1218902,-3.7431425],[-45.1219056,-3.7431235],[-45.1219206,-3.7431049],[-45.1219344,-3.7430866],[-45.1219471,-3.7430688],[-45.1219586,-3.7430512],[-45.121969,-3.743034],[-45.1219795,-3.7430157],[-45.1219903,-3.7429963],[-45.1220012,-3.7429757],[-45.1220124,-3.742954],[-45.1220248,-3.74293],[-45.1220384,-3.7429036],[-45.1220533,-3.7428749],[-45.1220694,-3.7428439],[-45.122087,-3.7428086],[-45.1221061,-3.7427689],[-45.1221266,-3.7427249],[-45.1221486,-3.7426765],[-45.1221759,-3.742621],[-45.1222084,-3.7425582],[-45.1222462,-3.7424883],[-45.1222892,-3.7424112],[-45.1223371,-3.742331],[-45.1223897,-3.7422477],[-45.122447,-3.7421612],[-45.1225092,-3.7420717],[-45.1225705,-3.7419831],[-45.1226312,-3.7418953],[-45.122691,-3.7418085],[-45.1227501,-3.7417226],[-45.122806,-3.7416425],[-45.1228587,-3.7415683],[-45.1229083,-3.7414999],[-45.1229546,-3.7414373],[-45.1230036,-3.7413723],[-45.1230552,-3.7413048],[-45.1231095,-3.741235],[-45.1231664,-3.7411627],[-45.123227,-3.741088],[-45.1232912,-3.7410107],[-45.1233591,-3.7409309],[-45.1234306,-3.7408486],[-45.1234972,-3.7407742],[-45.123559,-3.7407075],[-45.123616,-3.7406487],[-45.123668,-3.7405977],[-45.123732,-3.7405366],[-45.1238078,-3.7404654],[-45.1238956,-3.740384],[-45.1239952,-3.7402926],[-45.1240849,-3.7402102],[-45.1241646,-3.7401368],[-45.1242344,-3.7400726],[-45.1242941,-3.7400174],[-45.1243428,-3.739973],[-45.1243804,-3.7399394],[-45.1244068,-3.7399166],[-45.1244222,-3.7399045],[-45.1244368,-3.7398933],[-45.1244505,-3.739883],[-45.1244634,-3.7398734],[-45.1244755,-3.7398647],[-45.1244874,-3.7398563],[-45.1244993,-3.739848],[-45.1245111,-3.7398401],[-45.1245228,-3.7398324],[-45.1245344,-3.7398248],[-45.1245462,-3.7398174],[-45.1245579,-3.7398102],[-45.1245697,-3.7398032],[-45.124581,-3.7397963],[-45.1245916,-3.7397896],[-45.1246017,-3.7397832],[-45.1246113,-3.7397769],[-45.124621,-3.7397705],[-45.1246309,-3.7397639],[-45.124641,-3.7397571],[-45.1246512,-3.7397503],[-45.1246656,-3.7397398],[-45.1246842,-3.7397257],[-45.1247068,-3.739708],[-45.1247336,-3.7396868],[-45.1247692,-3.7396577],[-45.1248136,-3.7396208],[-45.1248668,-3.7395761],[-45.1249288,-3.7395236],[-45.1249898,-3.7394727],[-45.1250497,-3.7394234],[-45.1251086,-3.7393756],[-45.1251665,-3.7393295],[-45.1252315,-3.7392779],[-45.1253035,-3.7392208],[-45.1253826,-3.7391582],[-45.1254688,-3.7390901],[-45.1255501,-3.7390252],[-45.1256265,-3.7389633],[-45.1256979,-3.7389046],[-45.1257643,-3.738849],[-45.1258276,-3.7387958],[-45.1258878,-3.7387452],[-45.1259448,-3.7386969],[-45.1259987,-3.7386512],[-45.1260425,-3.7386139],[-45.1260763,-3.738585],[-45.1261001,-3.7385645],[-45.1261139,-3.7385525],[-45.1261277,-3.7385409],[-45.1261415,-3.7385296],[-45.1261554,-3.7385186],[-45.1261692,-3.738508],[-45.1261839,-3.7384975],[-45.1261995,-3.7384871],[-45.1262159,-3.7384767],[-45.1262331,-3.7384665],[-45.1262587,-3.7384525],[-45.1262924,-3.7384347],[-45.1263344,-3.7384132],[-45.1263847,-3.738388],[-45.1264353,-3.738362],[-45.1264861,-3.7383354],[-45.1265372,-3.738308],[-45.1265886,-3.73828],[-45.1266474,-3.7382464],[-45.1267136,-3.7382073],[-45.1267872,-3.7381627],[-45.1268683,-3.7381125],[-45.1269473,-3.7380641],[-45.1270243,-3.7380173],[-45.1270992,-3.7379722],[-45.1271721,-3.7379288],[-45.1272457,-3.7378852],[-45.1273199,-3.7378414],[-45.1273948,-3.7377973],[-45.1274703,-3.737753],[-45.1275437,-3.7377099],[-45.1276151,-3.737668],[-45.1276844,-3.7376273],[-45.1277516,-3.7375878],[-45.1278105,-3.7375536],[-45.1278611,-3.7375246],[-45.1279034,-3.7375008],[-45.1279375,-3.7374824],[-45.1279714,-3.7374633],[-45.1280054,-3.7374435],[-45.1280392,-3.737423],[-45.1280731,-3.7374019],[-45.1281081,-3.7373793],[-45.1281443,-3.7373553],[-45.1281818,-3.7373298],[-45.1282205,-3.7373029],[-45.128259,-3.737276],[-45.1282974,-3.7372491],[-45.1283355,-3.7372222],[-45.1283736,-3.7371953],[-45.1284143,-3.7371665],[-45.1284577,-3.7371358],[-45.1285038,-3.7371032],[-45.1285526,-3.7370686],[-45.1285996,-3.7370347],[-45.1286448,-3.7370015],[-45.1286882,-3.7369689],[-45.1287298,-3.736937],[-45.1287738,-3.7369036],[-45.1288202,-3.7368686],[-45.128869,-3.736832],[-45.1289201,-3.7367939],[-45.1289734,-3.7367546],[-45.1290287,-3.7367141],[-45.1290861,-3.7366724],[-45.1291456,-3.7366295],[-45.1292021,-3.7365887],[-45.1292556,-3.7365501],[-45.129306,-3.7365135],[-45.1293535,-3.7364791],[-45.1294014,-3.7364441],[-45.1294497,-3.7364086],[-45.1294986,-3.7363726],[-45.1295478,-3.7363359],[-45.1295963,-3.7363001],[-45.1296441,-3.736265],[-45.129691,-3.7362306],[-45.1297372,-3.7361969],[-45.1297484,-3.7361886],[-45.1297762,-3.7361679],[-45.1298081,-3.7361436],[-45.1298327,-3.736124],[-45.1298533,-3.7361062],[-45.1298719,-3.7360888],[-45.1298976,-3.7360633],[-45.1299274,-3.7360326],[-45.1299612,-3.7359967],[-45.1299968,-3.7359583],[-45.1300341,-3.7359175],[-45.1300731,-3.7358743],[-45.1301139,-3.7358287],[-45.1301497,-3.7357876],[-45.1301804,-3.7357509],[-45.1302062,-3.7357187],[-45.130227,-3.735691],[-45.1302461,-3.7356643],[-45.1302636,-3.7356388],[-45.1302793,-3.7356142],[-45.1302934,-3.7355908],[-45.1303071,-3.7355659],[-45.1303202,-3.7355395],[-45.1303329,-3.7355117],[-45.1303452,-3.7354823],[-45.1303574,-3.7354533],[-45.1303697,-3.7354247],[-45.130382,-3.7353963],[-45.1303944,-3.7353684],[-45.1304061,-3.7353426],[-45.1304171,-3.735319],[-45.1304274,-3.7352977],[-45.130437,-3.7352786],[-45.1304478,-3.7352591],[-45.1304599,-3.7352392],[-45.1304731,-3.7352189],[-45.1304876,-3.7351982],[-45.1305042,-3.735177],[-45.1305229,-3.7351552],[-45.1305437,-3.7351329],[-45.1305666,-3.7351101],[-45.1305939,-3.7350843],[-45.1306257,-3.7350556],[-45.130662,-3.735024],[-45.1307027,-3.7349895],[-45.1307479,-3.734951],[-45.1307975,-3.7349084],[-45.1308515,-3.7348619],[-45.13091,-3.7348114],[-45.1309703,-3.7347614],[-45.1310324,-3.7347119],[-45.1310963,-3.7346629],[-45.1311621,-3.7346144],[-45.1312225,-3.7345688],[-45.1312777,-3.7345261],[-45.1313275,-3.7344864],[-45.131372,-3.7344495],[-45.1314156,-3.7344127],[-45.1314581,-3.734376],[-45.1314997,-3.7343394],[-45.1315402,-3.7343029],[-45.131579,-3.7342677],[-45.1316161,-3.7342339],[-45.1316514,-3.7342013],[-45.131685,-3.7341701],[-45.1317234,-3.734134],[-45.1317666,-3.7340929],[-45.1318145,-3.7340468],[-45.1318673,-3.7339958],[-45.1319193,-3.7339465],[-45.1319707,-3.7338992],[-45.1319927,-3.7338794],[-45.1320213,-3.7338536],[-45.1320713,-3.7338099],[-45.1321199,-3.7337674],[-45.1321671,-3.7337263],[-45.1322129,-3.7336864],[-45.1322573,-3.7336479],[-45.1322983,-3.7336132],[-45.1323358,-3.7335823],[-45.1323699,-3.7335553],[-45.1324005,-3.7335321],[-45.132433,-3.7335085],[-45.1324674,-3.7334845],[-45.1325037,-3.73346],[-45.1325418,-3.7334351],[-45.1325832,-3.7334095],[-45.1326276,-3.7333831],[-45.1326752,-3.7333558],[-45.1327259,-3.7333279],[-45.132775,-3.7333027],[-45.1328226,-3.7332803],[-45.1328686,-3.7332607],[-45.1329131,-3.7332439],[-45.1329573,-3.7332271],[-45.1330012,-3.7332105],[-45.133045,-3.733194],[-45.1330884,-3.7331775],[-45.133127,-3.7331632],[-45.1331608,-3.733151],[-45.1331897,-3.7331409],[-45.1332137,-3.7331329],[-45.1332377,-3.7331246],[-45.1332617,-3.7331162],[-45.1332856,-3.7331074],[-45.1333096,-3.7330984],[-45.1333327,-3.7330891],[-45.133355,-3.7330795],[-45.1333765,-3.7330696],[-45.1333971,-3.7330594],[-45.1334207,-3.7330465],[-45.1334473,-3.7330309],[-45.1334768,-3.7330125],[-45.1335093,-3.7329915],[-45.1335408,-3.7329694],[-45.1335714,-3.7329462],[-45.1336011,-3.7329219],[-45.1336298,-3.7328965],[-45.1336575,-3.7328709],[-45.1336842,-3.732845],[-45.1337098,-3.7328189],[-45.1337344,-3.7327925],[-45.1337599,-3.7327629],[-45.1337863,-3.73273],[-45.1338136,-3.7326938],[-45.1338417,-3.7326543],[-45.1338692,-3.7326149],[-45.1338961,-3.7325755],[-45.1339222,-3.7325362],[-45.1339477,-3.732497],[-45.1339741,-3.7324541],[-45.1340013,-3.7324077],[-45.1340294,-3.7323576],[-45.1340584,-3.732304],[-45.1340847,-3.7322551],[-45.1341084,-3.7322109],[-45.1341295,-3.7321716],[-45.134148,-3.732137],[-45.134168,-3.7321024],[-45.1341865,-3.7320727],[-45.1342064,-3.7320431],[-45.1342269,-3.732015],[-45.1342458,-3.7319875],[-45.1342633,-3.7319604],[-45.1342793,-3.7319337],[-45.1342938,-3.7319076],[-45.1343114,-3.7318699],[-45.134332,-3.7318206],[-45.1343556,-3.7317599],[-45.1343822,-3.7316876],[-45.1344071,-3.7316196],[-45.1344301,-3.731556],[-45.1344513,-3.7314968],[-45.1344708,-3.731442],[-45.1344885,-3.7313888],[-45.1345045,-3.7313372],[-45.1345189,-3.7312873],[-45.1345315,-3.7312391],[-45.1345435,-3.7311949],[-45.1345547,-3.7311547],[-45.1345654,-3.7311185],[-45.1345753,-3.7310864],[-45.1345874,-3.7310481],[-45.1346016,-3.7310034],[-45.134618,-3.7309526],[-45.1346366,-3.7308954],[-45.1346576,-3.730838],[-45.1346812,-3.7307802],[-45.1347072,-3.7307222],[-45.1347357,-3.7306639],[-45.1347608,-3.7306116],[-45.1347823,-3.7305653],[-45.1348003,-3.730525],[-45.1348148,-3.7304908],[-45.1348312,-3.7304552],[-45.1348495,-3.7304183],[-45.1348697,-3.73038],[-45.1348918,-3.7303404],[-45.1349165,-3.7302982],[-45.1349439,-3.7302534],[-45.1349739,-3.730206],[-45.1350065,-3.7301561],[-45.1350446,-3.7301033],[-45.1350882,-3.7300477],[-45.1351373,-3.7299892],[-45.1351918,-3.7299279],[-45.135245,-3.7298706],[-45.1352968,-3.7298173],[-45.1353474,-3.729768],[-45.1353965,-3.7297226],[-45.1354434,-3.7296798],[-45.135488,-3.7296396],[-45.1355303,-3.7296019],[-45.1355703,-3.7295668],[-45.1356075,-3.7295333],[-45.1356419,-3.7295016],[-45.1356735,-3.7294715],[-45.1357023,-3.7294431],[-45.1357309,-3.7294141],[-45.1357592,-3.7293847],[-45.1357874,-3.7293549],[-45.1358154,-3.7293245],[-45.135839,-3.7292986],[-45.1358584,-3.7292772],[-45.1358734,-3.7292603],[-45.1358841,-3.7292479],[-45.1358952,-3.7292355],[-45.1359065,-3.7292232],[-45.1359182,-3.7292108],[-45.1359302,-3.7291986],[-45.1359438,-3.7291854],[-45.1359591,-3.7291713],[-45.1359759,-3.7291563],[-45.1359943,-3.7291404],[-45.1360129,-3.7291247],[-45.1360315,-3.7291092],[-45.1360503,-3.7290939],[-45.1360692,-3.7290788],[-45.136098,-3.729056],[-45.1361367,-3.7290257],[-45.1361854,-3.7289878],[-45.136244,-3.7289423],[-45.1363012,-3.7289008],[-45.1363569,-3.7288633],[-45.1364113,-3.7288298],[-45.1364642,-3.7288003],[-45.136513,-3.728772],[-45.1365575,-3.7287448],[-45.1365979,-3.7287189],[-45.1366341,-3.7286942],[-45.1366665,-3.7286733],[-45.1366951,-3.7286562],[-45.1367199,-3.7286428],[-45.1367409,-3.7286333],[-45.1367616,-3.7286245],[-45.1367819,-3.7286165],[-45.1368019,-3.7286092],[-45.1368215,-3.7286028],[-45.1368412,-3.7285967],[-45.1368609,-3.728591],[-45.1368806,-3.7285855],[-45.1369003,-3.7285805],[-45.1369192,-3.7285761],[-45.1369372,-3.7285725],[-45.1369544,-3.7285697],[-45.1369707,-3.7285676],[-45.1369871,-3.7285658],[-45.1370036,-3.7285644],[-45.1370203,-3.7285632],[-45.137037,-3.7285624],[-45.1370568,-3.7285619],[-45.1370797,-3.7285616],[-45.1371056,-3.7285615],[-45.1371345,-3.7285616],[-45.1371685,-3.7285622],[-45.1372076,-3.7285632],[-45.1372518,-3.7285645],[-45.1373011,-3.7285662],[-45.1373519,-3.7285682],[-45.1374042,-3.7285703],[-45.1374581,-3.7285727],[-45.1375135,-3.7285753],[-45.1375645,-3.7285777],[-45.1376111,-3.72858],[-45.1376533,-3.7285823],[-45.1376911,-3.7285844],[-45.1377287,-3.7285861],[-45.1377659,-3.7285874],[-45.137803,-3.7285883],[-45.1378397,-3.7285887],[-45.1378763,-3.7285885],[-45.1379125,-3.7285876],[-45.1379486,-3.7285861],[-45.1379844,-3.728584],[-45.1380239,-3.7285808],[-45.1380671,-3.7285765],[-45.138114,-3.7285712],[-45.1381646,-3.7285647],[-45.138214,-3.728559],[-45.1382624,-3.7285541],[-45.1383096,-3.72855],[-45.1383557,-3.7285466],[-45.1383673,-3.728546],[-45.1384025,-3.7285442],[-45.1384498,-3.7285428],[-45.1384977,-3.7285423],[-45.1385461,-3.7285428],[-45.1385932,-3.7285437],[-45.1386389,-3.7285451],[-45.1386831,-3.7285469],[-45.138726,-3.7285493],[-45.1387678,-3.7285515],[-45.1388085,-3.7285538],[-45.1388482,-3.728556],[-45.1388868,-3.7285583],[-45.1389267,-3.7285611],[-45.138968,-3.7285645],[-45.1390105,-3.7285686],[-45.1390543,-3.7285733],[-45.1390989,-3.728579],[-45.1391444,-3.7285857],[-45.1391908,-3.7285934],[-45.139238,-3.728602],[-45.1392842,-3.7286113],[-45.1393295,-3.7286211],[-45.1393738,-3.7286315],[-45.1394171,-3.7286425],[-45.1394616,-3.7286554],[-45.1395074,-3.7286703],[-45.1395542,-3.728687],[-45.1396023,-3.7287057],[-45.1396555,-3.7287276],[-45.1397139,-3.7287528],[-45.1397774,-3.7287812],[-45.1398462,-3.7288129],[-45.1399157,-3.7288445],[-45.1399861,-3.728876],[-45.1400573,-3.7289075],[-45.1401293,-3.7289388],[-45.140198,-3.7289685],[-45.1402634,-3.7289964],[-45.1403254,-3.7290226],[-45.1403841,-3.7290471],[-45.1404439,-3.7290735],[-45.1405049,-3.7291018],[-45.1405671,-3.729132],[-45.1406305,-3.7291641],[-45.1406981,-3.7291991],[-45.14077,-3.7292369],[-45.1408463,-3.7292775],[-45.1409268,-3.7293209],[-45.1409993,-3.7293603],[-45.141064,-3.7293957],[-45.1411207,-3.729427],[-45.1411696,-3.7294544],[-45.1412185,-3.7294826],[-45.1412674,-3.7295116],[-45.1413165,-3.7295414],[-45.1413656,-3.7295721],[-45.1414089,-3.7295996],[-45.1414463,-3.7296239],[-45.1414779,-3.7296451],[-45.1415037,-3.729663],[-45.1415297,-3.7296809],[-45.1415558,-3.7296988],[-45.1415821,-3.7297167],[-45.1416085,-3.7297346],[-45.1416358,-3.7297537],[-45.1416638,-3.7297741],[-45.1416926,-3.7297958],[-45.1417222,-3.7298188],[-45.1417611,-3.7298517],[-45.1418093,-3.7298946],[-45.1418667,-3.7299475],[-45.1419334,-3.7300103],[-45.1419998,-3.7300714],[-45.1420659,-3.7301309],[-45.1421317,-3.7301887],[-45.1421972,-3.7302449],[-45.1422652,-3.7303029],[-45.1423357,-3.7303626],[-45.1424087,-3.7304242],[-45.1424842,-3.7304876],[-45.142561,-3.7305498],[-45.142639,-3.7306109],[-45.1427182,-3.730671],[-45.1427987,-3.7307299],[-45.1428711,-3.7307822],[-45.1429353,-3.7308281],[-45.1429914,-3.7308674],[-45.1430394,-3.7309002],[-45.1430865,-3.7309316],[-45.1431329,-3.7309615],[-45.1431784,-3.73099],[-45.1432232,-3.731017],[-45.1432673,-3.7310426],[-45.1433108,-3.7310667],[-45.1433537,-3.7310894],[-45.1433959,-3.7311106],[-45.1434537,-3.7311365],[-45.143527,-3.7311671],[-45.1436159,-3.7312024],[-45.1437203,-3.7312423],[-45.1438186,-3.7312799],[-45.1439108,-3.7313151],[-45.143997,-3.7313478],[-45.144077,-3.7313782],[-45.144155,-3.7314081],[-45.1442309,-3.7314376],[-45.1443048,-3.7314667],[-45.1443766,-3.7314954],[-45.1444436,-3.7315213],[-45.1445058,-3.7315443],[-45.1445633,-3.7315644],[-45.1446159,-3.7315816],[-45.1446677,-3.7315969],[-45.1447187,-3.7316101],[-45.1447538,-3.7316179],[-45.1447688,-3.7316213],[-45.144818,-3.7316304],[-45.1448622,-3.7316382],[-45.1449015,-3.7316447],[-45.1449358,-3.7316499],[-45.144965,-3.7316537],[-45.1449961,-3.7316571],[-45.145029,-3.7316601],[-45.1450637,-3.7316627],[-45.1451002,-3.7316649],[-45.1451383,-3.7316665],[-45.1451779,-3.7316674],[-45.1452191,-3.7316676],[-45.1452618,-3.7316673],[-45.1453074,-3.731666],[-45.145356,-3.7316637],[-45.1454075,-3.7316606],[-45.145462,-3.7316565],[-45.14551,-3.7316526],[-45.1455516,-3.731649],[-45.1455867,-3.7316456],[-45.1456153,-3.7316424],[-45.1456431,-3.7316388],[-45.14567,-3.7316348],[-45.145696,-3.7316303],[-45.1457212,-3.7316254],[-45.1457438,-3.7316206],[-45.145764,-3.7316158],[-45.1457817,-3.731611],[-45.145797,-3.7316063],[-45.1458128,-3.7316011],[-45.1458292,-3.7315954],[-45.1458462,-3.7315891],[-45.1458638,-3.7315824],[-45.1458815,-3.7315751],[-45.1458994,-3.7315673],[-45.1459175,-3.731559],[-45.1459357,-3.7315502],[-45.1459546,-3.7315405],[-45.1459741,-3.73153],[-45.1459943,-3.7315186],[-45.1460151,-3.7315063],[-45.1460361,-3.7314938],[-45.1460573,-3.731481],[-45.1460788,-3.731468],[-45.1461005,-3.7314546],[-45.146122,-3.7314414],[-45.1461374,-3.7314318],[-45.1461849,-3.7314023],[-45.1463157,-3.7313106],[-45.1470269,-3.7305265],[-45.1482061,-3.729473],[-45.1493833,-3.7299521],[-45.1512496,-3.7298554],[-45.1525249,-3.7289932],[-45.1538103,-3.7291946],[-45.1545887,-3.7294955],[-45.1747788,-3.7277911],[-45.2882213,-3.7182007],[-45.2876981,-3.7177566],[-45.2864109,-3.7161089],[-45.2861191,-3.7153926],[-45.2860603,-3.7139625],[-45.2861178,-3.7126971],[-45.2865261,-3.7111017],[-45.2865267,-3.7099467],[-45.2864095,-3.7089567],[-45.2845124,-3.7060684],[-45.2842771,-3.7049156],[-45.284041,-3.7015589],[-45.2838671,-3.7002931],[-45.2832811,-3.6991931],[-45.2823192,-3.6982317],[-45.2807998,-3.6972969],[-45.2793402,-3.6966927],[-45.2779971,-3.6964176],[-45.2769705,-3.6964586],[-45.2753105,-3.6963628],[-45.2742605,-3.6960334],[-45.2696756,-3.693752],[-45.265589,-3.691058],[-45.2634569,-3.6892708],[-45.2626619,-3.6890386],[-45.2625099,-3.6889942],[-45.261296,-3.6889422],[-45.2603629,-3.6892719],[-45.2594293,-3.6900968],[-45.2585537,-3.6912531],[-45.2583193,-3.6922985],[-45.2573013,-3.693921],[-45.2563652,-3.6949121],[-45.2557783,-3.6951862],[-45.2544384,-3.6948558],[-45.2533875,-3.6939775],[-45.252337,-3.6939771],[-45.2515786,-3.6941967],[-45.2511694,-3.6939773],[-45.2506726,-3.6932349],[-45.2504402,-3.6916951],[-45.2502639,-3.6886683],[-45.2499701,-3.6877885],[-45.2491534,-3.6867981],[-45.2472258,-3.683993],[-45.2458529,-3.6825359],[-45.2448019,-3.6817659],[-45.2428169,-3.6814918],[-45.2419412,-3.6808325],[-45.2411811,-3.6796791],[-45.2407138,-3.6775864],[-45.2404519,-3.6773934],[-45.2392244,-3.6738738],[-45.2385237,-3.6727201],[-45.2381145,-3.6722245],[-45.2369457,-3.6716196],[-45.2361279,-3.6707401],[-45.2356611,-3.6699703],[-45.2350483,-3.6685681],[-45.2350298,-3.6671538],[-45.2349892,-3.663947],[-45.234697,-3.6623522],[-45.2349307,-3.661196],[-45.235746,-3.6596556],[-45.2360669,-3.6581427],[-45.2360669,-3.6564926],[-45.23554,-3.6544029],[-45.2346639,-3.6534121],[-45.2339652,-3.6529718],[-45.2328549,-3.6526437],[-45.2318035,-3.6526424],[-45.2306656,-3.6531105],[-45.229965,-3.6532209],[-45.2290877,-3.6529996],[-45.2280383,-3.6523423],[-45.227804,-3.6513505],[-45.2277465,-3.649867],[-45.2278619,-3.6486551],[-45.2276857,-3.647335],[-45.227104,-3.6457955],[-45.2264883,-3.6447785],[-45.2256734,-3.6440645],[-45.2231021,-3.6434586],[-45.2221681,-3.6429651],[-45.2209416,-3.6418092],[-45.2188983,-3.6405997],[-45.2168833,-3.6404613],[-45.2160663,-3.6399681],[-45.215365,-3.6394178],[-45.2134401,-3.6388129],[-45.2113944,-3.636832],[-45.2103509,-3.6361239],[-45.20979,-3.6352103],[-45.2092049,-3.633451],[-45.2083295,-3.6314707],[-45.2065772,-3.6301497],[-45.2051181,-3.6292159],[-45.2033961,-3.6273741],[-45.2021689,-3.6266598],[-45.2002416,-3.625835],[-45.1989013,-3.6255601],[-45.1948008,-3.6257753],[-45.1946765,-3.6257822],[-45.1941992,-3.6258071],[-45.1929157,-3.6254229],[-45.1906379,-3.6245428],[-45.1895302,-3.6245983],[-45.1874269,-3.6252036],[-45.186377,-3.6256994],[-45.1850042,-3.6258917],[-45.1830195,-3.6255078],[-45.1817946,-3.6248471],[-45.1809178,-3.6240218],[-45.1805683,-3.6230317],[-45.1801579,-3.6223735],[-45.1789321,-3.6214366],[-45.1784652,-3.6206661],[-45.1781442,-3.6191544],[-45.1780278,-3.6176133],[-45.1777343,-3.6165139],[-45.1766839,-3.6155796],[-45.1756336,-3.615195],[-45.1744065,-3.615302],[-45.1732967,-3.6161305],[-45.1721293,-3.6172311],[-45.1708754,-3.6182477],[-45.1700579,-3.6183587],[-45.1696494,-3.6182501],[-45.169124,-3.6174791],[-45.1691238,-3.6150044],[-45.168714,-3.6142881],[-45.1679561,-3.6140127],[-45.1657367,-3.6143434],[-45.163899,-3.6148664],[-45.1633147,-3.6145917],[-45.162847,-3.6140966],[-45.1628463,-3.611402],[-45.1634302,-3.6083761],[-45.163255,-3.6070544],[-45.1623493,-3.6049365],[-45.1615915,-3.6042786],[-45.1604224,-3.604169],[-45.1582042,-3.6043881],[-45.1570367,-3.6041132],[-45.1564535,-3.6034543],[-45.155869,-3.6021903],[-45.1554337,-3.6015051],[-45.1547311,-3.6010059],[-45.1540298,-3.6007328],[-45.1536793,-3.6001253],[-45.1528039,-3.5989694],[-45.1519273,-3.5983104],[-45.1502344,-3.5975416],[-45.1477828,-3.5970452],[-45.1459436,-3.597074],[-45.1448922,-3.5965241],[-45.1444259,-3.5959745],[-45.1434908,-3.5955892],[-45.1425585,-3.5945445],[-45.1419745,-3.5936104],[-45.1413311,-3.5920143],[-45.1401623,-3.5911327],[-45.1366312,-3.5891827],[-45.1352317,-3.5887966],[-45.1319012,-3.5885224],[-45.1309391,-3.5883237],[-45.1300635,-3.5872831],[-45.1300049,-3.5861852],[-45.130822,-3.5848088],[-45.1302955,-3.5838734],[-45.127961,-3.5833783],[-45.1269715,-3.5826672],[-45.1259175,-3.5817295],[-45.1255994,-3.5803816],[-45.1258892,-3.5786212],[-45.1265292,-3.5764773],[-45.1269963,-3.5744407],[-45.1268197,-3.5727894],[-45.1261194,-3.5713064],[-45.1250397,-3.5702317],[-45.1241059,-3.5686929],[-45.1232322,-3.5676461],[-45.1226652,-3.5672609],[-45.1196217,-3.5658065],[-45.1168139,-3.5641711],[-45.1139464,-3.5634127],[-45.1125956,-3.5629244],[-45.1112231,-3.562065],[-45.1103516,-3.5611568],[-45.1096525,-3.560018],[-45.1088397,-3.559365],[-45.1080717,-3.5590956],[-45.1074331,-3.5588717],[-45.1060272,-3.5575679],[-45.101297,-3.5585369],[-45.0995488,-3.5589439],[-45.0984194,-3.559575],[-45.097755,-3.5600069],[-45.0963597,-3.561535],[-45.0950642,-3.5626645],[-45.0938018,-3.5627641],[-45.0923734,-3.5631296],[-45.0908453,-3.5639933],[-45.0893504,-3.5641261],[-45.0879219,-3.5632957],[-45.0865599,-3.5633289],[-45.0849654,-3.5636279],[-45.0836366,-3.5647573],[-45.0821085,-3.5648902],[-45.0778564,-3.5652888],[-45.077501,-3.5670503],[-45.0732671,-3.5688912],[-45.0651675,-3.5710081],[-45.0628664,-3.5691673],[-45.0602893,-3.5701798],[-45.0580803,-3.5722967],[-45.0505329,-3.5721126],[-45.0451024,-3.5720206],[-45.0406844,-3.5724808],[-45.0381993,-3.5711922],[-45.0341495,-3.5711002],[-45.0313579,-3.5710455],[-45.0306545,-3.5710869],[-45.029984,-3.5715334],[-45.0293429,-3.5718363],[-45.0286301,-3.5715533],[-45.026757,-3.571554],[-45.0244226,-3.5726097],[-45.0237175,-3.5727315],[-45.0224048,-3.5722238],[-45.0213618,-3.5721021],[-45.0206956,-3.5723055],[-45.0195708,-3.5729146],[-45.0187772,-3.5735269],[-45.018198,-3.5742137],[-45.0175107,-3.5752809],[-45.0159647,-3.5759743],[-45.0137703,-3.5777111],[-45.0120735,-3.5782664],[-45.0101158,-3.5786333],[-45.0088666,-3.5790803],[-45.0080749,-3.579405],[-45.0074429,-3.5799661],[-45.0066408,-3.5804273],[-45.0046807,-3.5811265],[-45.0036372,-3.5808867],[-45.0030539,-3.5808873],[-45.0014707,-3.5817018],[-45.0009766,-3.5820624],[-45.0005351,-3.5826548],[-44.9996329,-3.5841845],[-44.9996188,-3.5842083],[-44.9982774,-3.5855129],[-44.9972729,-3.5871459],[-45.0008181,-3.5962049],[-45.0341433,-3.6813954],[-45.0367312,-3.688346],[-45.047358,-3.7168873],[-45.0478494,-3.7172217],[-45.0478719,-3.7172331],[-45.0478574,-3.7172449],[-45.0478693,-3.7172555],[-45.0478845,-3.7172677],[-45.0478951,-3.7172776],[-45.0479068,-3.7172873],[-45.0479156,-3.7172968],[-45.047924,-3.7173065],[-45.0479338,-3.7173156],[-45.0479644,-3.7173464],[-45.0479963,-3.7173796],[-45.0480293,-3.7174153],[-45.0480636,-3.7174533],[-45.0480986,-3.7174935],[-45.0481342,-3.7175358],[-45.0481706,-3.7175802],[-45.0482076,-3.7176268],[-45.0482477,-3.7176756],[-45.0482909,-3.7177266],[-45.0483371,-3.7177799],[-45.0483864,-3.7178355],[-45.0484405,-3.717895],[-45.0484996,-3.7179585],[-45.0485635,-3.7180259],[-45.0486323,-3.7180973],[-45.0487102,-3.7181764],[-45.0487972,-3.7182633],[-45.0488933,-3.718358],[-45.0489515,-3.7184147],[-45.0489985,-3.7184605],[-45.0490864,-3.718548],[-45.049157,-3.7186206],[-45.0492103,-3.7186781],[-45.0492463,-3.7187207],[-45.0492801,-3.7187627],[-45.0493117,-3.718804],[-45.0493409,-3.7188447],[-45.049368,-3.7188847],[-45.0493916,-3.7189217],[-45.0494117,-3.7189556],[-45.0494284,-3.7189864],[-45.0494416,-3.7190142],[-45.0494534,-3.7190402],[-45.049464,-3.7190645],[-45.0494732,-3.7190871],[-45.0494811,-3.719108],[-45.049488,-3.7191275],[-45.049494,-3.7191458],[-45.049499,-3.7191629],[-45.0495031,-3.7191787],[-45.0495066,-3.719196],[-45.0495096,-3.719215],[-45.0495121,-3.7192354],[-45.049514,-3.7192575],[-45.0495151,-3.7192875],[-45.0495154,-3.7193255],[-45.0495149,-3.7193714],[-45.0495135,-3.7194254],[-45.04951,-3.7194829],[-45.0495042,-3.7195439],[-45.0494963,-3.7196086],[-45.0494861,-3.7196767],[-45.0494721,-3.7197513],[-45.0494543,-3.7198323],[-45.0494326,-3.7199196],[-45.0494072,-3.7200133],[-45.0493825,-3.7201006],[-45.0493587,-3.7201814],[-45.0493356,-3.7202558],[-45.0493132,-3.7203237],[-45.0492867,-3.7204013],[-45.049256,-3.7204888],[-45.0492211,-3.720586],[-45.0491821,-3.7206931],[-45.0491449,-3.7207919],[-45.0491098,-3.7208824],[-45.0490843,-3.7209457],[-45.0490766,-3.7209647],[-45.0490454,-3.7210388],[-45.0490158,-3.7211101],[-45.0489879,-3.7211789],[-45.0489615,-3.7212449],[-45.0489368,-3.7213083],[-45.0489079,-3.7213758],[-45.0488748,-3.7214473],[-45.0488375,-3.7215229],[-45.048796,-3.7216025],[-45.0487537,-3.7216781],[-45.0487105,-3.7217495],[-45.0486991,-3.7217668],[-45.0486664,-3.7218167],[-45.04863,-3.7218679],[-45.0484915,-3.7220822],[-45.0483493,-3.7223329],[-45.0483604,-3.7223562],[-45.0483409,-3.7223555],[-45.0483269,-3.7223928],[-45.0483097,-3.7224427],[-45.0482949,-3.7225041],[-45.0482824,-3.7225768],[-45.0482723,-3.722661],[-45.0482645,-3.7227565],[-45.0482595,-3.7228419],[-45.0482574,-3.7229171],[-45.048258,-3.7229822],[-45.0482615,-3.723037],[-45.0482654,-3.7230892],[-45.0482697,-3.7231386],[-45.0482744,-3.7231853],[-45.0482796,-3.7232292],[-45.0482865,-3.7232737],[-45.0482952,-3.7233187],[-45.0483056,-3.7233642],[-45.0483177,-3.7234103],[-45.0483343,-3.723462],[-45.0483555,-3.7235193],[-45.0483812,-3.7235823],[-45.0484114,-3.723651],[-45.0484464,-3.7237208],[-45.0484863,-3.7237916],[-45.0485309,-3.7238636],[-45.0485804,-3.7239367],[-45.0486255,-3.7240007],[-45.0486663,-3.7240556],[-45.0487028,-3.7241016],[-45.0487349,-3.7241384],[-45.0487703,-3.7241749],[-45.0488087,-3.7242109],[-45.0488504,-3.7242464],[-45.0488952,-3.7242815],[-45.0489439,-3.7243163],[-45.0489968,-3.7243507],[-45.0490536,-3.7243847],[-45.0491144,-3.7244184],[-45.0491788,-3.7244537],[-45.049247,-3.7244904],[-45.0493188,-3.7245287],[-45.0493943,-3.7245686],[-45.0494716,-3.7246084],[-45.0495508,-3.7246482],[-45.0496318,-3.7246881],[-45.0497147,-3.7247279],[-45.0497895,-3.7247634],[-45.0498561,-3.7247946],[-45.0499146,-3.7248214],[-45.0499651,-3.7248439],[-45.0500123,-3.7248623],[-45.0500562,-3.7248767],[-45.050097,-3.7248869],[-45.0501345,-3.724893],[-45.0501762,-3.7248961],[-45.0502219,-3.7248961],[-45.0502718,-3.7248931],[-45.0503258,-3.7248871],[-45.0503816,-3.7248778],[-45.0504394,-3.7248653],[-45.0504991,-3.7248497],[-45.0505607,-3.7248308],[-45.0506263,-3.724808],[-45.050696,-3.724781],[-45.0507696,-3.72475],[-45.0508473,-3.7247149],[-45.0509198,-3.7246787],[-45.0509872,-3.7246411],[-45.0510494,-3.7246024],[-45.0511065,-3.7245624],[-45.0511574,-3.7245223],[-45.0512024,-3.724482],[-45.0512412,-3.7244416],[-45.051274,-3.7244011],[-45.0513038,-3.7243568],[-45.0513305,-3.7243087],[-45.0513542,-3.7242568],[-45.0513749,-3.7242012],[-45.0513958,-3.7241438],[-45.0514169,-3.7240848],[-45.0514382,-3.7240241],[-45.0514596,-3.7239616],[-45.0514824,-3.7238873],[-45.0515065,-3.7238011],[-45.0515319,-3.723703],[-45.0515586,-3.723593],[-45.0515803,-3.7234949],[-45.0515969,-3.7234086],[-45.0516086,-3.7233343],[-45.0516152,-3.7232718],[-45.0516194,-3.7232112],[-45.051621,-3.7231525],[-45.05162,-3.7230958],[-45.0516166,-3.7230409],[-45.0516117,-3.7229781],[-45.0516056,-3.7229073],[-45.051598,-3.7228286],[-45.0515891,-3.7227419],[-45.0515787,-3.7226583],[-45.051567,-3.722578],[-45.0515538,-3.7225007],[-45.0515393,-3.7224266],[-45.0515239,-3.7223624],[-45.0515077,-3.722308],[-45.0514907,-3.7222634],[-45.0514728,-3.7222286],[-45.0514525,-3.722192],[-45.0514296,-3.7221536],[-45.0514042,-3.7221135],[-45.0513857,-3.7220856],[-45.0513763,-3.7220715],[-45.0513399,-3.7220242],[-45.0512949,-3.7219716],[-45.0512414,-3.7219138],[-45.0511794,-3.7218506],[-45.051122,-3.7217943],[-45.0510692,-3.7217451],[-45.0510211,-3.7217029],[-45.0509777,-3.7216677],[-45.0509318,-3.7216273],[-45.0508834,-3.7215817],[-45.0508325,-3.721531],[-45.0507792,-3.7214751],[-45.0507287,-3.7214176],[-45.0506812,-3.7213586],[-45.0506365,-3.7212979],[-45.0505947,-3.7212356],[-45.0505554,-3.7211751],[-45.0505187,-3.7211164],[-45.0504844,-3.7210595],[-45.0504527,-3.7210045],[-45.0504241,-3.7209511],[-45.0503988,-3.7208995],[-45.0503766,-3.7208496],[-45.0503576,-3.7208015],[-45.0503387,-3.7207434],[-45.05032,-3.7206754],[-45.0503014,-3.7205975],[-45.0502829,-3.7205096],[-45.0502673,-3.7204313],[-45.0502546,-3.7203624],[-45.0502447,-3.7203031],[-45.0502376,-3.7202532],[-45.0502315,-3.7202023],[-45.0502262,-3.7201502],[-45.0502219,-3.7200971],[-45.0502185,-3.7200429],[-45.0502156,-3.7199954],[-45.050213,-3.7199546],[-45.0502108,-3.7199205],[-45.0502091,-3.719893],[-45.0502089,-3.7198675],[-45.0502102,-3.7198438],[-45.050213,-3.7198221],[-45.0502173,-3.7198022],[-45.0502223,-3.7197839],[-45.0502279,-3.7197672],[-45.0502342,-3.7197522],[-45.0502412,-3.7197387],[-45.0502487,-3.7197249],[-45.0502567,-3.7197108],[-45.0502652,-3.7196963],[-45.0502743,-3.7196814],[-45.0502825,-3.7196659],[-45.0502898,-3.7196498],[-45.0502962,-3.7196331],[-45.0503018,-3.7196158],[-45.0503063,-3.7195937],[-45.0503098,-3.7195668],[-45.0503124,-3.7195351],[-45.0503139,-3.7194987],[-45.0503147,-3.7194639],[-45.0503149,-3.719431],[-45.0503143,-3.7193997],[-45.0503131,-3.7193702],[-45.0503109,-3.7193354],[-45.0503077,-3.7192953],[-45.0503036,-3.71925],[-45.0502985,-3.7191993],[-45.0502935,-3.7191507],[-45.0502888,-3.7191044],[-45.0502843,-3.7190602],[-45.0502799,-3.7190182],[-45.0502765,-3.7189793],[-45.0502741,-3.7189435],[-45.0502726,-3.7189109],[-45.050272,-3.7188813],[-45.0502736,-3.718848],[-45.0502775,-3.718811],[-45.0502835,-3.7187703],[-45.0502917,-3.7187258],[-45.0503007,-3.7186823],[-45.0503104,-3.7186398],[-45.0503209,-3.7185981],[-45.0503321,-3.7185575],[-45.0503441,-3.7185169],[-45.0503567,-3.7184764],[-45.05037,-3.7184361],[-45.0503839,-3.7183958],[-45.0504007,-3.7183526],[-45.0504202,-3.7183065],[-45.0504425,-3.7182575],[-45.0504675,-3.7182055],[-45.0505011,-3.7181408],[-45.0505431,-3.7180635],[-45.0505936,-3.7179734],[-45.0506525,-3.7178707],[-45.0507143,-3.7177669],[-45.0507788,-3.717662],[-45.050846,-3.7175561],[-45.0509161,-3.717449],[-45.0509847,-3.7173473],[-45.051052,-3.7172509],[-45.0511179,-3.7171599],[-45.0511824,-3.7170742],[-45.0512429,-3.7169916],[-45.0512996,-3.7169123],[-45.0513523,-3.7168362],[-45.0514011,-3.7167633],[-45.0514469,-3.7166947],[-45.0514897,-3.7166304],[-45.0515295,-3.7165704],[-45.0515664,-3.7165147],[-45.0516057,-3.71646],[-45.0516474,-3.7164062],[-45.0516915,-3.7163534],[-45.0517381,-3.7163016],[-45.0517814,-3.7162557],[-45.0518213,-3.7162159],[-45.0518579,-3.7161821],[-45.0518911,-3.7161543],[-45.0519239,-3.7161279],[-45.0519562,-3.716103],[-45.051988,-3.7160795],[-45.0520193,-3.7160574],[-45.0520497,-3.716036],[-45.0520792,-3.7160153],[-45.0521077,-3.7159952],[-45.0521353,-3.7159758],[-45.052168,-3.7159554],[-45.0522057,-3.7159342],[-45.0522484,-3.7159121],[-45.0522962,-3.7158891],[-45.0523428,-3.715868],[-45.0523882,-3.7158489],[-45.0524325,-3.7158317],[-45.0524755,-3.7158165],[-45.0525285,-3.7158004],[-45.0525912,-3.7157835],[-45.0526639,-3.7157657],[-45.0527463,-3.7157471],[-45.0528233,-3.7157294],[-45.0528949,-3.7157127],[-45.052961,-3.715697],[-45.0530216,-3.7156823],[-45.0530876,-3.7156678],[-45.053159,-3.7156534],[-45.0532358,-3.7156393],[-45.053318,-3.7156254],[-45.0534158,-3.7156088],[-45.0535292,-3.7155894],[-45.0536581,-3.7155674],[-45.0538026,-3.7155426],[-45.0539391,-3.7155179],[-45.0540674,-3.7154932],[-45.0541877,-3.7154686],[-45.0543,-3.7154439],[-45.0544052,-3.7154196],[-45.0545033,-3.7153955],[-45.0545944,-3.7153718],[-45.0546785,-3.7153483],[-45.0547551,-3.7153259],[-45.0548242,-3.7153047],[-45.0548859,-3.7152847],[-45.0549401,-3.7152658],[-45.0549905,-3.7152461],[-45.0550371,-3.7152255],[-45.05508,-3.7152041],[-45.0551191,-3.7151819],[-45.0551534,-3.715161],[-45.055183,-3.7151416],[-45.0552079,-3.7151236],[-45.0552279,-3.7151071],[-45.0552466,-3.7150896],[-45.0552638,-3.7150713],[-45.0552796,-3.7150521],[-45.055294,-3.715032],[-45.0553069,-3.7150114],[-45.0553181,-3.7149902],[-45.0553278,-3.7149685],[-45.055336,-3.7149462],[-45.0553428,-3.7149181],[-45.0553482,-3.7148839],[-45.0553523,-3.7148439],[-45.055355,-3.7147979],[-45.0553571,-3.7147449],[-45.0553585,-3.7146849],[-45.0553594,-3.7146179],[-45.0553597,-3.7145438],[-45.0553605,-3.714478],[-45.0553618,-3.7144203],[-45.0553637,-3.7143709],[-45.0553661,-3.7143296],[-45.0553661,-3.7142847],[-45.0553635,-3.7142362],[-45.0553585,-3.714184],[-45.0553509,-3.7141281],[-45.0553437,-3.7140677],[-45.055337,-3.7140027],[-45.0553308,-3.7139331],[-45.055325,-3.7138589],[-45.0553194,-3.7137874],[-45.055314,-3.7137185],[-45.0553089,-3.7136524],[-45.055304,-3.7135889],[-45.0552993,-3.7135294],[-45.0552948,-3.713474],[-45.0552905,-3.7134225],[-45.0552863,-3.7133751],[-45.0552808,-3.713323],[-45.0552738,-3.7132661],[-45.0552653,-3.7132044],[-45.0552555,-3.713138],[-45.0552453,-3.7130768],[-45.0552347,-3.7130209],[-45.0552237,-3.7129702],[-45.0552123,-3.7129248],[-45.0552025,-3.7128844],[-45.0551944,-3.7128491],[-45.0551879,-3.7128189],[-45.055183,-3.7127938],[-45.0551798,-3.712767],[-45.0551783,-3.7127385],[-45.0551786,-3.7127084],[-45.0551805,-3.7126766],[-45.0551835,-3.7126433],[-45.0551875,-3.7126087],[-45.0551926,-3.7125726],[-45.0551987,-3.712535],[-45.0552062,-3.7124957],[-45.0552151,-3.7124545],[-45.0552253,-3.7124116],[-45.0552368,-3.7123668],[-45.0552537,-3.7123134],[-45.0552758,-3.7122512],[-45.0553033,-3.7121804],[-45.055336,-3.7121008],[-45.0553658,-3.7120301],[-45.0553927,-3.7119682],[-45.0554166,-3.7119151],[-45.0554377,-3.7118709],[-45.0554601,-3.7118275],[-45.055484,-3.7117851],[-45.0555093,-3.7117435],[-45.055536,-3.7117028],[-45.0555662,-3.7116583],[-45.0556,-3.7116099],[-45.0556373,-3.7115577],[-45.0556782,-3.7115016],[-45.0557168,-3.711451],[-45.0557532,-3.7114058],[-45.0557874,-3.7113659],[-45.0558194,-3.7113315],[-45.0558585,-3.7112923],[-45.0559048,-3.7112482],[-45.0559582,-3.7111993],[-45.0560188,-3.7111455],[-45.05609,-3.7110845],[-45.0561718,-3.7110161],[-45.0562642,-3.7109404],[-45.0563673,-3.7108573],[-45.0564662,-3.7107802],[-45.0565609,-3.710709],[-45.0566514,-3.7106437],[-45.0567377,-3.7105844],[-45.0568231,-3.7105271],[-45.0569074,-3.710472],[-45.0569907,-3.7104189],[-45.0570731,-3.710368],[-45.0571644,-3.7103164],[-45.0572648,-3.7102643],[-45.0573742,-3.7102115],[-45.0574927,-3.710158],[-45.0575975,-3.7101125],[-45.0576888,-3.7100749],[-45.0577664,-3.7100453],[-45.0578305,-3.7100235],[-45.0578973,-3.7099995],[-45.057967,-3.7099732],[-45.0580396,-3.7099447],[-45.0581149,-3.7099139],[-45.0581941,-3.7098809],[-45.0582771,-3.7098457],[-45.058364,-3.7098083],[-45.0584548,-3.7097687],[-45.0585369,-3.7097348],[-45.0586105,-3.7097065],[-45.0586754,-3.7096838],[-45.0587318,-3.7096668],[-45.0587912,-3.7096496],[-45.0588536,-3.7096324],[-45.058919,-3.7096151],[-45.0589875,-3.7095976],[-45.059058,-3.7095804],[-45.0591305,-3.7095633],[-45.059205,-3.7095463],[-45.0592816,-3.7095295],[-45.0593533,-3.7095147],[-45.0594202,-3.7095018],[-45.0594821,-3.7094908],[-45.0595392,-3.7094818],[-45.059594,-3.7094741],[-45.0596466,-3.7094678],[-45.059697,-3.7094629],[-45.0597451,-3.7094594],[-45.0597873,-3.7094567],[-45.0598235,-3.7094549],[-45.0598536,-3.7094539],[-45.0598779,-3.7094538],[-45.059901,-3.7094543],[-45.0599232,-3.7094554],[-45.0599443,-3.7094571],[-45.0599643,-3.7094594],[-45.0599841,-3.709463],[-45.0600038,-3.709468],[-45.0600231,-3.7094744],[-45.0600423,-3.7094821],[-45.0600662,-3.7094942],[-45.0600947,-3.7095105],[-45.0601279,-3.7095312],[-45.0601657,-3.7095561],[-45.0602061,-3.7095832],[-45.060249,-3.7096124],[-45.0602945,-3.7096438],[-45.0603425,-3.7096773],[-45.0603907,-3.7097115],[-45.0604392,-3.7097467],[-45.060488,-3.7097826],[-45.0605369,-3.7098194],[-45.0605833,-3.7098553],[-45.0606271,-3.7098905],[-45.0606683,-3.7099249],[-45.0607069,-3.7099586],[-45.0607422,-3.7099901],[-45.0607742,-3.7100194],[-45.0608029,-3.7100466],[-45.0608283,-3.7100716],[-45.0608527,-3.7100959],[-45.0608762,-3.7101196],[-45.0608986,-3.7101426],[-45.0609201,-3.710165],[-45.0609384,-3.7101846],[-45.0609537,-3.7102014],[-45.0609659,-3.7102155],[-45.0609749,-3.7102268],[-45.0609893,-3.7102469],[-45.061009,-3.7102758],[-45.061034,-3.7103135],[-45.0610643,-3.7103599],[-45.0610956,-3.7104097],[-45.0611278,-3.7104627],[-45.061161,-3.710519],[-45.0611951,-3.7105786],[-45.0612313,-3.7106382],[-45.0612695,-3.7106978],[-45.0612881,-3.7107253],[-45.0613097,-3.7107573],[-45.0613519,-3.7108169],[-45.0613881,-3.710869],[-45.0614063,-3.7108961],[-45.0614182,-3.7109138],[-45.0614424,-3.7109513],[-45.0614605,-3.7109813],[-45.0614777,-3.7110114],[-45.0614942,-3.7110416],[-45.0615098,-3.7110719],[-45.0615245,-3.7111022],[-45.0615383,-3.7111361],[-45.061551,-3.7111737],[-45.0615626,-3.7112149],[-45.0615733,-3.7112597],[-45.0615829,-3.7113038],[-45.0615914,-3.7113471],[-45.0615988,-3.7113897],[-45.0616051,-3.7114316],[-45.0616101,-3.7114691],[-45.0616137,-3.7115025],[-45.0616159,-3.7115315],[-45.0616167,-3.7115564],[-45.0616158,-3.7115807],[-45.0616132,-3.7116044],[-45.0616089,-3.7116277],[-45.0616028,-3.7116504],[-45.061596,-3.7116715],[-45.0615887,-3.711691],[-45.0615806,-3.7117089],[-45.061572,-3.7117251],[-45.0615569,-3.7117496],[-45.0615356,-3.7117825],[-45.0615079,-3.7118236],[-45.0614739,-3.711873],[-45.0614421,-3.7119212],[-45.0614126,-3.7119682],[-45.0613853,-3.712014],[-45.0613603,-3.7120585],[-45.061331,-3.7121149],[-45.0612976,-3.7121831],[-45.0612601,-3.7122631],[-45.0612183,-3.7123549],[-45.0611806,-3.7124409],[-45.0611469,-3.7125213],[-45.0611173,-3.7125959],[-45.0610917,-3.7126647],[-45.0610679,-3.712729],[-45.0610458,-3.7127888],[-45.0610256,-3.7128441],[-45.0610167,-3.7128685],[-45.0610072,-3.7128948],[-45.0609881,-3.7129474],[-45.0609683,-3.713002],[-45.0609478,-3.7130585],[-45.0609267,-3.7131168],[-45.0609095,-3.7131681],[-45.0608962,-3.7132123],[-45.0608868,-3.7132495],[-45.0608814,-3.7132796],[-45.0608777,-3.7133071],[-45.0608759,-3.7133322],[-45.0608758,-3.7133547],[-45.0608776,-3.7133748],[-45.0608824,-3.7133969],[-45.0608902,-3.7134211],[-45.0609011,-3.7134474],[-45.060915,-3.7134758],[-45.0609328,-3.7135059],[-45.0609544,-3.7135376],[-45.0609799,-3.713571],[-45.0610092,-3.7136062],[-45.061041,-3.7136411],[-45.0610753,-3.7136757],[-45.0610873,-3.7136869],[-45.0611122,-3.7137102],[-45.0611515,-3.7137444],[-45.0611958,-3.7137801],[-45.0612451,-3.7138171],[-45.0612995,-3.7138556],[-45.0613588,-3.7138955],[-45.0614204,-3.7139362],[-45.0614843,-3.7139777],[-45.0615504,-3.71402],[-45.0616187,-3.7140632],[-45.0616852,-3.7141038],[-45.0617498,-3.7141419],[-45.0618124,-3.7141774],[-45.0618732,-3.7142105],[-45.0619382,-3.714243],[-45.0620077,-3.7142749],[-45.0620814,-3.7143063],[-45.0621594,-3.7143372],[-45.0622328,-3.7143645],[-45.0623015,-3.7143885],[-45.0623656,-3.7144089],[-45.0624249,-3.714426],[-45.0624811,-3.7144429],[-45.062534,-3.7144598],[-45.0625838,-3.7144767],[-45.0626303,-3.7144934],[-45.0626715,-3.7145092],[-45.0627075,-3.7145239],[-45.0627381,-3.7145375],[-45.0627634,-3.7145501],[-45.0627882,-3.7145639],[-45.0628124,-3.7145789],[-45.062836,-3.7145952],[-45.0628591,-3.7146127],[-45.0628827,-3.7146332],[-45.062907,-3.7146566],[-45.0629318,-3.714683],[-45.0629573,-3.7147124],[-45.0629821,-3.7147427],[-45.0630064,-3.7147739],[-45.0630301,-3.714806],[-45.0630531,-3.714839],[-45.0630798,-3.714882],[-45.06311,-3.7149352],[-45.0631438,-3.7149986],[-45.0631812,-3.715072],[-45.0632208,-3.7151476],[-45.0632626,-3.7152253],[-45.0633066,-3.7153053],[-45.0633193,-3.7153278],[-45.0633528,-3.7153873],[-45.0634023,-3.715471],[-45.0634552,-3.7155562],[-45.0635114,-3.7156429],[-45.0635709,-3.7157313],[-45.063631,-3.7158188],[-45.0636918,-3.7159057],[-45.0637532,-3.7159918],[-45.0638151,-3.7160773],[-45.0638755,-3.7161576],[-45.0639342,-3.7162329],[-45.0639913,-3.7163031],[-45.0640468,-3.7163682],[-45.0640957,-3.7164255],[-45.0641381,-3.7164749],[-45.0641738,-3.7165165],[-45.064203,-3.7165503],[-45.0642289,-3.7165824],[-45.0642514,-3.7166127],[-45.0642705,-3.7166413],[-45.0642863,-3.7166682],[-45.0643038,-3.7166989],[-45.064323,-3.7167336],[-45.0643439,-3.7167721],[-45.0643664,-3.7168146],[-45.0643902,-3.716855],[-45.0644151,-3.7168936],[-45.0644411,-3.7169301],[-45.0644684,-3.7169648],[-45.0644944,-3.7169948],[-45.0645192,-3.7170202],[-45.0645427,-3.717041],[-45.064565,-3.7170572],[-45.0645874,-3.7170714],[-45.06461,-3.7170836],[-45.0646327,-3.7170937],[-45.0646557,-3.7171018],[-45.0646781,-3.7171089],[-45.0647002,-3.717115],[-45.0647219,-3.7171202],[-45.0647431,-3.7171244],[-45.0647655,-3.7171273],[-45.0647892,-3.717129],[-45.0648142,-3.7171293],[-45.0648403,-3.7171284],[-45.0648699,-3.7171258],[-45.0649028,-3.7171215],[-45.0649391,-3.7171157],[-45.0649788,-3.7171082],[-45.0650175,-3.7170999],[-45.065055,-3.7170909],[-45.0650915,-3.7170811],[-45.0651269,-3.7170706],[-45.06517,-3.7170586],[-45.0652095,-3.7170481],[-45.0652206,-3.7170451],[-45.0652788,-3.7170301],[-45.0653447,-3.7170136],[-45.0654175,-3.7169968],[-45.0654975,-3.7169797],[-45.0655844,-3.7169623],[-45.0656784,-3.7169447],[-45.0657732,-3.7169268],[-45.0658689,-3.7169087],[-45.0659653,-3.7168903],[-45.0660626,-3.7168717],[-45.0661592,-3.7168547],[-45.0662551,-3.7168392],[-45.0663502,-3.7168254],[-45.0664447,-3.7168131],[-45.0665415,-3.7168007],[-45.0666407,-3.7167883],[-45.0667422,-3.7167759],[-45.0668461,-3.7167635],[-45.0669419,-3.7167526],[-45.0670295,-3.7167432],[-45.0671091,-3.7167354],[-45.0671805,-3.7167292],[-45.0672492,-3.7167216],[-45.067315,-3.7167129],[-45.067378,-3.7167028],[-45.0674383,-3.7166915],[-45.0674946,-3.71668],[-45.0675471,-3.7166683],[-45.0675957,-3.7166565],[-45.0676404,-3.7166445],[-45.0676848,-3.716632],[-45.0677289,-3.716619],[-45.0677728,-3.7166054],[-45.0678163,-3.7165913],[-45.0678617,-3.7165771],[-45.0679089,-3.7165629],[-45.0679579,-3.7165486],[-45.0680088,-3.7165343],[-45.0680613,-3.7165207],[-45.0681154,-3.716508],[-45.0681712,-3.7164961],[-45.0682286,-3.716485],[-45.0682838,-3.7164748],[-45.0683369,-3.7164654],[-45.0683877,-3.7164569],[-45.0684362,-3.7164494],[-45.0684839,-3.716443],[-45.0685306,-3.7164379],[-45.0685764,-3.716434],[-45.0686213,-3.7164314],[-45.068666,-3.7164293],[-45.0687106,-3.7164278],[-45.0687551,-3.7164268],[-45.0687994,-3.7164263],[-45.0688638,-3.7164276],[-45.0689482,-3.7164307],[-45.0690526,-3.7164355],[-45.0691769,-3.7164421],[-45.0692964,-3.7164499],[-45.0694109,-3.7164587],[-45.0695204,-3.7164686],[-45.069625,-3.7164796],[-45.0697187,-3.7164893],[-45.0698015,-3.7164975],[-45.0698734,-3.7165043],[-45.0699344,-3.7165098],[-45.0699955,-3.7165159],[-45.0700567,-3.7165226],[-45.0701179,-3.71653],[-45.0701791,-3.7165381],[-45.0702453,-3.7165482],[-45.0703163,-3.7165601],[-45.0703922,-3.716574],[-45.070473,-3.7165898],[-45.0705759,-3.7166091],[-45.070701,-3.7166318],[-45.0708483,-3.7166579],[-45.0710178,-3.7166875],[-45.0711684,-3.716714],[-45.0713004,-3.7167374],[-45.0714135,-3.7167578],[-45.0715079,-3.7167751],[-45.0716055,-3.7167955],[-45.0717065,-3.716819],[-45.0718107,-3.7168455],[-45.0719183,-3.7168751],[-45.0720304,-3.716907],[-45.0721471,-3.7169412],[-45.0722684,-3.7169777],[-45.0723942,-3.7170165],[-45.0725208,-3.7170519],[-45.0726481,-3.7170838],[-45.072776,-3.7171123],[-45.0729047,-3.7171374],[-45.0730421,-3.7171597],[-45.0731881,-3.7171792],[-45.0733428,-3.7171959],[-45.0735062,-3.7172099],[-45.073655,-3.7172223],[-45.0737891,-3.7172331],[-45.0739087,-3.7172423],[-45.0740137,-3.7172499],[-45.0741161,-3.7172543],[-45.0742162,-3.7172553],[-45.0743137,-3.717253],[-45.0743514,-3.7172507],[-45.0744087,-3.7172473],[-45.0745013,-3.7172407],[-45.0745915,-3.7172332],[-45.0746792,-3.7172247],[-45.0747645,-3.7172152],[-45.0748552,-3.7172014],[-45.0749511,-3.7171832],[-45.0750525,-3.7171607],[-45.0751591,-3.7171339],[-45.0752744,-3.7171016],[-45.0753982,-3.7170639],[-45.0755307,-3.7170207],[-45.0756718,-3.716972],[-45.0758088,-3.7169193],[-45.0759418,-3.7168626],[-45.0760707,-3.7168018],[-45.0761956,-3.7167371],[-45.076307,-3.7166728],[-45.076405,-3.7166091],[-45.0764897,-3.7165458],[-45.0765609,-3.7164831],[-45.0766211,-3.7164257],[-45.0766704,-3.7163736],[-45.0767087,-3.7163268],[-45.076736,-3.7162854],[-45.0767612,-3.7162459],[-45.0767841,-3.7162082],[-45.0768049,-3.7161724],[-45.0768234,-3.7161385],[-45.0768411,-3.7160986],[-45.076858,-3.7160527],[-45.076874,-3.7160009],[-45.0768891,-3.715943],[-45.0769015,-3.7158773],[-45.0769112,-3.7158038],[-45.0769182,-3.7157225],[-45.0769225,-3.7156333],[-45.0769254,-3.7155469],[-45.0769268,-3.7154634],[-45.0769268,-3.7154159],[-45.0769268,-3.7153826],[-45.0769254,-3.7153047],[-45.076921,-3.715223],[-45.0769135,-3.7151375],[-45.076903,-3.7150483],[-45.0768895,-3.7149553],[-45.076875,-3.7148627],[-45.0768595,-3.7147705],[-45.0768431,-3.7146788],[-45.0768257,-3.7145874],[-45.0768116,-3.7144965],[-45.076801,-3.7144059],[-45.0767938,-3.7143157],[-45.07679,-3.7142259],[-45.0767887,-3.7141419],[-45.0767899,-3.7140637],[-45.0767937,-3.7139914],[-45.0768,-3.7139249],[-45.0768073,-3.7138627],[-45.0768157,-3.7138048],[-45.0768252,-3.7137511],[-45.0768356,-3.7137018],[-45.0768463,-3.7136581],[-45.0768571,-3.7136202],[-45.0768681,-3.7135879],[-45.0768792,-3.7135614],[-45.0768918,-3.713536],[-45.0769058,-3.7135119],[-45.0769213,-3.7134891],[-45.0769383,-3.7134674],[-45.0769567,-3.7134476],[-45.0769767,-3.7134297],[-45.0769982,-3.7134137],[-45.0770211,-3.7133996],[-45.077045,-3.7133877],[-45.0770697,-3.7133782],[-45.0770953,-3.7133709],[-45.0771218,-3.7133659],[-45.0771637,-3.7133636],[-45.0772209,-3.7133639],[-45.0772935,-3.713367],[-45.0773815,-3.7133728],[-45.0774781,-3.7133815],[-45.0775834,-3.7133931],[-45.0776974,-3.7134077],[-45.07782,-3.7134252],[-45.0779514,-3.713443],[-45.0780916,-3.713461],[-45.0782406,-3.7134793],[-45.0783983,-3.7134978],[-45.0785526,-3.7135159],[-45.0787035,-3.7135336],[-45.0788511,-3.713551],[-45.0789952,-3.713568],[-45.0791469,-3.7135877],[-45.0793064,-3.7136101],[-45.0794734,-3.7136352],[-45.0796481,-3.7136629],[-45.0798167,-3.7136906],[-45.0799792,-3.7137181],[-45.0801357,-3.7137454],[-45.0802861,-3.7137726],[-45.0804281,-3.7137959],[-45.0805616,-3.7138151],[-45.0806868,-3.7138304],[-45.0808035,-3.7138418],[-45.080918,-3.7138511],[-45.0810304,-3.7138584],[-45.0811405,-3.7138637],[-45.0812484,-3.7138671],[-45.0813489,-3.7138713],[-45.0814418,-3.7138762],[-45.0815273,-3.7138821],[-45.0816053,-3.7138887],[-45.0816761,-3.713897],[-45.0817399,-3.7139069],[-45.0817966,-3.7139184],[-45.0818462,-3.7139315],[-45.0818977,-3.713945],[-45.081951,-3.7139589],[-45.0820062,-3.713973],[-45.0820634,-3.7139876],[-45.0821169,-3.7140034],[-45.0821668,-3.7140206],[-45.0822132,-3.714039],[-45.082256,-3.7140588],[-45.0822944,-3.7140787],[-45.0823284,-3.7140986],[-45.0823581,-3.7141185],[-45.0823834,-3.7141385],[-45.0824065,-3.7141589],[-45.0824275,-3.7141796],[-45.0824463,-3.7142006],[-45.082463,-3.7142221],[-45.0824798,-3.714249],[-45.0824968,-3.7142815],[-45.0825139,-3.7143195],[-45.0825312,-3.7143631],[-45.0825452,-3.7144055],[-45.0825558,-3.7144466],[-45.0825632,-3.7144865],[-45.082566,-3.7145134],[-45.0825672,-3.7145251],[-45.0825707,-3.7145765],[-45.0825736,-3.7146405],[-45.082576,-3.7147171],[-45.0825777,-3.7148065],[-45.0825767,-3.7148903],[-45.0825728,-3.7149687],[-45.082566,-3.7150416],[-45.0825564,-3.7151091],[-45.0825473,-3.7151753],[-45.0825385,-3.7152404],[-45.0825301,-3.7153042],[-45.0825221,-3.7153668],[-45.082513,-3.7154303],[-45.0825029,-3.7154948],[-45.0824916,-3.7155602],[-45.0824793,-3.7156265],[-45.0824683,-3.7156879],[-45.0824588,-3.7157442],[-45.0824506,-3.7157956],[-45.0824439,-3.7158419],[-45.0824312,-3.7158989],[-45.0824126,-3.7159664],[-45.0824038,-3.7159943],[-45.082388,-3.7160446],[-45.0823574,-3.7161334],[-45.0823258,-3.7162206],[-45.0822933,-3.7163062],[-45.0822598,-3.7163902],[-45.0822253,-3.7164726],[-45.08219,-3.7165504],[-45.0821523,-3.7166265],[-45.0821173,-3.716692],[-45.0820798,-3.7167558],[-45.0820484,-3.7168079],[-45.082023,-3.7168481],[-45.0820036,-3.7168766],[-45.0819902,-3.7168932],[-45.0819767,-3.7169097],[-45.081963,-3.716926],[-45.0819491,-3.7169422],[-45.081935,-3.7169583],[-45.0819143,-3.7169787],[-45.0818869,-3.7170037],[-45.0818528,-3.7170331],[-45.081812,-3.7170669],[-45.0817588,-3.7171087],[-45.0816932,-3.7171586],[-45.0816151,-3.7172164],[-45.0815247,-3.7172821],[-45.0814315,-3.7173476],[-45.0813356,-3.7174129],[-45.081237,-3.7174779],[-45.0811357,-3.7175426],[-45.081027,-3.7176115],[-45.0809109,-3.7176845],[-45.0807875,-3.7177618],[-45.0806567,-3.7178432],[-45.0805454,-3.7179115],[-45.0804537,-3.7179666],[-45.0803815,-3.7180086],[-45.0803288,-3.7180374],[-45.0802715,-3.7180683],[-45.0802095,-3.7181013],[-45.0801427,-3.7181364],[-45.0800713,-3.7181736],[-45.080006,-3.7182067],[-45.0799468,-3.7182356],[-45.0798937,-3.7182603],[-45.0798467,-3.7182809],[-45.0798049,-3.7182988],[-45.0797682,-3.7183139],[-45.0797366,-3.7183264],[-45.0797102,-3.7183361],[-45.0796852,-3.7183447],[-45.0796617,-3.7183521],[-45.0796395,-3.7183584],[-45.0796188,-3.7183636],[-45.079597,-3.7183689],[-45.0795743,-3.7183745],[-45.0795506,-3.7183802],[-45.0795259,-3.718386],[-45.0795008,-3.7183912],[-45.0794753,-3.7183958],[-45.0794494,-3.7183998],[-45.0794231,-3.7184031],[-45.0793944,-3.718406],[-45.0793633,-3.7184086],[-45.0793299,-3.7184107],[-45.079294,-3.7184125],[-45.0792615,-3.7184134],[-45.0792322,-3.7184135],[-45.0792062,-3.7184126],[-45.0791836,-3.7184109],[-45.0791611,-3.7184085],[-45.0791388,-3.7184054],[-45.0791166,-3.7184016],[-45.0790947,-3.7183972],[-45.0790731,-3.7183922],[-45.0790518,-3.7183869],[-45.0790307,-3.7183811],[-45.07901,-3.7183748],[-45.0789881,-3.7183676],[-45.078965,-3.7183593],[-45.0789407,-3.7183501],[-45.0789153,-3.7183399],[-45.0788878,-3.7183292],[-45.0788585,-3.7183182],[-45.0788271,-3.7183067],[-45.0787938,-3.7182948],[-45.0787588,-3.7182832],[-45.0787221,-3.718272],[-45.0786838,-3.718261],[-45.0786439,-3.7182504],[-45.0786038,-3.7182408],[-45.0785637,-3.7182322],[-45.0785235,-3.7182246],[-45.0784832,-3.718218],[-45.0784375,-3.7182119],[-45.0783862,-3.7182063],[-45.0783294,-3.7182012],[-45.0782671,-3.7181966],[-45.0782051,-3.7181934],[-45.0781434,-3.7181918],[-45.0780819,-3.7181916],[-45.0780208,-3.7181929],[-45.0779673,-3.7181949],[-45.0779215,-3.7181975],[-45.0778833,-3.7182009],[-45.0778527,-3.7182049],[-45.0778238,-3.7182095],[-45.0777966,-3.7182145],[-45.0777712,-3.7182201],[-45.0777475,-3.7182262],[-45.0777247,-3.7182324],[-45.0777027,-3.7182387],[-45.0776816,-3.7182451],[-45.0776613,-3.7182516],[-45.0776403,-3.7182598],[-45.0776186,-3.7182698],[-45.0775963,-3.7182815],[-45.0775732,-3.718295],[-45.0775507,-3.7183099],[-45.0775285,-3.7183263],[-45.0775069,-3.7183442],[-45.0774857,-3.7183635],[-45.0774633,-3.7183882],[-45.0774397,-3.7184182],[-45.0774149,-3.7184535],[-45.0773888,-3.7184941],[-45.0773668,-3.7185348],[-45.0773488,-3.7185755],[-45.0773349,-3.7186164],[-45.0773249,-3.7186572],[-45.0773157,-3.7186983],[-45.0773072,-3.7187396],[-45.0772994,-3.7187811],[-45.0772924,-3.7188228],[-45.0772856,-3.7188689],[-45.0772791,-3.7189194],[-45.0772729,-3.7189744],[-45.077267,-3.7190338],[-45.0772624,-3.7190853],[-45.0772592,-3.719129],[-45.0772572,-3.7191648],[-45.0772567,-3.7191928],[-45.0772579,-3.7192215],[-45.077261,-3.719251],[-45.0772659,-3.7192813],[-45.0772727,-3.7193123],[-45.0772825,-3.7193444],[-45.0772955,-3.7193776],[-45.0773117,-3.7194119],[-45.0773309,-3.7194472],[-45.0773531,-3.7194819],[-45.0773783,-3.7195161],[-45.0774065,-3.7195496],[-45.0774376,-3.7195825],[-45.0774708,-3.7196141],[-45.0775061,-3.7196443],[-45.0775434,-3.7196732],[-45.0775828,-3.7197007],[-45.0776264,-3.7197236],[-45.0776375,-3.7197279],[-45.0776741,-3.719742],[-45.0777259,-3.7197558],[-45.0777819,-3.719765],[-45.0778342,-3.7197724],[-45.0778828,-3.7197779],[-45.0779277,-3.7197815],[-45.0779689,-3.7197833],[-45.0780126,-3.7197835],[-45.0780589,-3.7197822],[-45.0781078,-3.7197792],[-45.0781592,-3.7197747],[-45.0782087,-3.7197687],[-45.0782561,-3.7197612],[-45.0783016,-3.7197522],[-45.0783451,-3.7197417],[-45.0784057,-3.7197289],[-45.0784834,-3.7197141],[-45.0785783,-3.719697],[-45.0786904,-3.7196778],[-45.0788059,-3.7196583],[-45.0789249,-3.7196384],[-45.0790475,-3.7196183],[-45.0791735,-3.7195979],[-45.0792985,-3.7195783],[-45.0794223,-3.7195598],[-45.0795451,-3.7195421],[-45.0796668,-3.7195254],[-45.0797695,-3.7195117],[-45.0798534,-3.719501],[-45.0799183,-3.7194933],[-45.0799643,-3.7194886],[-45.080007,-3.7194849],[-45.0800465,-3.7194821],[-45.0800827,-3.7194803],[-45.0801156,-3.7194794],[-45.0801537,-3.7194805],[-45.080197,-3.7194834],[-45.0802455,-3.7194883],[-45.0802993,-3.719495],[-45.0803594,-3.7195042],[-45.0804261,-3.7195159],[-45.0804991,-3.71953],[-45.0805786,-3.7195466],[-45.0806643,-3.7195643],[-45.0807561,-3.7195832],[-45.0808541,-3.7196032],[-45.0809582,-3.7196244],[-45.0810592,-3.7196445],[-45.0811571,-3.7196635],[-45.0812518,-3.7196815],[-45.0813435,-3.7196983],[-45.0814372,-3.7197162],[-45.0815331,-3.7197351],[-45.081631,-3.7197549],[-45.0817311,-3.7197758],[-45.0818296,-3.7197979],[-45.0819265,-3.7198214],[-45.0820218,-3.7198462],[-45.0821156,-3.7198723],[-45.0822002,-3.7198966],[-45.0822755,-3.7199189],[-45.0823415,-3.7199394],[-45.0823983,-3.7199579],[-45.082458,-3.7199805],[-45.0825205,-3.720007],[-45.0825859,-3.7200374],[-45.0826542,-3.7200718],[-45.0827237,-3.7201066],[-45.0827944,-3.7201418],[-45.0828663,-3.7201774],[-45.0829394,-3.7202134],[-45.0830109,-3.7202503],[-45.0830809,-3.7202883],[-45.0831492,-3.7203272],[-45.083216,-3.7203671],[-45.0832797,-3.7204072],[-45.0833404,-3.7204473],[-45.0833981,-3.7204875],[-45.0834527,-3.7205278],[-45.0835089,-3.7205684],[-45.0835667,-3.7206095],[-45.083626,-3.7206509],[-45.0836868,-3.7206927],[-45.0836954,-3.7206983],[-45.0837389,-3.7207224],[-45.0837498,-3.7207337],[-45.0838149,-3.7207741],[-45.0838821,-3.7208138],[-45.0839515,-3.7208528],[-45.0840285,-3.7208949],[-45.0841132,-3.72094],[-45.0842055,-3.7209881],[-45.0843055,-3.7210392],[-45.0843966,-3.7210844],[-45.0844788,-3.7211236],[-45.084552,-3.7211569],[-45.0846163,-3.7211843],[-45.084685,-3.7212142],[-45.0847582,-3.7212469],[-45.0848358,-3.7212821],[-45.0849178,-3.72132],[-45.0850016,-3.7213571],[-45.0850872,-3.7213933],[-45.0851746,-3.7214288],[-45.0852638,-3.7214634],[-45.0853561,-3.7214983],[-45.0854518,-3.7215337],[-45.0855506,-3.7215695],[-45.0855984,-3.7215864],[-45.0856278,-3.7215964],[-45.0856733,-3.721609]]]]}},{"type":"Feature","properties":{"fid":70,"CD_MUN":"2112803","NM_MUN":"Viana","CD_RGI":"210005","NM_RGI":"Viana","CD_RGINT":"2101","NM_RGINT":"São Luís","CD_UF":"21","NM_UF":"Maranhão","SIGLA_UF":"MA","CD_REGIAO":"2","NM_REGIAO":"Nordeste","SIGLA_RG":"NE","CD_CONCURB":null,"NM_CONCURB":null,"AREA_KM2":1166.745},"geometry":{"type":"MultiPolygon","coordinates":[[[[-44.895227,-3.293842],[-44.8962175,-3.2940264],[-44.8967949,-3.2958276],[-44.8959034,-3.2977647],[-44.8954076,-3.2998151],[-44.89638,-3.3016181],[-44.8976304,-3.3016563],[-44.8996528,-3.3007324],[-44.901601,-3.3003259],[-44.9027907,-3.3003161],[-44.9042752,-3.3006333],[-44.9069356,-3.3017657],[-44.908265,-3.3026128],[-44.9160478,-3.3069212],[-44.9185994,-3.3073481],[-44.9207691,-3.3074312],[-44.9229662,-3.307068],[-44.9241308,-3.3065596],[-44.9257432,-3.3056918],[-44.9279022,-3.3043868],[-44.9305488,-3.3024003],[-44.9321545,-3.3009778],[-44.9316338,-3.2989804],[-44.9293797,-3.296612],[-44.9279888,-3.2942218],[-44.9281574,-3.292404],[-44.929046,-3.2916707],[-44.9308496,-3.2914351],[-44.9328203,-3.2922121],[-44.9354029,-3.2930937],[-44.9395162,-3.2940588],[-44.9404914,-3.2926028],[-44.9401249,-3.2913544],[-44.9392714,-3.2893237],[-44.9392722,-3.287164],[-44.9399272,-3.2861776],[-44.9419679,-3.2859914],[-44.94332,-3.2874201],[-44.9458172,-3.2905607],[-44.9458264,-3.2926125],[-44.9451898,-3.2936527],[-44.9441859,-3.2959864],[-44.9447106,-3.2985367],[-44.9445725,-3.3008578],[-44.9441563,-3.3030691],[-44.9437937,-3.3043502],[-44.943248,-3.3055761],[-44.9419581,-3.3072936],[-44.939324,-3.310462],[-44.9386027,-3.31229],[-44.9387658,-3.3142243],[-44.9398551,-3.3160438],[-44.9414661,-3.3169963],[-44.9425159,-3.3164422],[-44.9433526,-3.3154709],[-44.9444906,-3.3138449],[-44.9463755,-3.3134779],[-44.9467966,-3.3156441],[-44.9457074,-3.3186228],[-44.9448795,-3.3204946],[-44.943188,-3.3235062],[-44.9419379,-3.3251919],[-44.9404883,-3.326547],[-44.9389902,-3.3261395],[-44.9373521,-3.3250072],[-44.9357685,-3.3261647],[-44.9356861,-3.3282619],[-44.9371619,-3.3301216],[-44.9389361,-3.3317222],[-44.9399629,-3.3324908],[-44.9422109,-3.3338493],[-44.944967,-3.336303],[-44.9466037,-3.3367154],[-44.9482702,-3.3355481],[-44.9502134,-3.3346297],[-44.9509592,-3.3364086],[-44.9505171,-3.3385876],[-44.9514629,-3.3402334],[-44.9533802,-3.3404734],[-44.9545967,-3.3400906],[-44.9564087,-3.3390531],[-44.960086,-3.3362837],[-44.9624635,-3.3350968],[-44.9644322,-3.3342465],[-44.9662437,-3.3330688],[-44.9671581,-3.3322651],[-44.9684333,-3.3308913],[-44.9702135,-3.3300687],[-44.9722722,-3.330292],[-44.9770721,-3.3327376],[-44.9781147,-3.3333607],[-44.982848,-3.3352269],[-44.9849658,-3.3354784],[-44.9862981,-3.3355236],[-44.988441,-3.3352885],[-44.9919139,-3.335462],[-44.9924368,-3.335348],[-44.99349,-3.3351172],[-44.9948787,-3.3338131],[-44.9961043,-3.3320555],[-44.9977438,-3.3306839],[-44.9988995,-3.3289828],[-44.9992346,-3.3278602],[-45.0003208,-3.3262862],[-45.0028283,-3.3257362],[-45.0038735,-3.3243021],[-45.0044658,-3.3234949],[-45.0052951,-3.3223532],[-45.0075643,-3.3201821],[-45.0082699,-3.319507],[-45.009862,-3.3197733],[-45.0103593,-3.319495],[-45.0111581,-3.319048],[-45.0127698,-3.3179548],[-45.0129705,-3.3182308],[-45.0139598,-3.3195914],[-45.0139743,-3.3195634],[-45.0153154,-3.3169772],[-45.0158219,-3.3159999],[-45.0160495,-3.3159807],[-45.0179373,-3.3158215],[-45.0198281,-3.3148103],[-45.0203271,-3.3132683],[-45.0211044,-3.3120005],[-45.0226894,-3.3128509],[-45.0231799,-3.3121655],[-45.0236792,-3.3114679],[-45.0206583,-3.3085105],[-45.0201316,-3.3069514],[-45.019358,-3.3051353],[-45.0186559,-3.303973],[-45.0188525,-3.3020353],[-45.0184882,-3.3006303],[-45.0182056,-3.2988491],[-45.0162943,-3.2985542],[-45.0177438,-3.2963784],[-45.0179885,-3.2938988],[-45.0205441,-3.2941879],[-45.0218522,-3.2936189],[-45.0204317,-3.2925788],[-45.0190501,-3.2913274],[-45.0201247,-3.2907089],[-45.0227409,-3.2911629],[-45.0227365,-3.2910485],[-45.0226073,-3.287917],[-45.0235179,-3.2856184],[-45.023883,-3.2838492],[-45.0223314,-3.2822809],[-45.0199945,-3.2814936],[-45.0194585,-3.2796565],[-45.0193267,-3.2792033],[-45.0331273,-3.2393634],[-45.0670019,-3.2601237],[-45.0727922,-3.2642641],[-45.073026,-3.2644312],[-45.0730421,-3.2643964],[-45.0730565,-3.2642171],[-45.0732028,-3.2623948],[-45.073592,-3.260095],[-45.0737504,-3.2598206],[-45.0746597,-3.2582463],[-45.0748181,-3.257972],[-45.0749207,-3.2577943],[-45.0753545,-3.2572499],[-45.0760979,-3.2565138],[-45.0768863,-3.2551985],[-45.0770939,-3.254255],[-45.0771944,-3.2527967],[-45.0773961,-3.2517227],[-45.0774521,-3.2514287],[-45.0775923,-3.2506941],[-45.0782261,-3.2495697],[-45.0793765,-3.2488277],[-45.080489,-3.2486604],[-45.0817172,-3.2484438],[-45.0824541,-3.2485635],[-45.0826818,-3.2488333],[-45.0827439,-3.2493802],[-45.082604,-3.2499808],[-45.0819981,-3.2510474],[-45.0813546,-3.2518031],[-45.0811394,-3.2526341],[-45.0811926,-3.2535189],[-45.0817434,-3.253867],[-45.0820921,-3.2539101],[-45.0825996,-3.2536933],[-45.0833559,-3.2530952],[-45.084507,-3.2523517],[-45.0871778,-3.2508026],[-45.088144,-3.2506004],[-45.0888667,-3.2506892],[-45.0908296,-3.2515942],[-45.0915498,-3.2519649],[-45.0917761,-3.2525822],[-45.0917289,-3.2532304],[-45.0914631,-3.2539202],[-45.0909022,-3.2544114],[-45.0900328,-3.2545826],[-45.089121,-3.2546959],[-45.0880728,-3.2551663],[-45.0878157,-3.2556578],[-45.0878317,-3.2565111],[-45.0881123,-3.257139],[-45.0884197,-3.2574973],[-45.0888368,-3.2577626],[-45.0895622,-3.2578384],[-45.0905238,-3.2575623],[-45.0915823,-3.2570937],[-45.0925344,-3.2562749],[-45.0930438,-3.2557225],[-45.0935568,-3.2549714],[-45.0938277,-3.2542102],[-45.0940048,-3.2530814],[-45.0941273,-3.2517287],[-45.093809,-3.2509204],[-45.0933407,-3.250385],[-45.0920274,-3.2499139],[-45.0905035,-3.2495634],[-45.0890862,-3.2492993],[-45.0887374,-3.2491432],[-45.0883886,-3.2489871],[-45.0880644,-3.2485177],[-45.0881209,-3.2481696],[-45.08822,-3.2480053],[-45.0883405,-3.2478778],[-45.0883171,-3.2478436],[-45.0885723,-3.2476325],[-45.0926561,-3.2442529],[-45.0972917,-3.2401935],[-45.1017257,-3.2363106],[-45.1117346,-3.226075],[-45.1135087,-3.224145],[-45.1194669,-3.2176661],[-45.1327348,-3.2035772],[-45.1342684,-3.2013589],[-45.1345629,-3.2012601],[-45.1352107,-3.2006449],[-45.1358566,-3.2002261],[-45.1360141,-3.2001239],[-45.1364261,-3.2000478],[-45.1368381,-3.1999717],[-45.1376509,-3.2003192],[-45.1381404,-3.200862],[-45.138537,-3.2015071],[-45.1404597,-3.2030321],[-45.1421209,-3.2036825],[-45.1430954,-3.2045512],[-45.1435496,-3.205738],[-45.1445438,-3.2069462],[-45.1456464,-3.2073416],[-45.1460015,-3.2068907],[-45.1457915,-3.2057708],[-45.1454417,-3.2047955],[-45.1447216,-3.203603],[-45.1418546,-3.2007038],[-45.1399189,-3.1982048],[-45.1389878,-3.1960877],[-45.1388713,-3.1938088],[-45.1389284,-3.1932432],[-45.1391076,-3.191467],[-45.1402723,-3.1886691],[-45.1420146,-3.1868711],[-45.1437221,-3.1852734],[-45.1443222,-3.1836998],[-45.144384,-3.1833146],[-45.1444641,-3.1828417],[-45.1444804,-3.1822737],[-45.1444835,-3.1820623],[-45.1445803,-3.1817913],[-45.1448742,-3.1809677],[-45.1449476,-3.1808459],[-45.1450128,-3.1807743],[-45.1451438,-3.1807376],[-45.1455541,-3.1806802],[-45.1456681,-3.1806874],[-45.1458647,-3.1807309],[-45.1459395,-3.180735],[-45.1462047,-3.1806977],[-45.1463756,-3.1806909],[-45.1466047,-3.1806837],[-45.146682,-3.1806658],[-45.1467944,-3.1805681],[-45.1469026,-3.1804757],[-45.1470461,-3.1803897],[-45.147216,-3.1803009],[-45.1473848,-3.1802447],[-45.1477156,-3.1801028],[-45.1477918,-3.180077],[-45.1478966,-3.1800884],[-45.1480478,-3.1801037],[-45.1481406,-3.1800723],[-45.1482328,-3.1799858],[-45.1483346,-3.1798481],[-45.1484164,-3.179786],[-45.148527,-3.1797436],[-45.1487362,-3.1796358],[-45.1489718,-3.1794383],[-45.1491177,-3.1792616],[-45.1494675,-3.1788881],[-45.1498325,-3.1784476],[-45.1501001,-3.1781721],[-45.1502705,-3.1780135],[-45.1503924,-3.1779456],[-45.150541,-3.177891],[-45.1507056,-3.1778695],[-45.1509645,-3.1778555],[-45.1516131,-3.1778029],[-45.1520447,-3.1777769],[-45.1525488,-3.1777641],[-45.1530153,-3.1777357],[-45.1532936,-3.1777224],[-45.1534185,-3.1777041],[-45.1535556,-3.17764],[-45.1537771,-3.177568],[-45.1538935,-3.1775222],[-45.1540874,-3.1774517],[-45.1542299,-3.1773567],[-45.1543036,-3.177329],[-45.1544597,-3.1773188],[-45.154749,-3.1772779],[-45.1549474,-3.1772231],[-45.1553966,-3.1770406],[-45.1556014,-3.1769331],[-45.1557525,-3.1767768],[-45.1560614,-3.1763927],[-45.1562388,-3.1761373],[-45.1563452,-3.1760059],[-45.1564697,-3.1757133],[-45.1565772,-3.1755083],[-45.1567328,-3.1752379],[-45.15689,-3.1750076],[-45.1569994,-3.1748796],[-45.1570866,-3.1747857],[-45.1571738,-3.1747416],[-45.1574237,-3.1746445],[-45.1575497,-3.1746207],[-45.1577254,-3.1745965],[-45.1578429,-3.1745897],[-45.1581592,-3.1744931],[-45.1584417,-3.1743586],[-45.1586309,-3.1742551],[-45.1587844,-3.1741173],[-45.1588911,-3.1740146],[-45.1590182,-3.1739194],[-45.1591502,-3.1738473],[-45.1591928,-3.1738329],[-45.1592354,-3.1738186],[-45.1593361,-3.1738165],[-45.1594321,-3.1738195],[-45.1595331,-3.1738443],[-45.1596181,-3.1738936],[-45.15972,-3.1739109],[-45.1598279,-3.1739005],[-45.1599268,-3.1739014],[-45.1600062,-3.1739072],[-45.160178,-3.1739542],[-45.1604186,-3.17402],[-45.160669,-3.174094],[-45.1607792,-3.1741266],[-45.1609221,-3.1741607],[-45.1610558,-3.1741772],[-45.1611777,-3.1741878],[-45.1613651,-3.1742357],[-45.1615069,-3.174257],[-45.1616018,-3.1742523],[-45.1617076,-3.1742199],[-45.1618362,-3.1741553],[-45.1619526,-3.1740905],[-45.1620334,-3.1740543],[-45.1621311,-3.1740278],[-45.1622339,-3.1740209],[-45.1623985,-3.1740018],[-45.1626609,-3.1739587],[-45.1628716,-3.173932],[-45.1631107,-3.1738739],[-45.1632672,-3.1738135],[-45.1634572,-3.1737427],[-45.1635398,-3.1736957],[-45.1636627,-3.173596],[-45.1638677,-3.1733191],[-45.1639872,-3.1731261],[-45.1645002,-3.1725165],[-45.1648102,-3.1721439],[-45.1649029,-3.1720406],[-45.1649473,-3.1719436],[-45.164983,-3.1718341],[-45.1650357,-3.1716455],[-45.1650804,-3.1715348],[-45.1651544,-3.1714501],[-45.1654293,-3.1712716],[-45.1656125,-3.1712234],[-45.1659769,-3.1710573],[-45.1660964,-3.1710042],[-45.16622,-3.1709989],[-45.1663357,-3.1710189],[-45.1665963,-3.1710738],[-45.1668491,-3.1710591],[-45.1673041,-3.1707749],[-45.1680921,-3.1702976],[-45.168613,-3.1700642],[-45.1687524,-3.1700142],[-45.1689961,-3.1699896],[-45.1691348,-3.1700036],[-45.169375,-3.1699827],[-45.1696278,-3.1699248],[-45.1699205,-3.1698627],[-45.1702559,-3.1697668],[-45.1702812,-3.169759],[-45.170436,-3.1697109],[-45.1705238,-3.1696836],[-45.1706117,-3.1696564],[-45.1709857,-3.1695402],[-45.1712954,-3.1694013],[-45.171545,-3.1693423],[-45.1716938,-3.1693202],[-45.1719887,-3.1693212],[-45.1722775,-3.1693347],[-45.1724176,-3.1693067],[-45.1725577,-3.1692788],[-45.1727665,-3.1691944],[-45.1729882,-3.1690509],[-45.1732738,-3.1687906],[-45.1734174,-3.1686597],[-45.1734758,-3.1686068],[-45.1736762,-3.1684652],[-45.1737917,-3.1684332],[-45.173847,-3.1684178],[-45.1740555,-3.1683923],[-45.1747986,-3.1685275],[-45.1750152,-3.1685772],[-45.1753332,-3.1686531],[-45.1755197,-3.1687082],[-45.1757306,-3.1688242],[-45.1760668,-3.168986],[-45.1761793,-3.1690356],[-45.1762869,-3.1690424],[-45.1765993,-3.1689588],[-45.176722,-3.1689451],[-45.1769996,-3.1689141],[-45.1775712,-3.168858],[-45.1779223,-3.1688357],[-45.1781641,-3.1688099],[-45.1789324,-3.1687116],[-45.1790249,-3.1686942],[-45.1791446,-3.168693],[-45.1793184,-3.1687262],[-45.1795407,-3.1688056],[-45.1797398,-3.1688625],[-45.1799787,-3.1689289],[-45.1801396,-3.1690023],[-45.1803506,-3.1691136],[-45.1806484,-3.1693468],[-45.1808896,-3.1694933],[-45.1810636,-3.1695127],[-45.1812703,-3.1694996],[-45.1815727,-3.1694762],[-45.1819176,-3.1695079],[-45.1820749,-3.1695347],[-45.1821996,-3.1695812],[-45.1824297,-3.1696867],[-45.1824834,-3.1697113],[-45.1826317,-3.1697609],[-45.182877,-3.169843],[-45.1831987,-3.1699184],[-45.1834248,-3.1699947],[-45.1839643,-3.1702381],[-45.1844509,-3.1704888],[-45.1846404,-3.1705959],[-45.184874,-3.1706747],[-45.1850641,-3.1706719],[-45.1852261,-3.1706214],[-45.185577,-3.1704677],[-45.1856926,-3.1704367],[-45.1860063,-3.1703645],[-45.1865014,-3.1702581],[-45.1870404,-3.170089],[-45.1872861,-3.1700519],[-45.18765,-3.1697765],[-45.1877107,-3.1697512],[-45.1878373,-3.1697034],[-45.1880997,-3.1696678],[-45.1885026,-3.1695388],[-45.1887509,-3.1694408],[-45.1888959,-3.1693973],[-45.189041,-3.1693538],[-45.1892958,-3.1693066],[-45.1895934,-3.1692706],[-45.1898849,-3.1691917],[-45.1901633,-3.169074],[-45.1904446,-3.1689247],[-45.1907529,-3.1688186],[-45.190988,-3.1687739],[-45.1914469,-3.1686653],[-45.1921668,-3.1685553],[-45.192561,-3.1684867],[-45.1928618,-3.1684565],[-45.1936345,-3.1684501],[-45.1942109,-3.1684685],[-45.1944766,-3.1684748],[-45.1947224,-3.1684374],[-45.1948224,-3.168397],[-45.1950043,-3.1682944],[-45.195249,-3.1681361],[-45.1953991,-3.168062],[-45.1957686,-3.1678804],[-45.1958572,-3.1678362],[-45.1961346,-3.1677514],[-45.19646,-3.1676869],[-45.1965078,-3.1676585],[-45.1966077,-3.1675489],[-45.196878,-3.167211],[-45.1970132,-3.1670482],[-45.1971048,-3.1669712],[-45.1971772,-3.166928],[-45.1972715,-3.1668795],[-45.1974173,-3.1668194],[-45.1976343,-3.1667117],[-45.1977534,-3.166651],[-45.1978466,-3.1665859],[-45.1979835,-3.1664625],[-45.198107,-3.1663677],[-45.1983369,-3.1662002],[-45.1984314,-3.1661306],[-45.1984983,-3.1660641],[-45.1985742,-3.1659755],[-45.1986624,-3.1658378],[-45.1987451,-3.1657298],[-45.1988178,-3.1656395],[-45.1989743,-3.1655002],[-45.1991184,-3.1654167],[-45.1992353,-3.1653565],[-45.1992973,-3.1652937],[-45.1993802,-3.1651856],[-45.1994454,-3.165051],[-45.1996238,-3.1646988],[-45.1996944,-3.1644865],[-45.199739,-3.1642676],[-45.1997779,-3.1641564],[-45.1998683,-3.1640102],[-45.2002431,-3.1634747],[-45.2003018,-3.1633692],[-45.2003745,-3.1633304],[-45.2005446,-3.1632958],[-45.2008554,-3.1632466],[-45.2012541,-3.1630856],[-45.2015545,-3.1628617],[-45.2017126,-3.1627253],[-45.201944,-3.1624922],[-45.2021463,-3.1622786],[-45.2022836,-3.1621285],[-45.2025001,-3.1619779],[-45.2027467,-3.1617966],[-45.2034757,-3.1613689],[-45.2037409,-3.1612226],[-45.2040123,-3.1610821],[-45.2043356,-3.1608904],[-45.2044945,-3.1607962],[-45.2046975,-3.1606949],[-45.2048397,-3.1606126],[-45.2050556,-3.1603544],[-45.2053597,-3.1600535],[-45.2056357,-3.1597639],[-45.2057547,-3.1596285],[-45.2058179,-3.1595779],[-45.2060337,-3.1595013],[-45.2063963,-3.1593952],[-45.2065833,-3.1593686],[-45.2067994,-3.1593378],[-45.2068784,-3.1593125],[-45.20718,-3.1592631],[-45.2075482,-3.1591563],[-45.2079921,-3.1589713],[-45.2084157,-3.1588545],[-45.2085429,-3.1588341],[-45.2086988,-3.1588392],[-45.2088265,-3.1588614],[-45.2089165,-3.1588552],[-45.2090312,-3.1588332],[-45.2091347,-3.1588203],[-45.2092198,-3.1588249],[-45.2093856,-3.1588485],[-45.2096397,-3.1588798],[-45.2097375,-3.1588891],[-45.2099347,-3.1589393],[-45.2100024,-3.1589534],[-45.2100768,-3.1589377],[-45.2101393,-3.1589108],[-45.2103227,-3.1588396],[-45.2105932,-3.1587778],[-45.2109258,-3.158734],[-45.2111196,-3.1586953],[-45.2113588,-3.1586011],[-45.2114695,-3.1585759],[-45.211547,-3.1585841],[-45.2119664,-3.1586393],[-45.2121159,-3.1586503],[-45.2123485,-3.1587027],[-45.2125985,-3.1587304],[-45.2129613,-3.1588269],[-45.2131494,-3.1589069],[-45.2132821,-3.1589345],[-45.2133925,-3.1589263],[-45.2138101,-3.158874],[-45.2141138,-3.1588492],[-45.2144469,-3.1588409],[-45.2148022,-3.1588467],[-45.2153664,-3.1588755],[-45.2154986,-3.1588615],[-45.2157732,-3.1588163],[-45.2158897,-3.1588078],[-45.2162313,-3.1588617],[-45.216396,-3.1588957],[-45.2169125,-3.1587807],[-45.2172872,-3.1587458],[-45.2179238,-3.1585968],[-45.2182038,-3.1583978],[-45.2183857,-3.1581884],[-45.2188659,-3.1578739],[-45.2192258,-3.157654],[-45.2195313,-3.1574836],[-45.2197428,-3.1572873],[-45.2198916,-3.157092],[-45.2200131,-3.1568702],[-45.2201155,-3.1565941],[-45.2203129,-3.1563112],[-45.2206128,-3.1561014],[-45.2209079,-3.1559786],[-45.2209562,-3.1559585],[-45.2209587,-3.1559575],[-45.2209611,-3.1559565],[-45.2210471,-3.1559369],[-45.221133,-3.1559174],[-45.2213048,-3.1558783],[-45.2216598,-3.1558671],[-45.2221162,-3.1559255],[-45.2224352,-3.1560178],[-45.2225849,-3.1560905],[-45.2227347,-3.1561632],[-45.222799,-3.1561979],[-45.2229725,-3.1562916],[-45.2231458,-3.1564844],[-45.2275814,-3.1547163],[-45.2576444,-3.1427017],[-45.2584015,-3.1423993],[-45.2602187,-3.1416733],[-45.2635882,-3.1388648],[-45.2649132,-3.13776],[-45.2660054,-3.1368493],[-45.267524,-3.1363211],[-45.273547,-3.13723],[-45.2776386,-3.1369358],[-45.2800925,-3.1359057],[-45.2837174,-3.1338464],[-45.2854704,-3.1332584],[-45.2855025,-3.1332577],[-45.286244,-3.1329254],[-45.2878044,-3.1326072],[-45.2889406,-3.1326089],[-45.2899,-3.1331458],[-45.2906469,-3.1336114],[-45.291858,-3.1338639],[-45.2931092,-3.1336856],[-45.2945391,-3.1329717],[-45.295832,-3.1322571],[-45.2972777,-3.1311825],[-45.2984553,-3.1307185],[-45.2994603,-3.130575],[-45.3013286,-3.1306801],[-45.3021518,-3.1312143],[-45.3031174,-3.1314274],[-45.3037914,-3.1311077],[-45.3043652,-3.1304296],[-45.3051854,-3.1300731],[-45.30765,-3.1299652],[-45.3076603,-3.1299611],[-45.3079921,-3.1298285],[-45.309204,-3.1293442],[-45.3094338,-3.1292524],[-45.3097158,-3.1288836],[-45.3100161,-3.128491],[-45.310768,-3.127366],[-45.3118391,-3.1266164],[-45.3130444,-3.1263369],[-45.3143564,-3.1263071],[-45.3155784,-3.126487],[-45.3174824,-3.1266801],[-45.3184827,-3.1266735],[-45.3186628,-3.12636],[-45.3187618,-3.1263856],[-45.3191295,-3.1259881],[-45.2992972,-3.1031454],[-45.2986241,-3.1023701],[-45.2980385,-3.1016957],[-45.2786689,-3.0793881],[-45.2782745,-3.0770159],[-45.27831,-3.0767435],[-45.2783281,-3.0766071],[-45.2788633,-3.0725624],[-45.2790185,-3.0673383],[-45.2785297,-3.0637289],[-45.2765684,-3.0585584],[-45.2733044,-3.0562605],[-45.2719653,-3.0549856],[-45.2702031,-3.0533069],[-45.2664486,-3.0502702],[-45.2613883,-3.0439513],[-45.2586158,-3.0401754],[-45.2561646,-3.0383696],[-45.2529018,-3.0368103],[-45.2506166,-3.0351695],[-45.2475149,-3.0304945],[-45.2447401,-3.0275366],[-45.2419653,-3.0239263],[-45.2413124,-3.0221199],[-45.2391908,-3.0213833],[-45.23666,-3.0194117],[-45.2325817,-3.0141195],[-45.2307848,-3.0123961],[-45.2302134,-3.0101801],[-45.2298036,-3.0064449],[-45.2298841,-3.0025859],[-45.2293124,-3.0002877],[-45.2291509,-2.9991172],[-45.2291169,-2.9988685],[-45.2290334,-2.9982628],[-45.2290283,-2.998202],[-45.2290224,-2.9981827],[-45.2288228,-2.9967343],[-45.2285543,-2.9927437],[-45.2281568,-2.9891437],[-45.228022,-2.9857424],[-45.2270925,-2.9816081],[-45.2285503,-2.9761385],[-45.2284162,-2.9720739],[-45.2266927,-2.9683374],[-45.2219202,-2.9645385],[-45.2186044,-2.9601389],[-45.2176751,-2.9533375],[-45.1906864,-2.9437007],[-45.1816931,-2.9404894],[-45.1548533,-2.9309044],[-45.1256945,-2.9204957],[-45.1265337,-2.9226711],[-45.1266632,-2.9240384],[-45.1262096,-2.9264494],[-45.1260035,-2.9265738],[-45.125604,-2.9268211],[-45.1252398,-2.9270361],[-45.1225187,-2.9281764],[-45.1209657,-2.9302632],[-45.1200589,-2.9320862],[-45.1198648,-2.936483],[-45.1159137,-2.9356668],[-45.1132881,-2.9351244],[-45.1022609,-2.9328465],[-45.0987752,-2.9321265],[-45.0956635,-2.9314837],[-45.0995505,-2.9379165],[-45.1001885,-2.9389724],[-45.1178605,-2.9682192],[-45.11967,-2.9712139],[-45.1201985,-2.9720885],[-45.1206579,-2.972849],[-45.1242673,-2.9788238],[-45.1300694,-2.9884283],[-45.1412225,-3.0068908],[-45.1433796,-3.0104616],[-45.1449688,-3.0130923],[-45.1452199,-3.013508],[-45.1452525,-3.0135621],[-45.1457969,-3.0144636],[-45.145653,-3.0159629],[-45.1455762,-3.0167631],[-45.1453469,-3.0191512],[-45.1449967,-3.0227984],[-45.1443458,-3.0295774],[-45.1414115,-3.0601392],[-45.1409039,-3.0654384],[-45.1406976,-3.0675742],[-45.134814,-3.0688743],[-45.1330807,-3.0693766],[-45.1318786,-3.0695087],[-45.1304621,-3.0692424],[-45.129754,-3.0686083],[-45.1284978,-3.0663738],[-45.1271884,-3.0653389],[-45.1263028,-3.0651726],[-45.1241674,-3.0651691],[-45.1238621,-3.0651686],[-45.1229012,-3.0648322],[-45.1221497,-3.0645692],[-45.1205351,-3.0640036],[-45.1197881,-3.0640359],[-45.119033,-3.0650466],[-45.1188953,-3.0665727],[-45.1188272,-3.0691314],[-45.118276,-3.0709426],[-45.1176539,-3.0716372],[-45.1162071,-3.0718799],[-45.1152421,-3.0719497],[-45.1133789,-3.0727126],[-45.1120604,-3.0741481],[-45.1116585,-3.0745857],[-45.1093112,-3.0781602],[-45.1073812,-3.0794775],[-45.1057275,-3.0807952],[-45.1048299,-3.0828072],[-45.104003,-3.0834661],[-45.1015195,-3.0839521],[-45.098143,-3.0858962],[-45.0962099,-3.0856514],[-45.0944875,-3.0849597],[-45.0919354,-3.0855837],[-45.0906956,-3.0863463],[-45.0889025,-3.0886009],[-45.0875357,-3.089274],[-45.085743,-3.0893413],[-45.0836073,-3.0895522],[-45.0816735,-3.0903483],[-45.0801571,-3.0920146],[-45.0793475,-3.0934973],[-45.0784861,-3.0947294],[-45.0755702,-3.0963375],[-45.0753837,-3.0984982],[-45.075517,-3.1007259],[-45.0761466,-3.1025133],[-45.0765177,-3.1035667],[-45.0778213,-3.1059096],[-45.0779488,-3.1062337],[-45.0785153,-3.1076739],[-45.0774886,-3.1101304],[-45.073938,-3.1139078],[-45.0729378,-3.1163225],[-45.0730439,-3.1197107],[-45.0729855,-3.1221396],[-45.0725493,-3.1239148],[-45.070152,-3.1265116],[-45.0677089,-3.1281529],[-45.0662397,-3.1317412],[-45.0654396,-3.1353051],[-45.0649868,-3.1363511],[-45.0647108,-3.1369885],[-45.0635057,-3.1378288],[-45.0624653,-3.1385871],[-45.0622873,-3.1393583],[-45.0619706,-3.1407108],[-45.0614706,-3.1412904],[-45.0609058,-3.1413744],[-45.0603598,-3.1403509],[-45.0603598,-3.1403344],[-45.0605946,-3.1385347],[-45.0610427,-3.1371985],[-45.0615545,-3.1360766],[-45.061639,-3.1351539],[-45.0616225,-3.1351209],[-45.0612227,-3.1346525],[-45.0606282,-3.1342566],[-45.0599345,-3.1341741],[-45.0594573,-3.1349831],[-45.0594744,-3.1357909],[-45.0592398,-3.1370766],[-45.0587427,-3.1379181],[-45.0579003,-3.1384459],[-45.0567767,-3.1387593],[-45.0559019,-3.1386435],[-45.055006,-3.1383292],[-45.0547737,-3.1384286],[-45.0547065,-3.1388745],[-45.055135,-3.1392547],[-45.0555968,-3.1399324],[-45.0556318,-3.140722],[-45.0550536,-3.1410353],[-45.05408,-3.1409682],[-45.0536903,-3.1409114],[-45.0522458,-3.1407011],[-45.0518992,-3.1404615],[-45.0515526,-3.1402218],[-45.0509274,-3.1398461],[-45.0502588,-3.1397831],[-45.0493061,-3.1398971],[-45.0476975,-3.1403968],[-45.0469156,-3.1406041],[-45.0460795,-3.14091],[-45.0452972,-3.1411728],[-45.0448598,-3.1414107],[-45.0438638,-3.141592],[-45.0429401,-3.1413427],[-45.0421128,-3.1407001],[-45.041275,-3.1399063],[-45.0405339,-3.1389004],[-45.0402626,-3.1374163],[-45.0402676,-3.1364111],[-45.0401094,-3.1360201],[-45.0394652,-3.1354749],[-45.0385919,-3.1345492],[-45.0385379,-3.1335281],[-45.0387055,-3.1330655],[-45.0393227,-3.1323562],[-45.0393228,-3.1323232],[-45.0397013,-3.1316643],[-45.0394054,-3.1311541],[-45.039389,-3.1311212],[-45.0389435,-3.1306764],[-45.0384151,-3.1305937],[-45.0383488,-3.1305935],[-45.0383156,-3.1305934],[-45.0376018,-3.1307399],[-45.0371561,-3.1314489],[-45.037091,-3.1320591],[-45.0369559,-3.1332959],[-45.0368525,-3.1342705],[-45.0364879,-3.1352778],[-45.0364563,-3.1364158],[-45.0368396,-3.137977],[-45.037513,-3.1386872],[-45.0381725,-3.1395796],[-45.0383722,-3.1405035],[-45.0381249,-3.1412787],[-45.0371355,-3.1415902],[-45.0366901,-3.1420312],[-45.0364583,-3.1425261],[-45.0365905,-3.1433179],[-45.0365059,-3.1440938],[-45.0361569,-3.1448041],[-45.0355801,-3.1451814],[-45.0340945,-3.1451589],[-45.032808,-3.1448207],[-45.0318611,-3.1449106],[-45.0314055,-3.1450155],[-45.0303964,-3.145248],[-45.0289498,-3.1454961],[-45.0282716,-3.1455413],[-45.0266148,-3.1456245],[-45.0258022,-3.145457],[-45.0256083,-3.1451609],[-45.0251957,-3.144839],[-45.0251571,-3.1445686],[-45.0250668,-3.1440923],[-45.0250411,-3.1440664],[-45.0247189,-3.1439889],[-45.0238803,-3.1442989],[-45.0237385,-3.1448394],[-45.0240606,-3.1453928],[-45.0243571,-3.1457788],[-45.024628,-3.1463324],[-45.0245638,-3.1466931],[-45.0242415,-3.147041],[-45.0234674,-3.1473636],[-45.0229517,-3.1475038],[-45.0225265,-3.1478635],[-45.0219449,-3.1482904],[-45.0213639,-3.1484841],[-45.0207578,-3.1483548],[-45.0203847,-3.1480449],[-45.020141,-3.1478638],[-45.0197706,-3.1479005],[-45.0194122,-3.1481564],[-45.0191819,-3.1486054],[-45.0190532,-3.1490936],[-45.0189351,-3.1494974],[-45.0186041,-3.1498573],[-45.0180748,-3.1501919],[-45.0175468,-3.150063],[-45.016738,-3.1497399],[-45.0167339,-3.1497382],[-45.0167297,-3.1497366],[-45.01658,-3.1496768],[-45.0164758,-3.1496267],[-45.0158837,-3.149342],[-45.0155109,-3.1490719],[-45.0154725,-3.1490333],[-45.0153049,-3.1489561],[-45.0149425,-3.1490458],[-45.0146105,-3.149352],[-45.0144684,-3.1494832],[-45.0138365,-3.1496635],[-45.0132691,-3.1493286],[-45.0131408,-3.1487497],[-45.0131151,-3.1481061],[-45.0132447,-3.1471295],[-45.0140177,-3.1456382],[-45.0147272,-3.1436544],[-45.0153457,-3.1424565],[-45.0153714,-3.1424308],[-45.0162621,-3.1417225],[-45.016288,-3.1417096],[-45.0172935,-3.1410791],[-45.0180292,-3.1408084],[-45.0186216,-3.1398776],[-45.0186216,-3.1398518],[-45.0187635,-3.138912],[-45.0196498,-3.1379106],[-45.0199196,-3.1375245],[-45.0198551,-3.1372413],[-45.0196231,-3.1371897],[-45.0189531,-3.1375629],[-45.0183989,-3.1378718],[-45.0178185,-3.1378718],[-45.0175347,-3.1374724],[-45.0174316,-3.1368158],[-45.0174962,-3.1357337],[-45.0181155,-3.1349479],[-45.0188374,-3.1346659],[-45.0192488,-3.1341407],[-45.019261,-3.1337742],[-45.0187981,-3.1335422],[-45.0181415,-3.1335929],[-45.0176255,-3.1336314],[-45.0173676,-3.1333096],[-45.0172645,-3.1328977],[-45.0173935,-3.1323055],[-45.0179868,-3.1317647],[-45.0189665,-3.131302],[-45.0191466,-3.1308066],[-45.0190429,-3.1301634],[-45.01903,-3.1301505],[-45.0185022,-3.1296613],[-45.0183218,-3.1290952],[-45.0183603,-3.128594],[-45.018154,-3.1280545],[-45.0181669,-3.1280287],[-45.0177934,-3.1277851],[-45.0171107,-3.1280015],[-45.0164136,-3.1291062],[-45.0160397,-3.1300723],[-45.0158714,-3.1309609],[-45.0156913,-3.1315531],[-45.0154075,-3.1318751],[-45.0148136,-3.13212],[-45.0142991,-3.1325826],[-45.0141854,-3.1329672],[-45.0147291,-3.1336248],[-45.0152212,-3.1343583],[-45.0157345,-3.13509],[-45.0159547,-3.1356798],[-45.0157861,-3.1362838],[-45.0156786,-3.1368665],[-45.0158329,-3.1372916],[-45.0160517,-3.1377428],[-45.0160129,-3.1380391],[-45.0158707,-3.1383746],[-45.0153939,-3.1386183],[-45.0148659,-3.1384371],[-45.0144922,-3.138025],[-45.014236,-3.1374059],[-45.0139487,-3.1372866],[-45.0136394,-3.1373508],[-45.0134846,-3.1376982],[-45.013459,-3.1381487],[-45.0132657,-3.1386118],[-45.0127251,-3.138573],[-45.0120946,-3.1386885],[-45.0117353,-3.1388038],[-45.0117595,-3.1390871],[-45.0118613,-3.1392291],[-45.0120531,-3.1395388],[-45.0120788,-3.1398607],[-45.0119119,-3.1401689],[-45.0118092,-3.1404645],[-45.0118091,-3.1404903],[-45.0116539,-3.1409025],[-45.0117277,-3.1413729],[-45.0119212,-3.1417594],[-45.0117921,-3.1420427],[-45.0113922,-3.14212],[-45.0106956,-3.1420684],[-45.0100775,-3.14185],[-45.0093432,-3.141464],[-45.0090187,-3.1414499],[-45.0088778,-3.1416307],[-45.0088403,-3.1418631],[-45.008945,-3.1423271],[-45.0087935,-3.1426883],[-45.008449,-3.1429589],[-45.0083915,-3.1433438],[-45.008644,-3.1437814],[-45.008683,-3.1437943],[-45.0087219,-3.1438071],[-45.0092991,-3.1437558],[-45.0099125,-3.1435757],[-45.0106075,-3.1435886],[-45.0114048,-3.1441295],[-45.0115338,-3.1445675],[-45.011483,-3.1449662],[-45.0109924,-3.1460481],[-45.0100635,-3.1468337],[-45.0095284,-3.1473202],[-45.0092576,-3.1482211],[-45.0092828,-3.1490969],[-45.0088176,-3.1497418],[-45.0078262,-3.1501518],[-45.0071314,-3.1504981],[-45.0063557,-3.1505768],[-45.0057255,-3.1502027],[-45.0054193,-3.1496096],[-45.0054195,-3.1495838],[-45.0054202,-3.1483234],[-45.0055631,-3.1479633],[-45.0054734,-3.147732],[-45.0050358,-3.147719],[-45.0045746,-3.1482331],[-45.0042545,-3.1486827],[-45.0043183,-3.1495049],[-45.0049452,-3.1507143],[-45.0054064,-3.1517059],[-45.0052862,-3.1522093],[-45.0046135,-3.1529564],[-45.0039274,-3.1534831],[-45.0027546,-3.1541905],[-45.0020335,-3.1543958],[-45.0012877,-3.1543175],[-45.0006084,-3.1539814],[-45.000312,-3.1532359],[-45.0002095,-3.1524774],[-45.0002837,-3.1519379],[-45.0000424,-3.1513672],[-44.9996956,-3.1512252],[-44.9991783,-3.1509813],[-44.9986609,-3.1506085],[-44.9986481,-3.1505569],[-44.9983516,-3.1499776],[-44.9983517,-3.149939],[-44.9984188,-3.149231],[-44.9984189,-3.1491796],[-44.998419,-3.1491667],[-44.9988618,-3.1479458],[-44.9992983,-3.1473538],[-44.9996292,-3.1468944],[-44.9996546,-3.146843],[-44.9995904,-3.1463281],[-44.9995646,-3.1462637],[-44.9995517,-3.1462122],[-44.9992185,-3.1456587],[-44.9992186,-3.145633],[-44.9990645,-3.1448095],[-44.9990646,-3.1447838],[-44.9990648,-3.1447581],[-44.999065,-3.1447196],[-44.9993312,-3.14374],[-44.9995938,-3.1434534],[-44.9997441,-3.1432894],[-44.9997827,-3.1432378],[-44.9998084,-3.1432121],[-45.0006091,-3.1426464],[-45.0007126,-3.1425175],[-45.0006742,-3.1422734],[-45.0002088,-3.1421586],[-44.9999246,-3.1419787],[-44.9996524,-3.1418064],[-44.9996404,-3.1417988],[-44.9995723,-3.14162],[-44.9993463,-3.141027],[-44.9988952,-3.1404611],[-44.9978968,-3.1399447],[-44.9978838,-3.1399189],[-44.9978051,-3.1393517],[-44.997805,-3.139313],[-44.9978701,-3.138798],[-44.9983883,-3.1380377],[-44.9983884,-3.1379991],[-44.9985189,-3.137343],[-44.9982093,-3.1368409],[-44.9981834,-3.136828],[-44.9979115,-3.1367631],[-44.9978986,-3.1367631],[-44.9974967,-3.1367493],[-44.9966839,-3.1374704],[-44.9953011,-3.1387582],[-44.9951701,-3.1394022],[-44.9950813,-3.140123],[-44.9942454,-3.1407673],[-44.9937175,-3.1409469],[-44.9932139,-3.1415653],[-44.992627,-3.1418619],[-44.992049,-3.1418982],[-44.991185,-3.1416924],[-44.9907754,-3.1410731],[-44.990533,-3.1402618],[-44.9903899,-3.1396063],[-44.9903899,-3.1395934],[-44.9900936,-3.1393361],[-44.9895664,-3.139426],[-44.9887152,-3.1398715],[-44.9882792,-3.140052],[-44.9875662,-3.1402305],[-44.9875139,-3.1402303],[-44.9867363,-3.1401263],[-44.9863378,-3.1403712],[-44.9864271,-3.1415174],[-44.9868831,-3.1420058],[-44.9869472,-3.1420188],[-44.9869987,-3.1420445],[-44.9882097,-3.1425466],[-44.9882226,-3.1425466],[-44.9891904,-3.1426614],[-44.9897688,-3.1431648],[-44.9900011,-3.1440933],[-44.9910789,-3.1447247],[-44.9916852,-3.1449948],[-44.9924969,-3.1459336],[-44.9927805,-3.1468854],[-44.9926322,-3.1476489],[-44.9919458,-3.1484572],[-44.9916987,-3.1494091],[-44.9916995,-3.1499111],[-44.9922173,-3.1505816],[-44.9925656,-3.1508779],[-44.9927188,-3.1513791],[-44.9925238,-3.1519288],[-44.9924833,-3.1519856],[-44.9918548,-3.1528682],[-44.9918161,-3.1529068],[-44.9917326,-3.1529494],[-44.9909111,-3.1533685],[-44.9899976,-3.1533689],[-44.9896501,-3.1531376],[-44.9896114,-3.153099],[-44.9895857,-3.1530733],[-44.9891348,-3.1524943],[-44.9891219,-3.1524814],[-44.9887871,-3.1520569],[-44.9887356,-3.1520055],[-44.9885039,-3.1517099],[-44.9885039,-3.151697],[-44.9878344,-3.1518383],[-44.9875005,-3.1524807],[-44.9876157,-3.1533675],[-44.9876286,-3.1534061],[-44.9879113,-3.1541521],[-44.9880142,-3.1544671],[-44.9881171,-3.1547822],[-44.9884774,-3.1558708],[-44.9883611,-3.1564369],[-44.9875758,-3.1570278],[-44.9854856,-3.1572992],[-44.984137,-3.1562816],[-44.9841242,-3.1562687],[-44.9839245,-3.1554463],[-44.9832003,-3.1538598],[-44.9827677,-3.1524264],[-44.9820751,-3.1517133],[-44.9816011,-3.1521895],[-44.9815387,-3.1531754],[-44.98181,-3.154163],[-44.9825222,-3.1562758],[-44.9830035,-3.1581453],[-44.983514,-3.1598139],[-44.9833386,-3.1603853],[-44.9830097,-3.16071],[-44.9831517,-3.1614602],[-44.9826962,-3.16226],[-44.9817709,-3.1628911],[-44.9810838,-3.1625261],[-44.9801241,-3.1627878],[-44.9797019,-3.1636268],[-44.9795486,-3.1646351],[-44.9791798,-3.1657435],[-44.9780329,-3.1666475],[-44.9775727,-3.1670334],[-44.9776763,-3.1677463],[-44.9781399,-3.1678049],[-44.9783811,-3.1680679],[-44.9783341,-3.1683265],[-44.9780888,-3.1685095],[-44.9778435,-3.1686925],[-44.9765371,-3.1696342],[-44.9764961,-3.1696638],[-44.9755415,-3.1706265],[-44.9745842,-3.1714275],[-44.9742775,-3.1715175],[-44.9732687,-3.1718134],[-44.9725886,-3.1720235],[-44.9723773,-3.1725081],[-44.9723521,-3.1728483],[-44.9727859,-3.1731973],[-44.9729156,-3.1736284],[-44.9728496,-3.1740428],[-44.9725567,-3.1743444],[-44.9722876,-3.1747729],[-44.9720166,-3.175189],[-44.9708326,-3.1760407],[-44.9708594,-3.1762673],[-44.9717161,-3.1768854],[-44.9718715,-3.1769817],[-44.972181,-3.1770238],[-44.9725234,-3.177425],[-44.9726043,-3.1781772],[-44.9727469,-3.1786034],[-44.972756,-3.1790152],[-44.9725667,-3.1793776],[-44.9724762,-3.1795415],[-44.972297,-3.179975],[-44.9718098,-3.1801924],[-44.9717249,-3.1802548],[-44.9714623,-3.1804473],[-44.9714649,-3.1807139],[-44.9711453,-3.18099],[-44.9709986,-3.1809176],[-44.9708507,-3.1808548],[-44.9707376,-3.18116],[-44.97069,-3.181354],[-44.9706922,-3.1815464],[-44.9706647,-3.1819872],[-44.9702115,-3.1828168],[-44.9696678,-3.1846631],[-44.9696286,-3.1847474],[-44.9695804,-3.1848511],[-44.9690218,-3.1860517],[-44.9684059,-3.186381],[-44.9681972,-3.1864925],[-44.9528692,-3.1690822],[-44.9507383,-3.1666618],[-44.9494294,-3.1651751],[-44.945667,-3.1655162],[-44.9382605,-3.1661877],[-44.9377504,-3.1659601],[-44.9245753,-3.1600805],[-44.9153425,-3.1492893],[-44.9011505,-3.1327027],[-44.8651859,-3.0906782],[-44.804408,-3.1230609],[-44.8342451,-3.0826616],[-44.839836,-3.0750891],[-44.8419244,-3.0715896],[-44.8419245,-3.0692707],[-44.84123,-3.06822],[-44.8397494,-3.0683084],[-44.8358357,-3.0694895],[-44.8323565,-3.0698385],[-44.8269652,-3.0685694],[-44.8230506,-3.0678682],[-44.8167868,-3.0669917],[-44.8132205,-3.0655479],[-44.8120046,-3.0647608],[-44.8104381,-3.0656358],[-44.8104107,-3.0660999],[-44.8101759,-3.0699639],[-44.8095668,-3.0753908],[-44.8073048,-3.0779286],[-44.8029548,-3.0797199],[-44.7997819,-3.0794112],[-44.7994063,-3.0797578],[-44.7973975,-3.0813622],[-44.7949805,-3.0835152],[-44.790851,-3.0871934],[-44.7888141,-3.0897673],[-44.7878479,-3.0895427],[-44.7871657,-3.0896571],[-44.7867097,-3.0902804],[-44.7863102,-3.0910743],[-44.7860245,-3.0918686],[-44.7862225,-3.0928525],[-44.7856796,-3.0936419],[-44.7849132,-3.0934055],[-44.783974,-3.0930608],[-44.7822502,-3.0925438],[-44.7807468,-3.0925095],[-44.7798002,-3.0940011],[-44.7792479,-3.0951129],[-44.7778833,-3.0974929],[-44.7772172,-3.098435],[-44.7758344,-3.1003908],[-44.7752472,-3.1007462],[-44.7745886,-3.1011449],[-44.7742382,-3.101357],[-44.7731276,-3.1019345],[-44.7729251,-3.1020398],[-44.772811,-3.1020398],[-44.7714003,-3.1022635],[-44.7711028,-3.1018822],[-44.771038,-3.1017992],[-44.7702548,-3.1007958],[-44.7701669,-3.1006555],[-44.7695152,-3.0996148],[-44.7690128,-3.099072],[-44.7685103,-3.0985292],[-44.7673,-3.0991379],[-44.7654231,-3.1006715],[-44.7644523,-3.1020924],[-44.7643362,-3.1031725],[-44.7646261,-3.1050065],[-44.7645455,-3.1062457],[-44.7638415,-3.1072321],[-44.7624606,-3.1075468],[-44.7604739,-3.1068756],[-44.7582678,-3.1066408],[-44.75539,-3.1072065],[-44.7528704,-3.1078991],[-44.7515059,-3.1087017],[-44.7492411,-3.1097837],[-44.7475954,-3.1112736],[-44.7469485,-3.1122201],[-44.7459797,-3.1138774],[-44.7457509,-3.1157125],[-44.7458435,-3.1172405],[-44.7456727,-3.1181679],[-44.7453223,-3.119001],[-44.7442023,-3.1197184],[-44.7419507,-3.1201037],[-44.7402376,-3.1202572],[-44.7386332,-3.1206513],[-44.7371839,-3.1210435],[-44.7359262,-3.1213639],[-44.7349308,-3.1217682],[-44.7340499,-3.1220952],[-44.7330965,-3.122109],[-44.7319601,-3.1220812],[-44.729831,-3.1219133],[-44.7286194,-3.1218454],[-44.7266523,-3.1221433],[-44.7254495,-3.1222294],[-44.7242054,-3.1228855],[-44.7236509,-3.1239699],[-44.7230337,-3.1245881],[-44.7221468,-3.1253116],[-44.7213145,-3.1262123],[-44.7207413,-3.1271106],[-44.7204006,-3.1277526],[-44.7198045,-3.1283445],[-44.7186525,-3.1287837],[-44.7167512,-3.1285458],[-44.7155934,-3.1285797],[-44.7152379,-3.1287881],[-44.7149781,-3.129213],[-44.7147444,-3.1293306],[-44.714126,-3.1293498],[-44.7136854,-3.1292487],[-44.7133329,-3.1294855],[-44.7132102,-3.1300583],[-44.7132617,-3.1305378],[-44.7127146,-3.1304335],[-44.7117355,-3.130083],[-44.7109878,-3.1300108],[-44.710106,-3.1298747],[-44.7087075,-3.1299574],[-44.7069365,-3.1303734],[-44.7057902,-3.1304943],[-44.7039171,-3.1307478],[-44.702415,-3.130947],[-44.7005874,-3.1311654],[-44.6986037,-3.1313235],[-44.6973446,-3.131256],[-44.6960528,-3.1313625],[-44.6947068,-3.1318355],[-44.693943,-3.1321127],[-44.6937593,-3.1321264],[-44.6933711,-3.1321552],[-44.692744,-3.1320503],[-44.6923072,-3.1319239],[-44.6919267,-3.1318894],[-44.691657,-3.1320858],[-44.6915707,-3.1321766],[-44.6912983,-3.1325729],[-44.6911968,-3.1328842],[-44.6910623,-3.1331946],[-44.6910273,-3.1332756],[-44.6905798,-3.1337734],[-44.6903151,-3.1339354],[-44.690242,-3.1341881],[-44.6901651,-3.134487],[-44.6900984,-3.1347463],[-44.6900841,-3.135163],[-44.6899959,-3.1357935],[-44.6898443,-3.1360351],[-44.6892978,-3.1363177],[-44.6891161,-3.1364203],[-44.6887884,-3.1367645],[-44.6884869,-3.1370541],[-44.6880611,-3.1375226],[-44.6878679,-3.1378882],[-44.6873178,-3.1385253],[-44.6849837,-3.1410598],[-44.6747682,-3.1515971],[-44.6742982,-3.1520819],[-44.6742525,-3.152124],[-44.6745189,-3.152287],[-44.682547,-3.1626929],[-44.6891147,-3.1757925],[-44.6998226,-3.1847317],[-44.7105266,-3.1890191],[-44.735349,-3.1962474],[-44.7660122,-3.2059254],[-44.7767187,-3.213149],[-44.7795162,-3.2216697],[-44.7799658,-3.2246806],[-44.7793741,-3.2265234],[-44.7771565,-3.231728],[-44.7761251,-3.233431],[-44.7736301,-3.2409185],[-44.7729886,-3.2439668],[-44.7719113,-3.245564],[-44.7709863,-3.2473412],[-44.769514,-3.250898],[-44.7685167,-3.2527012],[-44.7677063,-3.2546222],[-44.7671504,-3.2564661],[-44.7670142,-3.2585637],[-44.7664634,-3.2607272],[-44.7656254,-3.2627112],[-44.7652385,-3.2647619],[-44.7636822,-3.2676572],[-44.7624355,-3.2691617],[-44.7605131,-3.2706716],[-44.7565181,-3.2725072],[-44.7551532,-3.2735589],[-44.7539391,-3.2753359],[-44.7535772,-3.2764306],[-44.7521815,-3.2784791],[-44.750492,-3.2802848],[-44.7498782,-3.2813593],[-44.7479041,-3.2863939],[-44.7468744,-3.2909747],[-44.7468771,-3.2926164],[-44.747377,-3.2958535],[-44.7480186,-3.297876],[-44.7493775,-3.299399],[-44.7525456,-3.3011681],[-44.7540397,-3.3021888],[-44.7559045,-3.3031184],[-44.7579282,-3.3038959],[-44.7601792,-3.3046121],[-44.7614011,-3.3049108],[-44.7625978,-3.3050191],[-44.7660711,-3.3050315],[-44.7680698,-3.3049178],[-44.7701524,-3.3043915],[-44.7767579,-3.301907],[-44.7805228,-3.3001749],[-44.7838229,-3.298483],[-44.7857383,-3.2976515],[-44.7876231,-3.2971072],[-44.7894569,-3.2964375],[-44.7912375,-3.2954798],[-44.792378,-3.2938832],[-44.793352,-3.292094],[-44.7944293,-3.2888656],[-44.7949095,-3.2877271],[-44.7954008,-3.2860799],[-44.7964309,-3.2837591],[-44.7986567,-3.2796992],[-44.8006269,-3.2758431],[-44.8017913,-3.2732886],[-44.8070468,-3.2702927],[-44.8081306,-3.2698552],[-44.8105467,-3.2693521],[-44.8123784,-3.2700732],[-44.8135718,-3.2721019],[-44.8155996,-3.276557],[-44.8163263,-3.2778592],[-44.8171274,-3.2788138],[-44.8212927,-3.2828152],[-44.8223195,-3.283496],[-44.8239368,-3.2848322],[-44.8254632,-3.2862649],[-44.8263256,-3.2872924],[-44.8272359,-3.2881115],[-44.8286858,-3.2891515],[-44.8320693,-3.2908976],[-44.8346566,-3.2915543],[-44.8369361,-3.2919152],[-44.8395202,-3.2918397],[-44.8430206,-3.2908554],[-44.8443523,-3.2908666],[-44.8468198,-3.2925044],[-44.8479882,-3.2936411],[-44.8503206,-3.295592],[-44.8516843,-3.2960223],[-44.8538222,-3.2954533],[-44.8544337,-3.2934408],[-44.8541854,-3.2921678],[-44.8535197,-3.2901901],[-44.8526557,-3.2890303],[-44.8505188,-3.2867526],[-44.8483493,-3.2857846],[-44.8454593,-3.2839912],[-44.8422955,-3.2824266],[-44.8399103,-3.2808343],[-44.8391817,-3.2796294],[-44.8392394,-3.2774601],[-44.841238,-3.2763719],[-44.842767,-3.276342],[-44.845186,-3.2767014],[-44.847689,-3.2773322],[-44.8494866,-3.277553],[-44.850818,-3.2774847],[-44.8532945,-3.2771749],[-44.8553275,-3.2764459],[-44.8567121,-3.2755824],[-44.8581033,-3.2740055],[-44.8586565,-3.2725461],[-44.8588738,-3.2713157],[-44.8589581,-3.2699681],[-44.8596563,-3.2674115],[-44.8603526,-3.2663462],[-44.8623514,-3.2649257],[-44.8636289,-3.2642603],[-44.8692663,-3.262567],[-44.8711239,-3.2621292],[-44.8731919,-3.2619987],[-44.8743506,-3.2624181],[-44.8753268,-3.2630243],[-44.8755225,-3.2642593],[-44.8755679,-3.2661976],[-44.8749031,-3.26795],[-44.8720202,-3.2704155],[-44.8711303,-3.2722837],[-44.8714933,-3.2740203],[-44.8732126,-3.2749288],[-44.8738783,-3.2768191],[-44.8723213,-3.2778409],[-44.8707145,-3.2774165],[-44.8684344,-3.2778048],[-44.8681531,-3.2789462],[-44.8693507,-3.2809217],[-44.8702675,-3.2820194],[-44.871686,-3.2834486],[-44.8727141,-3.2836963],[-44.873743,-3.2839468],[-44.8753794,-3.2830989],[-44.8777374,-3.2808806],[-44.8799901,-3.2795516],[-44.8824345,-3.2792075],[-44.883604,-3.2788367],[-44.8848253,-3.2782217],[-44.8864932,-3.2769856],[-44.8884624,-3.2762497],[-44.89038,-3.2769332],[-44.89099,-3.2790088],[-44.8910418,-3.2802327],[-44.8898774,-3.2818145],[-44.8875985,-3.2817761],[-44.8863182,-3.2812707],[-44.8842712,-3.2816505],[-44.8838511,-3.2835069],[-44.8850172,-3.2850901],[-44.8859335,-3.2871256],[-44.8880139,-3.2904638],[-44.8891509,-3.2920834],[-44.8905432,-3.2934294],[-44.8911012,-3.2935148],[-44.8930412,-3.293811],[-44.8941864,-3.2936481],[-44.895227,-3.293842]]]]}},{"type":"Feature","properties":{"fid":79,"CD_MUN":"2112902","NM_MUN":"Vitória do Mearim","CD_RGI":"210005","NM_RGI":"Viana","CD_RGINT":"2101","NM_RGINT":"São Luís","CD_UF":"21","NM_UF":"Maranhão","SIGLA_UF":"MA","CD_REGIAO":"2","NM_REGIAO":"Nordeste","SIGLA_RG":"NE","CD_CONCURB":null,"NM_CONCURB":null,"AREA_KM2":715.625},"geometry":{"type":"MultiPolygon","coordinates":[[[[-44.9232804,-3.7133583],[-44.9233924,-3.7128578],[-44.9235241,-3.712212],[-44.9235483,-3.7120656],[-44.9235529,-3.7120119],[-44.9235586,-3.7119601],[-44.923563,-3.711913],[-44.9235659,-3.7118707],[-44.9235687,-3.7118263],[-44.9235713,-3.7117798],[-44.9235739,-3.7117313],[-44.9235763,-3.7116807],[-44.9235788,-3.7116308],[-44.9235812,-3.7115817],[-44.9235836,-3.7115333],[-44.9235861,-3.7114856],[-44.9235883,-3.7114389],[-44.9235902,-3.7113931],[-44.9235919,-3.7113484],[-44.9235934,-3.7113046],[-44.9235945,-3.7112599],[-44.9235952,-3.7112144],[-44.9235956,-3.7111681],[-44.9235956,-3.7111209],[-44.9235952,-3.7110764],[-44.9235945,-3.7110345],[-44.9235934,-3.7109954],[-44.9235919,-3.7109589],[-44.9235903,-3.7109203],[-44.9235886,-3.7108797],[-44.9235868,-3.710837],[-44.9235848,-3.7107922],[-44.9235824,-3.7107482],[-44.9235795,-3.7107049],[-44.9235761,-3.7106623],[-44.9235722,-3.7106205],[-44.9235681,-3.7105769],[-44.9235637,-3.7105317],[-44.9235591,-3.7104847],[-44.9235542,-3.7104361],[-44.9235498,-3.7103908],[-44.9235459,-3.710349],[-44.9235425,-3.7103105],[-44.9235396,-3.7102755],[-44.9235379,-3.71024],[-44.9235374,-3.710204],[-44.9235381,-3.7101675],[-44.9235401,-3.7101305],[-44.9235437,-3.7100945],[-44.9235491,-3.7100594],[-44.9235561,-3.7100254],[-44.9235649,-3.7099923],[-44.9235751,-3.7099595],[-44.9235868,-3.7099269],[-44.9235999,-3.7098945],[-44.9236145,-3.7098624],[-44.9236301,-3.7098317],[-44.9236466,-3.7098025],[-44.9236642,-3.7097748],[-44.9236826,-3.7097485],[-44.9237024,-3.7097223],[-44.9237233,-3.709696],[-44.9237454,-3.7096697],[-44.9237688,-3.7096434],[-44.9237929,-3.7096174],[-44.9238177,-3.7095916],[-44.9238432,-3.7095661],[-44.9238695,-3.7095408],[-44.9239012,-3.7095129],[-44.9239385,-3.7094825],[-44.9239812,-3.7094495],[-44.9240293,-3.709414],[-44.9240737,-3.7093817],[-44.9241144,-3.7093525],[-44.9241512,-3.7093264],[-44.9241843,-3.7093036],[-44.9242176,-3.7092814],[-44.9242512,-3.70926],[-44.924285,-3.7092393],[-44.9243191,-3.7092194],[-44.924355,-3.7091989],[-44.9243927,-3.709178],[-44.9244322,-3.7091566],[-44.9244736,-3.7091347],[-44.9245121,-3.7091143],[-44.9245479,-3.7090953],[-44.9245809,-3.7090778],[-44.924611,-3.7090617],[-44.9246462,-3.7090426],[-44.9246863,-3.7090205],[-44.9247315,-3.7089953],[-44.9247816,-3.7089671],[-44.9248311,-3.7089389],[-44.92488,-3.7089107],[-44.9249283,-3.7088824],[-44.924976,-3.7088542],[-44.9250263,-3.7088248],[-44.9250794,-3.7087941],[-44.9251351,-3.7087622],[-44.92516,-3.7087481],[-44.9251935,-3.7087292],[-44.9252127,-3.7087182],[-44.9252397,-3.7087037],[-44.9257129,-3.708529],[-44.9256993,-3.7084202],[-44.9257131,-3.708448],[-44.9257511,-3.7084292],[-44.9258153,-3.7083976],[-44.9258776,-3.7083672],[-44.9259379,-3.708338],[-44.9260021,-3.7083063],[-44.9260703,-3.7082723],[-44.9261423,-3.7082358],[-44.9262182,-3.7081969],[-44.9262931,-3.7081574],[-44.9263671,-3.7081175],[-44.9264401,-3.7080772],[-44.9265121,-3.7080363],[-44.9265824,-3.7079957],[-44.926651,-3.7079553],[-44.9267179,-3.7079151],[-44.9267831,-3.7078752],[-44.9268483,-3.7078351],[-44.9269135,-3.7077947],[-44.9269787,-3.7077541],[-44.9270439,-3.7077132],[-44.9271105,-3.7076711],[-44.9271787,-3.7076278],[-44.9272482,-3.7075833],[-44.9273193,-3.7075375],[-44.9273879,-3.7074933],[-44.9274541,-3.7074504],[-44.9275178,-3.7074091],[-44.9275791,-3.7073692],[-44.9276448,-3.7073249],[-44.9277149,-3.7072763],[-44.9277893,-3.7072232],[-44.9278681,-3.7071658],[-44.9279436,-3.7071111],[-44.9280156,-3.707059],[-44.9280842,-3.7070096],[-44.9281494,-3.7069629],[-44.9282153,-3.7069167],[-44.928282,-3.7068709],[-44.9283494,-3.7068257],[-44.9284175,-3.7067809],[-44.9284856,-3.7067362],[-44.9285537,-3.7066914],[-44.9286218,-3.7066466],[-44.92869,-3.7066019],[-44.9287556,-3.7065593],[-44.9288189,-3.7065189],[-44.9288797,-3.7064807],[-44.9289381,-3.7064447],[-44.9289958,-3.7064102],[-44.9290527,-3.7063771],[-44.9291089,-3.7063454],[-44.9291644,-3.7063153],[-44.9292247,-3.7062841],[-44.9292899,-3.706252],[-44.92936,-3.7062189],[-44.9294349,-3.7061849],[-44.9295103,-3.7061523],[-44.9295862,-3.7061211],[-44.9296626,-3.7060915],[-44.9297395,-3.7060632],[-44.9298125,-3.7060374],[-44.9298816,-3.7060141],[-44.9299468,-3.7059932],[-44.9300081,-3.7059747],[-44.9300726,-3.7059584],[-44.9301402,-3.7059443],[-44.930211,-3.7059323],[-44.9302849,-3.7059226],[-44.9303557,-3.7059151],[-44.9304234,-3.7059097],[-44.9304878,-3.7059066],[-44.9305492,-3.7059056],[-44.9306109,-3.7059053],[-44.9306732,-3.7059058],[-44.930736,-3.705907],[-44.9307993,-3.705909],[-44.9308642,-3.7059134],[-44.9309309,-3.7059202],[-44.9309992,-3.7059294],[-44.9310693,-3.7059411],[-44.9311357,-3.7059535],[-44.9311985,-3.7059666],[-44.9312576,-3.7059805],[-44.9313131,-3.7059951],[-44.9313656,-3.7060109],[-44.9314153,-3.706028],[-44.931462,-3.7060462],[-44.9315058,-3.7060657],[-44.9315505,-3.7060878],[-44.9315963,-3.7061126],[-44.931643,-3.7061401],[-44.9316907,-3.7061703],[-44.9317374,-3.7062026],[-44.9317831,-3.7062372],[-44.9318279,-3.7062739],[-44.9318717,-3.7063128],[-44.931915,-3.7063532],[-44.9319578,-3.7063951],[-44.9320001,-3.7064384],[-44.932042,-3.7064831],[-44.9320875,-3.7065318],[-44.9321366,-3.7065844],[-44.9321894,-3.7066408],[-44.9322458,-3.7067011],[-44.9322996,-3.706759],[-44.9323507,-3.7068145],[-44.9323588,-3.7068234],[-44.9323991,-3.7068675],[-44.9324448,-3.7069181],[-44.9324915,-3.706968],[-44.9325392,-3.7070172],[-44.9325879,-3.7070656],[-44.9326375,-3.7071133],[-44.9326898,-3.7071624],[-44.9327448,-3.707213],[-44.9328025,-3.7072651],[-44.9328628,-3.7073186],[-44.9329178,-3.7073672],[-44.9329674,-3.707411],[-44.9330117,-3.70745],[-44.9330506,-3.707484],[-44.9330893,-3.7075166],[-44.9331277,-3.7075478],[-44.9331659,-3.7075774],[-44.9332039,-3.7076057],[-44.9332443,-3.7076336],[-44.9332871,-3.7076614],[-44.9333323,-3.7076889],[-44.93338,-3.7077161],[-44.9334267,-3.7077412],[-44.9334725,-3.707764],[-44.9335172,-3.7077847],[-44.933561,-3.7078032],[-44.9336034,-3.70782],[-44.9336442,-3.7078351],[-44.9336837,-3.7078485],[-44.9337216,-3.7078601],[-44.9337603,-3.7078713],[-44.9337997,-3.707882],[-44.9338398,-3.7078923],[-44.9338807,-3.707902],[-44.9339233,-3.7079105],[-44.9339676,-3.7079178],[-44.9340135,-3.7079239],[-44.9340612,-3.7079287],[-44.9341082,-3.7079324],[-44.9341544,-3.7079348],[-44.9341999,-3.707936],[-44.9342447,-3.707936],[-44.9342926,-3.7079351],[-44.9343437,-3.7079331],[-44.9343979,-3.7079302],[-44.9344554,-3.7079263],[-44.9345125,-3.7079224],[-44.9345695,-3.7079185],[-44.9346261,-3.7079146],[-44.9346826,-3.7079107],[-44.9347424,-3.7079059],[-44.9348057,-3.7079],[-44.9348723,-3.7078932],[-44.9349131,-3.7078887],[-44.9349424,-3.7078854],[-44.9350152,-3.7078767],[-44.9350906,-3.707867],[-44.9351687,-3.7078563],[-44.9352494,-3.7078446],[-44.9353307,-3.7078317],[-44.9354124,-3.7078176],[-44.9354947,-3.7078022],[-44.9355774,-3.7077857],[-44.9356591,-3.7077684],[-44.9357399,-3.7077504],[-44.9358197,-3.7077317],[-44.9358985,-3.7077122],[-44.9359783,-3.7076915],[-44.9360591,-3.7076696],[-44.9361408,-3.7076465],[-44.9362236,-3.7076222],[-44.9363055,-3.7075981],[-44.9363868,-3.7075743],[-44.9364673,-3.7075507],[-44.9365471,-3.7075273],[-44.936635,-3.7075023],[-44.9367308,-3.7074755],[-44.9368347,-3.707447],[-44.9369466,-3.7074169],[-44.9370556,-3.7073879],[-44.9371617,-3.7073602],[-44.9372648,-3.7073337],[-44.9373651,-3.7073084],[-44.9374556,-3.7072853],[-44.9375363,-3.7072643],[-44.9376074,-3.7072456],[-44.9376687,-3.7072291],[-44.9377313,-3.7072111],[-44.9377953,-3.7071916],[-44.9378606,-3.7071707],[-44.9379273,-3.7071483],[-44.9379881,-3.7071272],[-44.9380444,-3.707107],[-44.9380922,-3.7070892],[-44.9381355,-3.7070721],[-44.9381798,-3.7070546],[-44.9382251,-3.7070366],[-44.9382713,-3.7070181],[-44.9383185,-3.7069992],[-44.9383645,-3.7069796],[-44.9384092,-3.7069594],[-44.9384528,-3.7069386],[-44.9384951,-3.7069172],[-44.9385338,-3.7068967],[-44.9385688,-3.7068773],[-44.9386002,-3.7068588],[-44.938628,-3.7068413],[-44.9386544,-3.7068234],[-44.9386794,-3.7068051],[-44.9387031,-3.7067865],[-44.9387255,-3.7067675],[-44.9387475,-3.7067477],[-44.9387692,-3.706727],[-44.9387905,-3.7067055],[-44.9388114,-3.7066831],[-44.9388323,-3.7066605],[-44.9388532,-3.7066376],[-44.9388742,-3.7066145],[-44.9388951,-3.7065912],[-44.9389154,-3.7065677],[-44.9389351,-3.7065441],[-44.9389542,-3.7065204],[-44.9389727,-3.7064965],[-44.9389915,-3.7064717],[-44.9390108,-3.7064459],[-44.9390303,-3.7064192],[-44.9390503,-3.7063914],[-44.9390724,-3.7063615],[-44.9390968,-3.7063294],[-44.9391233,-3.7062951],[-44.939152,-3.7062586],[-44.9391812,-3.7062206],[-44.9392109,-3.7061812],[-44.939241,-3.7061404],[-44.9392717,-3.706098],[-44.9393015,-3.7060565],[-44.9393304,-3.7060159],[-44.9393585,-3.7059761],[-44.9393858,-3.7059372],[-44.9394128,-3.7058978],[-44.9394396,-3.7058579],[-44.9394661,-3.7058175],[-44.9394923,-3.7057766],[-44.9395184,-3.7057346],[-44.9395442,-3.7056912],[-44.9395697,-3.7056467],[-44.939585,-3.705619],[-44.939595,-3.705601],[-44.9396201,-3.705554],[-44.9396449,-3.7055059],[-44.9396695,-3.7054565],[-44.9396938,-3.7054059],[-44.9397164,-3.7053587],[-44.9397373,-3.7053149],[-44.9397566,-3.7052745],[-44.9397741,-3.7052375],[-44.939794,-3.7051966],[-44.9398164,-3.7051519],[-44.9398412,-3.7051032],[-44.9398685,-3.7050507],[-44.939896,-3.7050008],[-44.9399237,-3.7049536],[-44.9399517,-3.7049091],[-44.9399799,-3.7048672],[-44.9400081,-3.7048271],[-44.9400363,-3.7047887],[-44.9400646,-3.7047519],[-44.9400928,-3.7047169],[-44.9401244,-3.7046802],[-44.9401594,-3.7046417],[-44.9401979,-3.7046016],[-44.9402397,-3.7045597],[-44.9402816,-3.7045186],[-44.9403234,-3.7044782],[-44.9403653,-3.7044386],[-44.9404071,-3.7043996],[-44.9404502,-3.7043597],[-44.9404944,-3.7043189],[-44.9405399,-3.704277],[-44.9405867,-3.7042342],[-44.9406321,-3.7041928],[-44.9406764,-3.7041529],[-44.9407195,-3.7041145],[-44.9407613,-3.7040775],[-44.9408017,-3.704042],[-44.9408406,-3.704008],[-44.9408781,-3.7039754],[-44.9409141,-3.7039442],[-44.9409504,-3.7039131],[-44.9409869,-3.7038819],[-44.9410236,-3.7038508],[-44.9410606,-3.7038196],[-44.9410985,-3.7037878],[-44.9411375,-3.7037552],[-44.9411773,-3.7037218],[-44.9412182,-3.7036878],[-44.9412593,-3.7036545],[-44.9413007,-3.7036219],[-44.9413423,-3.70359],[-44.9413841,-3.7035588],[-44.9414254,-3.7035277],[-44.941466,-3.7034966],[-44.941506,-3.7034654],[-44.9415454,-3.7034343],[-44.9415853,-3.7034018],[-44.9416257,-3.703368],[-44.9416666,-3.7033328],[-44.941708,-3.7032963],[-44.941746,-3.7032625],[-44.9417808,-3.7032314],[-44.9418123,-3.7032029],[-44.9418405,-3.7031771],[-44.9418673,-3.7031523],[-44.9418926,-3.7031285],[-44.9419165,-3.7031056],[-44.9419388,-3.7030837],[-44.9419604,-3.7030623],[-44.941981,-3.7030414],[-44.9420009,-3.7030209],[-44.9420198,-3.703001],[-44.9420387,-3.7029787],[-44.9420574,-3.7029542],[-44.942076,-3.7029273],[-44.9420945,-3.7028981],[-44.9421123,-3.7028682],[-44.9421293,-3.7028375],[-44.9421456,-3.7028061],[-44.9421612,-3.702774],[-44.9421751,-3.7027421],[-44.9421872,-3.7027105],[-44.9421977,-3.7026791],[-44.9422064,-3.702648],[-44.9422152,-3.7026154],[-44.942224,-3.7025813],[-44.9422327,-3.7025458],[-44.9422415,-3.7025088],[-44.9422498,-3.7024711],[-44.9422575,-3.7024327],[-44.9422648,-3.7023935],[-44.9422716,-3.7023536],[-44.942277,-3.7023127],[-44.9422809,-3.7022709],[-44.9422833,-3.7022281],[-44.9422843,-3.7021843],[-44.9422854,-3.7021384],[-44.9422866,-3.7020905],[-44.9422879,-3.7020405],[-44.9422894,-3.7019884],[-44.9422904,-3.701942],[-44.9422909,-3.7019011],[-44.9422909,-3.7018658],[-44.9422904,-3.7018361],[-44.9422894,-3.7018071],[-44.9422879,-3.7017786],[-44.942286,-3.7017507],[-44.9422836,-3.7017235],[-44.9422807,-3.7016945],[-44.9422772,-3.7016639],[-44.9422734,-3.7016315],[-44.942269,-3.7015975],[-44.9422642,-3.7015622],[-44.9422591,-3.7015257],[-44.9422536,-3.701488],[-44.9422478,-3.7014491],[-44.9422423,-3.7014103],[-44.9422372,-3.7013716],[-44.9422325,-3.701333],[-44.9422281,-3.7012946],[-44.9422242,-3.7012581],[-44.9422208,-3.7012235],[-44.9422179,-3.7011909],[-44.9422155,-3.7011603],[-44.9422139,-3.7011299],[-44.9422131,-3.7010997],[-44.9422133,-3.7010698],[-44.9422142,-3.7010401],[-44.9422152,-3.7010092],[-44.9422162,-3.7009771],[-44.9422172,-3.7009438],[-44.9422181,-3.7009092],[-44.9422193,-3.7008749],[-44.9422208,-3.7008409],[-44.9422225,-3.700807],[-44.9422245,-3.7007735],[-44.942227,-3.700741],[-44.9422302,-3.7007096],[-44.9422339,-3.7006793],[-44.9422383,-3.7006501],[-44.9422427,-3.7006227],[-44.9422471,-3.7005972],[-44.9422515,-3.7005735],[-44.9422558,-3.7005516],[-44.9422623,-3.700524],[-44.9422708,-3.7004906],[-44.9422814,-3.7004516],[-44.942294,-3.7004068],[-44.9423081,-3.7003618],[-44.9423237,-3.7003166],[-44.9423407,-3.7002711],[-44.9423592,-3.7002253],[-44.9423794,-3.7001772],[-44.9424013,-3.7001266],[-44.9424249,-3.7000735],[-44.9424502,-3.7000181],[-44.9424787,-3.6999616],[-44.9425103,-3.6999042],[-44.9425451,-3.6998458],[-44.9425831,-3.6997865],[-44.9426188,-3.6997317],[-44.9426524,-3.6996816],[-44.9426838,-3.6996361],[-44.942713,-3.6995952],[-44.9427453,-3.6995512],[-44.9427808,-3.699504],[-44.9428195,-3.6994536],[-44.9428614,-3.6994001],[-44.9429042,-3.6993459],[-44.942948,-3.6992909],[-44.9429927,-3.6992352],[-44.9430385,-3.6991787],[-44.943082,-3.6991254],[-44.9431234,-3.6990753],[-44.9431626,-3.6990284],[-44.9431995,-3.6989846],[-44.9432368,-3.698942],[-44.9432742,-3.6989006],[-44.9433119,-3.6988605],[-44.9433499,-3.6988216],[-44.9433864,-3.6987839],[-44.9434214,-3.6987474],[-44.943455,-3.6987121],[-44.9434871,-3.698678],[-44.9435207,-3.6986437],[-44.9435557,-3.6986092],[-44.9435922,-3.6985744],[-44.9436302,-3.6985394],[-44.9436693,-3.6985046],[-44.943706,-3.6984732],[-44.9437513,-3.6984357],[-44.9437941,-3.6984017],[-44.9438362,-3.6983679],[-44.9438776,-3.6983343],[-44.9439182,-3.6983009],[-44.9439581,-3.6982679],[-44.9439985,-3.698234],[-44.9440394,-3.6981995],[-44.9440807,-3.6981642],[-44.9441226,-3.6981282],[-44.9441632,-3.6980922],[-44.9442026,-3.6980562],[-44.9442408,-3.6980202],[-44.9442778,-3.6979842],[-44.9443123,-3.6979492],[-44.9443444,-3.6979151],[-44.9443741,-3.697882],[-44.9444014,-3.6978499],[-44.9444286,-3.6978168],[-44.9444559,-3.6977827],[-44.9444831,-3.6977477],[-44.9445104,-3.6977117],[-44.9445362,-3.6976757],[-44.9445605,-3.6976397],[-44.9445834,-3.6976037],[-44.9446048,-3.6975677],[-44.9446257,-3.6975319],[-44.9446461,-3.6974964],[-44.9446661,-3.6974611],[-44.9446855,-3.6974261],[-44.9447043,-3.6973913],[-44.9447223,-3.6973568],[-44.9447395,-3.6973224],[-44.9447561,-3.6972884],[-44.9447729,-3.6972509],[-44.9447899,-3.6972101],[-44.9448072,-3.6971658],[-44.9448247,-3.6971181],[-44.944841,-3.6970706],[-44.9448561,-3.6970235],[-44.9448699,-3.6969765],[-44.9448826,-3.6969298],[-44.9448945,-3.6968831],[-44.9449057,-3.6968364],[-44.9449162,-3.6967897],[-44.9449259,-3.6967429],[-44.9449347,-3.6966962],[-44.9449424,-3.6966495],[-44.9449493,-3.6966028],[-44.9449551,-3.6965561],[-44.9449612,-3.6965079],[-44.9449675,-3.6964583],[-44.9449741,-3.6964072],[-44.9449809,-3.6963547],[-44.944987,-3.6963061],[-44.9449923,-3.6962616],[-44.9449966,-3.6962235],[-44.9450008,-3.6961846],[-44.9450046,-3.6961481],[-44.9450083,-3.6961116],[-44.9450118,-3.6960751],[-44.9450152,-3.6960386],[-44.9450194,-3.696003],[-44.9450246,-3.6959682],[-44.9450305,-3.6959343],[-44.9450373,-3.6959012],[-44.945045,-3.6958676],[-44.9450535,-3.6958335],[-44.9450629,-3.695799],[-44.9450731,-3.695764],[-44.9450837,-3.6957308],[-44.9450946,-3.6956994],[-44.9451059,-3.6956698],[-44.9451176,-3.6956421],[-44.9451299,-3.6956151],[-44.9451428,-3.6955888],[-44.9451563,-3.6955632],[-44.9451704,-3.6955384],[-44.9451871,-3.6955122],[-44.9452063,-3.6954844],[-44.9452281,-3.6954552],[-44.9452524,-3.6954246],[-44.9452768,-3.6953953],[-44.9453014,-3.6953673],[-44.9453261,-3.6953406],[-44.9453509,-3.6953153],[-44.9453761,-3.6952909],[-44.9454016,-3.6952673],[-44.9454276,-3.6952445],[-44.9454538,-3.6952226],[-44.9454811,-3.6952011],[-44.9455093,-3.69518],[-44.9455385,-3.6951591],[-44.9455687,-3.6951387],[-44.9456015,-3.6951175],[-44.945637,-3.6950957],[-44.9456752,-3.695073],[-44.9457161,-3.6950497],[-44.945757,-3.6950278],[-44.9457978,-3.6950073],[-44.9458387,-3.6949884],[-44.9458796,-3.6949708],[-44.9459201,-3.6949542],[-44.9459602,-3.6949384],[-44.946,-3.6949234],[-44.9460394,-3.6949093],[-44.9460775,-3.6948964],[-44.9461142,-3.6948847],[-44.9461496,-3.6948743],[-44.9461837,-3.694865],[-44.9462196,-3.6948561],[-44.9462573,-3.6948476],[-44.9462968,-3.6948395],[-44.9463382,-3.6948317],[-44.9463783,-3.6948248],[-44.9464172,-3.6948187],[-44.946455,-3.6948134],[-44.9464914,-3.6948091],[-44.9465292,-3.694805],[-44.9465681,-3.6948014],[-44.9466082,-3.6947981],[-44.9466496,-3.6947952],[-44.9466908,-3.694793],[-44.9467319,-3.6947915],[-44.9467729,-3.6947908],[-44.9468138,-3.6947908],[-44.9468528,-3.6947909],[-44.9468901,-3.6947912],[-44.9469255,-3.6947915],[-44.946959,-3.694792],[-44.9469946,-3.6947929],[-44.947032,-3.6947941],[-44.9470714,-3.6947957],[-44.9471128,-3.6947976],[-44.9471544,-3.6948003],[-44.9471962,-3.6948037],[-44.9472383,-3.6948078],[-44.9472807,-3.6948127],[-44.9473213,-3.6948178],[-44.9473602,-3.6948232],[-44.9473974,-3.6948288],[-44.947433,-3.6948346],[-44.9474674,-3.6948406],[-44.9475007,-3.6948466],[-44.947533,-3.6948529],[-44.9475641,-3.6948592],[-44.9475952,-3.6948664],[-44.9476264,-3.6948744],[-44.9476575,-3.6948833],[-44.9476887,-3.694893],[-44.9477202,-3.6949033],[-44.947752,-3.6949143],[-44.9477834,-3.6949254],[-44.9478169,-3.694938],[-44.9478497,-3.6949505],[-44.9478828,-3.6949634],[-44.9479161,-3.6949767],[-44.9479497,-3.6949903],[-44.9479828,-3.6950042],[-44.9480154,-3.6950183],[-44.9480475,-3.6950326],[-44.9480791,-3.6950472],[-44.9481094,-3.6950612],[-44.9481384,-3.6950746],[-44.948166,-3.6950874],[-44.9481923,-3.6950995],[-44.9482212,-3.6951127],[-44.9482528,-3.6951268],[-44.9482871,-3.6951419],[-44.9483241,-3.6951579],[-44.9483606,-3.695173],[-44.9483966,-3.6951871],[-44.9484321,-3.6952003],[-44.9484672,-3.6952124],[-44.9485018,-3.6952237],[-44.9485361,-3.6952342],[-44.9485701,-3.6952438],[-44.9486037,-3.6952526],[-44.9486361,-3.6952596],[-44.9486675,-3.695265],[-44.9486978,-3.6952686],[-44.948727,-3.6952706],[-44.9487544,-3.6952712],[-44.9487799,-3.6952705],[-44.9488036,-3.6952684],[-44.9488255,-3.695265],[-44.9488465,-3.6952611],[-44.9488664,-3.6952567],[-44.9488854,-3.6952518],[-44.9489034,-3.6952465],[-44.9489236,-3.6952389],[-44.948946,-3.6952292],[-44.9489705,-3.6952173],[-44.9489973,-3.6952032],[-44.9490226,-3.695189],[-44.9490464,-3.6951746],[-44.9490688,-3.6951601],[-44.9490897,-3.6951455],[-44.9491119,-3.6951296],[-44.9491352,-3.6951123],[-44.9491598,-3.6950937],[-44.9491856,-3.6950738],[-44.9492132,-3.6950519],[-44.9492426,-3.695028],[-44.9492739,-3.6950022],[-44.949307,-3.6949745],[-44.9493367,-3.6949492],[-44.949363,-3.6949263],[-44.9493858,-3.6949059],[-44.9494053,-3.6948879],[-44.9494267,-3.6948676],[-44.94945,-3.6948449],[-44.9494754,-3.69482],[-44.9495026,-3.6947928],[-44.9495318,-3.6947632],[-44.9495629,-3.6947313],[-44.949596,-3.6946971],[-44.9496311,-3.6946607],[-44.9496661,-3.6946247],[-44.9497011,-3.6945891],[-44.9497362,-3.6945541],[-44.9497712,-3.6945196],[-44.9498072,-3.6944845],[-44.9498434,-3.6944497],[-44.9498821,-3.694413],[-44.9499211,-3.6943765],[-44.9499582,-3.6943421],[-44.9499934,-3.6943097],[-44.9500269,-3.6942794],[-44.9500585,-3.6942512],[-44.9500903,-3.6942226],[-44.9501221,-3.6941937],[-44.9501541,-3.6941644],[-44.9501862,-3.6941347],[-44.9502174,-3.6941047],[-44.9502475,-3.6940746],[-44.9502767,-3.6940442],[-44.950305,-3.6940135],[-44.9503317,-3.6939846],[-44.950357,-3.6939573],[-44.9503809,-3.6939318],[-44.9504032,-3.6939079],[-44.9504257,-3.6938836],[-44.9504484,-3.6938588],[-44.9504711,-3.6938335],[-44.950494,-3.6938077],[-44.9505192,-3.6937796],[-44.9505467,-3.6937492],[-44.9505765,-3.6937165],[-44.9506086,-3.6936814],[-44.9506395,-3.6936487],[-44.9506692,-3.6936183],[-44.9506976,-3.6935902],[-44.9507249,-3.6935644],[-44.9507535,-3.6935395],[-44.9507834,-3.6935154],[-44.9508146,-3.6934922],[-44.9508472,-3.6934698],[-44.9508803,-3.6934479],[-44.9509139,-3.6934265],[-44.950948,-3.6934055],[-44.9509825,-3.6933851],[-44.9510158,-3.6933664],[-44.951048,-3.6933493],[-44.9510788,-3.693334],[-44.9511085,-3.6933204],[-44.9511388,-3.6933073],[-44.9511697,-3.6932946],[-44.9512012,-3.6932824],[-44.9512333,-3.6932708],[-44.9512647,-3.6932601],[-44.9512954,-3.6932503],[-44.9513253,-3.6932416],[-44.9513545,-3.6932338],[-44.9513854,-3.6932265],[-44.951418,-3.6932197],[-44.9514523,-3.6932133],[-44.9514883,-3.6932075],[-44.9515248,-3.6932022],[-44.9515618,-3.6931973],[-44.9515992,-3.6931929],[-44.9516372,-3.693189],[-44.9516798,-3.6931849],[-44.951727,-3.6931805],[-44.9517788,-3.6931759],[-44.9518352,-3.693171],[-44.951887,-3.6931669],[-44.9519342,-3.6931635],[-44.9519768,-3.6931608],[-44.9520148,-3.6931589],[-44.9520554,-3.6931574],[-44.9520987,-3.6931564],[-44.9521447,-3.6931559],[-44.9521933,-3.6931559],[-44.9522439,-3.6931565],[-44.9522965,-3.6931578],[-44.952351,-3.6931596],[-44.9524074,-3.693162],[-44.9524631,-3.6931644],[-44.9525181,-3.6931669],[-44.9525724,-3.6931693],[-44.9526259,-3.6931717],[-44.9526831,-3.6931742],[-44.9527439,-3.6931766],[-44.9528084,-3.693179],[-44.9528765,-3.6931815],[-44.9529434,-3.6931845],[-44.9530091,-3.6931882],[-44.953024,-3.6931892],[-44.9530736,-3.6931924],[-44.9531368,-3.6931973],[-44.9531953,-3.6932018],[-44.9532491,-3.6932059],[-44.9532981,-3.6932097],[-44.9533424,-3.6932131],[-44.9533913,-3.6932161],[-44.9534448,-3.6932188],[-44.953503,-3.6932211],[-44.953524,-3.6932218],[-44.9535657,-3.6932231],[-44.9536244,-3.6932245],[-44.9536788,-3.6932255],[-44.9537292,-3.693226],[-44.9537754,-3.693226],[-44.9538212,-3.6932259],[-44.9538664,-3.6932256],[-44.9539112,-3.6932253],[-44.9539555,-3.6932248],[-44.9540027,-3.6932238],[-44.9540528,-3.6932223],[-44.9541058,-3.6932204],[-44.9541618,-3.693218],[-44.9542146,-3.6932154],[-44.9542642,-3.6932127],[-44.9543107,-3.6932099],[-44.954354,-3.693207],[-44.9544002,-3.6932041],[-44.9544493,-3.6932012],[-44.9545014,-3.6931983],[-44.9545564,-3.6931953],[-44.9546115,-3.6931923],[-44.9546667,-3.6931891],[-44.9547221,-3.6931859],[-44.9547775,-3.6931825],[-44.9548352,-3.6931789],[-44.954895,-3.6931753],[-44.9549571,-3.6931715],[-44.9550213,-3.6931676],[-44.9550836,-3.6931636],[-44.9551439,-3.6931595],[-44.9552023,-3.6931552],[-44.9552587,-3.6931508],[-44.9553129,-3.6931461],[-44.9553647,-3.693141],[-44.9554142,-3.6931355],[-44.9554614,-3.6931297],[-44.9555084,-3.6931243],[-44.9555551,-3.6931194],[-44.9556015,-3.6931151],[-44.9556478,-3.6931112],[-44.9556922,-3.6931084],[-44.9557347,-3.6931067],[-44.9557755,-3.6931061],[-44.9558144,-3.6931065],[-44.955856,-3.6931075],[-44.9559003,-3.693109],[-44.9559472,-3.6931109],[-44.9559969,-3.6931134],[-44.9560441,-3.6931163],[-44.9560888,-3.6931197],[-44.9561312,-3.6931236],[-44.9561711,-3.693128],[-44.956211,-3.6931331],[-44.9562509,-3.6931389],[-44.9562908,-3.6931455],[-44.9563307,-3.6931528],[-44.9563712,-3.693161],[-44.9564123,-3.6931703],[-44.956454,-3.6931805],[-44.9564963,-3.6931917],[-44.9565377,-3.6932033],[-44.9565781,-3.6932152],[-44.9566175,-3.6932275],[-44.9566559,-3.6932401],[-44.9566973,-3.6932543],[-44.9567416,-3.6932702],[-44.9567888,-3.6932876],[-44.9568389,-3.6933065],[-44.9568899,-3.6933265],[-44.9569417,-3.6933474],[-44.9569944,-3.6933693],[-44.9570479,-3.6933922],[-44.9571009,-3.6934155],[-44.9571535,-3.6934394],[-44.9572055,-3.6934637],[-44.9572571,-3.6934885],[-44.9573088,-3.6935136],[-44.9573606,-3.6935389],[-44.9574126,-3.6935644],[-44.9574646,-3.6935902],[-44.9575134,-3.6936148],[-44.9575395,-3.6936282],[-44.9575589,-3.6936381],[-44.9576011,-3.6936603],[-44.95764,-3.6936812],[-44.957682,-3.6937038],[-44.957727,-3.6937281],[-44.9577751,-3.6937542],[-44.9578261,-3.6937819],[-44.9578758,-3.6938092],[-44.9579239,-3.6938359],[-44.9579707,-3.6938622],[-44.9580159,-3.693888],[-44.9580602,-3.6939128],[-44.9581035,-3.6939366],[-44.9581458,-3.6939595],[-44.9581872,-3.6939814],[-44.9582293,-3.6940029],[-44.9582721,-3.6940241],[-44.9583156,-3.6940449],[-44.9583599,-3.6940653],[-44.9584063,-3.6940865],[-44.9584547,-3.6941084],[-44.9585052,-3.694131],[-44.9585577,-3.6941544],[-44.9586077,-3.694177],[-44.9586551,-3.6941989],[-44.9587,-3.6942201],[-44.9587424,-3.6942405],[-44.9587857,-3.6942611],[-44.9588299,-3.6942817],[-44.9588752,-3.6943025],[-44.9589214,-3.6943235],[-44.9589667,-3.694344],[-44.9590109,-3.6943642],[-44.9590543,-3.694384],[-44.9590966,-3.6944035],[-44.9591395,-3.6944227],[-44.9591831,-3.6944417],[-44.9592272,-3.6944604],[-44.959272,-3.6944789],[-44.9593187,-3.6944975],[-44.9593674,-3.6945163],[-44.959418,-3.6945351],[-44.9594705,-3.6945541],[-44.9595238,-3.694573],[-44.9595778,-3.6945917],[-44.9596325,-3.6946103],[-44.959688,-3.6946288],[-44.9597426,-3.6946469],[-44.9597964,-3.6946647],[-44.9598493,-3.6946821],[-44.9599014,-3.6946991],[-44.9599537,-3.6947158],[-44.9600062,-3.6947321],[-44.960059,-3.694748],[-44.9601121,-3.6947636],[-44.9601624,-3.6947787],[-44.9602101,-3.6947932],[-44.9602551,-3.6948074],[-44.9602974,-3.694821],[-44.9603364,-3.6948341],[-44.9603719,-3.6948468],[-44.960404,-3.6948589],[-44.9604327,-3.6948706],[-44.9604618,-3.694883],[-44.9604912,-3.6948962],[-44.960521,-3.69491],[-44.9605512,-3.6949246],[-44.9605804,-3.694939],[-44.9606086,-3.6949531],[-44.9606359,-3.694967],[-44.9606621,-3.6949806],[-44.9606904,-3.6949957],[-44.9607205,-3.6950122],[-44.9607526,-3.6950302],[-44.9607867,-3.6950497],[-44.9608205,-3.6950697],[-44.9608541,-3.6950904],[-44.9608874,-3.6951117],[-44.9609205,-3.6951336],[-44.9609529,-3.6951562],[-44.9609845,-3.6951796],[-44.9610154,-3.6952037],[-44.9610455,-3.6952285],[-44.9610754,-3.6952543],[-44.9611048,-3.695281],[-44.9611339,-3.6953088],[-44.9611626,-3.6953375],[-44.9611904,-3.695367],[-44.9612174,-3.6953974],[-44.9612436,-3.6954287],[-44.9612689,-3.6954608],[-44.9612924,-3.6954927],[-44.961314,-3.6955243],[-44.9613338,-3.6955557],[-44.9613518,-3.6955868],[-44.9613697,-3.6956179],[-44.9613875,-3.6956488],[-44.9614051,-3.6956795],[-44.9614226,-3.6957102],[-44.9614408,-3.6957425],[-44.9614595,-3.6957766],[-44.9614788,-3.6958124],[-44.9614988,-3.6958498],[-44.961518,-3.6958862],[-44.9615365,-3.6959215],[-44.9615543,-3.6959557],[-44.9615713,-3.6959888],[-44.9615886,-3.6960233],[-44.9616061,-3.6960593],[-44.9616238,-3.6960968],[-44.9616418,-3.6961357],[-44.9616589,-3.6961728],[-44.9616749,-3.6962081],[-44.96169,-3.6962415],[-44.9617041,-3.6962732],[-44.9617184,-3.6963065],[-44.9617327,-3.6963415],[-44.9617472,-3.6963783],[-44.9617618,-3.6964167],[-44.961777,-3.6964571],[-44.9617928,-3.6964994],[-44.9618092,-3.6965437],[-44.9618263,-3.6965899],[-44.961843,-3.6966346],[-44.9618596,-3.6966776],[-44.9618759,-3.6967191],[-44.9618919,-3.696759],[-44.9619071,-3.696797],[-44.9619215,-3.696833],[-44.961935,-3.696867],[-44.9619477,-3.6968991],[-44.9619618,-3.6969338],[-44.9619773,-3.696971],[-44.9619944,-3.6970108],[-44.9620129,-3.6970531],[-44.9620307,-3.697094],[-44.962048,-3.6971334],[-44.9620647,-3.6971714],[-44.9620807,-3.6972079],[-44.9620975,-3.6972444],[-44.962115,-3.6972808],[-44.9621333,-3.6973173],[-44.9621523,-3.6973538],[-44.9621737,-3.6973954],[-44.9621975,-3.6974421],[-44.9622238,-3.697494],[-44.9622525,-3.6975509],[-44.962281,-3.6976072],[-44.9623092,-3.6976629],[-44.9623372,-3.697718],[-44.9623649,-3.6977725],[-44.9623913,-3.6978239],[-44.9624163,-3.697872],[-44.9624401,-3.697917],[-44.9624624,-3.6979589],[-44.9624867,-3.6980035],[-44.9625127,-3.698051],[-44.9625405,-3.6981012],[-44.9625702,-3.6981542],[-44.9625965,-3.6982014],[-44.9626194,-3.6982428],[-44.9626388,-3.6982783],[-44.9626549,-3.698308],[-44.9626712,-3.6983384],[-44.9626877,-3.6983696],[-44.9627045,-3.6984014],[-44.9627215,-3.698434],[-44.9627392,-3.6984666],[-44.9627574,-3.6984992],[-44.9627763,-3.6985318],[-44.9627957,-3.6985644],[-44.9628146,-3.6985956],[-44.9628329,-3.6986252],[-44.9628505,-3.6986535],[-44.9628675,-3.6986802],[-44.9628849,-3.6987069],[-44.9629027,-3.6987334],[-44.9629208,-3.6987598],[-44.9629393,-3.6987861],[-44.9629573,-3.6988111],[-44.9629748,-3.698835],[-44.9629918,-3.6988576],[-44.9630084,-3.698879],[-44.9630269,-3.6989033],[-44.9630473,-3.6989306],[-44.9630697,-3.6989607],[-44.963094,-3.6989938],[-44.9631186,-3.6990257],[-44.9631434,-3.6990563],[-44.9631685,-3.6990858],[-44.9631938,-3.699114],[-44.9632183,-3.6991416],[-44.9632422,-3.6991686],[-44.9632653,-3.699195],[-44.9632877,-3.6992208],[-44.9633093,-3.6992449],[-44.9633302,-3.6992673],[-44.9633504,-3.699288],[-44.9633699,-3.6993069],[-44.9633884,-3.6993255],[-44.9634099,-3.6993474],[-44.9634305,-3.699369],[-44.9634514,-3.6993914],[-44.9634743,-3.6994164],[-44.9634991,-3.6994441],[-44.9635259,-3.6994746],[-44.9635546,-3.6995076],[-44.963581,-3.6995389],[-44.963605,-3.6995683],[-44.9636268,-3.699596],[-44.9636463,-3.6996217],[-44.9636654,-3.6996478],[-44.9636841,-3.6996741],[-44.9637025,-3.6997006],[-44.9637205,-3.6997273],[-44.9637371,-3.6997535],[-44.9637525,-3.699779],[-44.9637665,-3.699804],[-44.9637791,-3.6998283],[-44.9637921,-3.6998543],[-44.9638055,-3.6998821],[-44.9638193,-3.6999115],[-44.9638334,-3.6999426],[-44.9638465,-3.6999733],[-44.9638587,-3.7000035],[-44.9638699,-3.7000331],[-44.9638801,-3.7000623],[-44.9638908,-3.7000943],[-44.963902,-3.7001291],[-44.9639136,-3.7001667],[-44.9639258,-3.7002071],[-44.9639382,-3.700248],[-44.9639509,-3.7002893],[-44.9639638,-3.7003312],[-44.9639769,-3.7003735],[-44.9639902,-3.7004169],[-44.9640035,-3.7004614],[-44.964017,-3.7005071],[-44.9640307,-3.7005538],[-44.9640442,-3.7006001],[-44.9640576,-3.7006461],[-44.9640708,-3.7006917],[-44.9640837,-3.7007361],[-44.9640981,-3.7007855],[-44.9641131,-3.7008373],[-44.9641292,-3.7008924],[-44.9641462,-3.7009508],[-44.9641629,-3.7010109],[-44.9641792,-3.7010727],[-44.9641951,-3.7011362],[-44.9642107,-3.7012014],[-44.9642271,-3.7012673],[-44.9642444,-3.701334],[-44.9642625,-3.7014014],[-44.9642815,-3.7014695],[-44.9642982,-3.7015304],[-44.9643125,-3.7015842],[-44.9643246,-3.7016308],[-44.9643343,-3.7016702],[-44.964343,-3.7017091],[-44.9643508,-3.7017476],[-44.9643576,-3.7017855],[-44.9643635,-3.701823],[-44.9643693,-3.7018605],[-44.9643752,-3.7018979],[-44.964381,-3.7019354],[-44.9643868,-3.7019729],[-44.9643923,-3.7020085],[-44.9643974,-3.7020423],[-44.9644022,-3.7020743],[-44.9644065,-3.7021045],[-44.9644104,-3.7021322],[-44.9644138,-3.7021575],[-44.9644168,-3.7021804],[-44.9644192,-3.7022008],[-44.9644219,-3.7022208],[-44.9644248,-3.7022402],[-44.964428,-3.7022592],[-44.9644314,-3.7022777],[-44.9644356,-3.7022967],[-44.9644407,-3.7023161],[-44.9644467,-3.7023361],[-44.9644535,-3.7023565],[-44.9644612,-3.7023774],[-44.9644697,-3.7023989],[-44.964479,-3.7024208],[-44.9644893,-3.7024431],[-44.9645002,-3.7024655],[-44.9645119,-3.7024879],[-44.9645243,-3.7025103],[-44.9645374,-3.7025327],[-44.9645522,-3.7025552],[-44.9645685,-3.7025778],[-44.9645863,-3.7026005],[-44.9646058,-3.7026234],[-44.9646255,-3.7026455],[-44.9646455,-3.702667],[-44.9646656,-3.7026876],[-44.9646861,-3.7027076],[-44.9647059,-3.7027264],[-44.9647251,-3.7027442],[-44.9647437,-3.7027609],[-44.9647617,-3.7027764],[-44.9647822,-3.702793],[-44.964805,-3.7028105],[-44.9648304,-3.702829],[-44.9648581,-3.7028484],[-44.9648856,-3.7028666],[-44.9649128,-3.7028834],[-44.9649398,-3.7028988],[-44.9649666,-3.7029129],[-44.9649943,-3.7029261],[-44.965023,-3.7029382],[-44.9650527,-3.7029494],[-44.9650834,-3.7029596],[-44.9651143,-3.7029694],[-44.9651454,-3.7029786],[-44.9651768,-3.7029874],[-44.9652084,-3.7029956],[-44.9652435,-3.703004],[-44.9652819,-3.7030125],[-44.9653237,-3.7030212],[-44.965369,-3.7030299],[-44.9654122,-3.7030382],[-44.9654533,-3.703046],[-44.9654923,-3.7030533],[-44.9655293,-3.7030601],[-44.9655682,-3.7030672],[-44.9656091,-3.7030745],[-44.9656519,-3.703082],[-44.9656967,-3.7030898],[-44.9657429,-3.7030971],[-44.9657906,-3.7031039],[-44.9658397,-3.7031102],[-44.9658903,-3.7031161],[-44.96592,-3.7031193],[-44.965939,-3.7031214],[-44.9659857,-3.7031263],[-44.9660305,-3.7031307],[-44.9660733,-3.7031346],[-44.9661159,-3.703138],[-44.9661582,-3.7031409],[-44.9662003,-3.7031433],[-44.9662421,-3.7031453],[-44.9662871,-3.703147],[-44.9663353,-3.7031484],[-44.9663867,-3.7031496],[-44.9664411,-3.7031506],[-44.9664973,-3.7031506],[-44.9665552,-3.7031496],[-44.9666149,-3.7031477],[-44.9666762,-3.7031448],[-44.9667342,-3.7031421],[-44.9667889,-3.7031397],[-44.9668404,-3.7031375],[-44.9668886,-3.7031355],[-44.966939,-3.7031336],[-44.9669918,-3.7031316],[-44.9670469,-3.7031297],[-44.9671043,-3.7031277],[-44.9671635,-3.7031264],[-44.9672243,-3.7031257],[-44.9672868,-3.7031256],[-44.967351,-3.703126],[-44.9674138,-3.7031268],[-44.9674751,-3.7031277],[-44.967535,-3.703129],[-44.9675934,-3.7031304],[-44.9676561,-3.7031325],[-44.9677233,-3.7031352],[-44.9677948,-3.7031384],[-44.9678707,-3.7031423],[-44.9679381,-3.7031459],[-44.967997,-3.703149],[-44.9680473,-3.7031518],[-44.9680892,-3.7031543],[-44.9681351,-3.703156],[-44.9681853,-3.7031569],[-44.9682395,-3.7031572],[-44.9682979,-3.7031567],[-44.9683564,-3.7031552],[-44.9684151,-3.7031528],[-44.9684738,-3.7031494],[-44.9685327,-3.703145],[-44.9685869,-3.7031406],[-44.9686366,-3.7031363],[-44.9686816,-3.7031319],[-44.968722,-3.7031275],[-44.9687684,-3.7031215],[-44.968821,-3.703114],[-44.9688796,-3.7031049],[-44.9689443,-3.7030942],[-44.9690061,-3.7030826],[-44.969065,-3.7030702],[-44.9691209,-3.7030569],[-44.969174,-3.7030428],[-44.9692258,-3.7030285],[-44.9692764,-3.7030139],[-44.9693258,-3.702999],[-44.969374,-3.702984],[-44.9694277,-3.7029662],[-44.9694871,-3.7029458],[-44.969552,-3.7029227],[-44.9696226,-3.7028969],[-44.9696854,-3.7028735],[-44.9697404,-3.7028526],[-44.9697875,-3.7028341],[-44.969827,-3.702818],[-44.9698652,-3.7028022],[-44.9699021,-3.7027867],[-44.9699379,-3.7027713],[-44.9699724,-3.7027562],[-44.9700069,-3.7027409],[-44.9700412,-3.7027253],[-44.9700754,-3.7027095],[-44.9701094,-3.7026935],[-44.9701448,-3.7026764],[-44.9701816,-3.7026584],[-44.9702196,-3.7026395],[-44.970259,-3.7026195],[-44.970302,-3.7025988],[-44.9703484,-3.7025774],[-44.9703984,-3.7025553],[-44.970452,-3.7025324],[-44.9705009,-3.7025122],[-44.9705451,-3.7024947],[-44.9705848,-3.7024799],[-44.9706198,-3.7024677],[-44.9706578,-3.7024551],[-44.9706987,-3.7024419],[-44.9707424,-3.7024283],[-44.9707892,-3.7024142],[-44.9708356,-3.7024003],[-44.9708818,-3.7023867],[-44.9709278,-3.7023733],[-44.9709736,-3.7023602],[-44.9710199,-3.7023475],[-44.9710669,-3.7023354],[-44.9711144,-3.7023237],[-44.9711626,-3.7023125],[-44.9712096,-3.7023025],[-44.9712553,-3.7022938],[-44.9712998,-3.7022862],[-44.9713431,-3.7022799],[-44.9713839,-3.7022747],[-44.9714221,-3.7022705],[-44.9714577,-3.7022675],[-44.9714908,-3.7022655],[-44.9715247,-3.7022643],[-44.9715595,-3.7022638],[-44.9715952,-3.7022641],[-44.9716317,-3.702265],[-44.9716664,-3.7022666],[-44.9716995,-3.7022688],[-44.9717309,-3.7022716],[-44.9717606,-3.702275],[-44.971793,-3.7022794],[-44.971828,-3.7022848],[-44.9718657,-3.7022911],[-44.9719061,-3.7022984],[-44.9719453,-3.7023062],[-44.9719832,-3.7023144],[-44.9720199,-3.7023232],[-44.9720555,-3.7023324],[-44.9720903,-3.7023419],[-44.9721243,-3.7023517],[-44.9721576,-3.7023616],[-44.9721902,-3.7023719],[-44.9722236,-3.702383],[-44.9722576,-3.7023952],[-44.9722924,-3.7024083],[-44.9723279,-3.7024225],[-44.9723676,-3.7024392],[-44.9724114,-3.7024587],[-44.9724593,-3.7024808],[-44.9725114,-3.7025057],[-44.9725609,-3.7025299],[-44.9726078,-3.7025535],[-44.9726522,-3.7025765],[-44.9726941,-3.7025988],[-44.9727359,-3.7026217],[-44.9727495,-3.7026293],[-44.9727778,-3.7026451],[-44.9728196,-3.7026689],[-44.9728615,-3.7026932],[-44.972901,-3.7027167],[-44.9729382,-3.7027393],[-44.9729731,-3.7027611],[-44.9730057,-3.702782],[-44.9730396,-3.7028041],[-44.9730746,-3.7028272],[-44.9731108,-3.7028514],[-44.9731483,-3.7028767],[-44.9731855,-3.7029025],[-44.9732225,-3.7029287],[-44.9732592,-3.7029555],[-44.9732957,-3.7029827],[-44.9733345,-3.7030121],[-44.9733757,-3.7030434],[-44.9734191,-3.7030769],[-44.9734648,-3.7031124],[-44.9735087,-3.7031468],[-44.9735508,-3.7031802],[-44.9735911,-3.7032124],[-44.9736295,-3.7032435],[-44.9736647,-3.7032719],[-44.9736965,-3.7032974],[-44.9737251,-3.7033202],[-44.9737504,-3.7033401],[-44.9737759,-3.7033596],[-44.9738014,-3.7033786],[-44.9738271,-3.7033971],[-44.9738529,-3.7034151],[-44.9738797,-3.7034326],[-44.9739077,-3.7034496],[-44.9739368,-3.7034662],[-44.973967,-3.7034822],[-44.9739991,-3.7034979],[-44.9740331,-3.7035132],[-44.9740691,-3.7035282],[-44.9741071,-3.7035428],[-44.974144,-3.7035563],[-44.9741797,-3.7035687],[-44.9742144,-3.70358],[-44.974248,-3.7035902],[-44.9742844,-3.7036007],[-44.9743239,-3.7036114],[-44.9743662,-3.7036223],[-44.9744114,-3.7036335],[-44.9744436,-3.7036411],[-44.9744539,-3.7036436],[-44.9744936,-3.7036526],[-44.9745304,-3.7036605],[-44.9745645,-3.7036674],[-44.9745963,-3.7036733],[-44.974626,-3.7036784],[-44.9746535,-3.7036827],[-44.9746788,-3.7036861],[-44.9747048,-3.7036892],[-44.9747316,-3.7036922],[-44.9747591,-3.7036948],[-44.9747873,-3.7036973],[-44.9748213,-3.7036993],[-44.9748609,-3.703701],[-44.9749063,-3.7037024],[-44.9749574,-3.7037034],[-44.9750031,-3.7037041],[-44.9750435,-3.7037046],[-44.9750785,-3.7037048],[-44.9751082,-3.7037048],[-44.9751384,-3.7037046],[-44.975169,-3.7037041],[-44.9752002,-3.7037034],[-44.9752318,-3.7037024],[-44.9752645,-3.7037013],[-44.9752983,-3.7037001],[-44.9753333,-3.7036987],[-44.9753693,-3.7036973],[-44.9754073,-3.7036956],[-44.9754475,-3.7036936],[-44.9754897,-3.7036914],[-44.975534,-3.703689],[-44.9755739,-3.7036868],[-44.9756094,-3.7036849],[-44.9756405,-3.7036832],[-44.9756673,-3.7036817],[-44.9756971,-3.7036799],[-44.9757299,-3.7036777],[-44.9757658,-3.7036751],[-44.9758047,-3.7036722],[-44.9758398,-3.7036688],[-44.9758709,-3.7036649],[-44.9758982,-3.7036605],[-44.9759215,-3.7036557],[-44.9759437,-3.7036506],[-44.9759646,-3.7036452],[-44.9759843,-3.7036396],[-44.9760028,-3.7036338],[-44.9760204,-3.7036275],[-44.9760372,-3.7036206],[-44.9760531,-3.7036133],[-44.9760682,-3.7036056],[-44.9760842,-3.7035967],[-44.9761009,-3.7035867],[-44.9761186,-3.7035756],[-44.9761371,-3.7035635],[-44.9761551,-3.7035513],[-44.9761726,-3.7035391],[-44.9761896,-3.703527],[-44.9762062,-3.7035148],[-44.976224,-3.7035013],[-44.9762433,-3.7034865],[-44.9762638,-3.7034703],[-44.9762857,-3.7034528],[-44.9763068,-3.7034357],[-44.976327,-3.7034192],[-44.9763463,-3.7034031],[-44.9763648,-3.7033876],[-44.9763851,-3.703371],[-44.9764072,-3.7033535],[-44.9764312,-3.703335],[-44.976457,-3.7033156],[-44.9764838,-3.703296],[-44.9765115,-3.7032763],[-44.9765402,-3.7032564],[-44.9765699,-3.7032365],[-44.9766026,-3.7032159],[-44.9766384,-3.7031948],[-44.9766772,-3.703173],[-44.976719,-3.7031506],[-44.9767582,-3.7031311],[-44.9767947,-3.7031146],[-44.9768285,-3.703101],[-44.9768596,-3.7030903],[-44.9768915,-3.7030808],[-44.9769241,-3.7030725],[-44.9769574,-3.7030655],[-44.9769915,-3.7030596],[-44.9770243,-3.7030548],[-44.977056,-3.7030509],[-44.9770864,-3.7030479],[-44.9771156,-3.703046],[-44.9771455,-3.7030445],[-44.9771761,-3.7030436],[-44.9772075,-3.7030431],[-44.9772396,-3.7030431],[-44.9772701,-3.7030431],[-44.9772988,-3.7030431],[-44.9773258,-3.7030431],[-44.9773511,-3.7030431],[-44.9773766,-3.7030431],[-44.9774024,-3.7030431],[-44.9774284,-3.7030431],[-44.9774547,-3.7030431],[-44.9774805,-3.7030436],[-44.9775058,-3.7030445],[-44.9775306,-3.703046],[-44.9775549,-3.7030479],[-44.9775829,-3.7030514],[-44.9776145,-3.7030562],[-44.9776498,-3.7030625],[-44.9776888,-3.7030703],[-44.9777269,-3.7030786],[-44.9777644,-3.7030874],[-44.9778011,-3.7030966],[-44.9778372,-3.7031063],[-44.9778751,-3.7031163],[-44.977915,-3.7031265],[-44.9779569,-3.703137],[-44.9780006,-3.7031477],[-44.9780481,-3.703159],[-44.9780994,-3.7031709],[-44.9781543,-3.7031835],[-44.9782129,-3.7031966],[-44.9782687,-3.703209],[-44.9783216,-3.7032207],[-44.9783717,-3.7032316],[-44.9784189,-3.7032418],[-44.9784651,-3.7032523],[-44.9785103,-3.703263],[-44.9785546,-3.703274],[-44.9785979,-3.7032851],[-44.9786428,-3.7032971],[-44.9786893,-3.7033097],[-44.9787373,-3.7033231],[-44.9787869,-3.7033372],[-44.978833,-3.7033505],[-44.9788756,-3.7033629],[-44.9789147,-3.7033744],[-44.9789502,-3.7033851],[-44.9789875,-3.7033962],[-44.9790267,-3.7034076],[-44.9790657,-3.7034188],[-44.9791105,-3.7034316],[-44.9791525,-3.7034434],[-44.9791936,-3.7034548],[-44.9792339,-3.7034659],[-44.9792733,-3.7034766],[-44.9793146,-3.7034872],[-44.9793579,-3.7034977],[-44.9794032,-3.703508],[-44.9794504,-3.7035182],[-44.9794971,-3.7035279],[-44.9795433,-3.7035372],[-44.9795891,-3.703546],[-44.9796343,-3.7035542],[-44.9796783,-3.7035626],[-44.9797212,-3.7035711],[-44.9797628,-3.7035798],[-44.9798031,-3.7035885],[-44.9798435,-3.7035972],[-44.9798839,-3.7036057],[-44.9799243,-3.7036141],[-44.9799647,-3.7036223],[-44.9800041,-3.7036302],[-44.9800425,-3.7036378],[-44.98008,-3.703645],[-44.9801165,-3.7036518],[-44.980153,-3.7036581],[-44.9801895,-3.7036639],[-44.980226,-3.7036693],[-44.9802625,-3.7036742],[-44.9803021,-3.703679],[-44.9803449,-3.7036839],[-44.9803909,-3.7036888],[-44.9804401,-3.7036936],[-44.9804857,-3.7036984],[-44.9805238,-3.7037025],[-44.9805663,-3.7037075],[-44.9806014,-3.7037119],[-44.9806345,-3.7037164],[-44.9806656,-3.703721],[-44.9806948,-3.7037257],[-44.980722,-3.7037306],[-44.98075,-3.7037364],[-44.9807787,-3.7037433],[-44.9808082,-3.703751],[-44.9808383,-3.7037598],[-44.9808676,-3.7037692],[-44.9808961,-3.7037791],[-44.9809237,-3.7037897],[-44.9809505,-3.7038009],[-44.9809779,-3.7038127],[-44.9810058,-3.7038251],[-44.9810344,-3.7038381],[-44.9810636,-3.7038518],[-44.9810912,-3.703865],[-44.9811173,-3.7038779],[-44.9811417,-3.7038904],[-44.9811646,-3.7039026],[-44.9811896,-3.7039165],[-44.9812169,-3.703932],[-44.9812463,-3.7039493],[-44.981278,-3.7039683],[-44.9813098,-3.7039878],[-44.9813419,-3.7040077],[-44.9813743,-3.7040281],[-44.9814069,-3.7040491],[-44.981438,-3.7040699],[-44.9814677,-3.7040905],[-44.9814959,-3.7041111],[-44.9815227,-3.7041315],[-44.9815501,-3.7041542],[-44.981578,-3.704179],[-44.9816066,-3.704206],[-44.9816358,-3.7042352],[-44.9816655,-3.7042658],[-44.9816957,-3.7042979],[-44.9817263,-3.7043315],[-44.9817473,-3.7043552],[-44.9817575,-3.7043666],[-44.9817852,-3.7043996],[-44.9818095,-3.7044308],[-44.9818305,-3.70446],[-44.981848,-3.7044872],[-44.9818679,-3.7045198],[-44.9818903,-3.7045578],[-44.9819151,-3.7046011],[-44.9819424,-3.7046497],[-44.9819686,-3.7046957],[-44.9819939,-3.704739],[-44.9820183,-3.7047797],[-44.9820416,-3.7048176],[-44.9820667,-3.7048568],[-44.9820934,-3.7048972],[-44.9821219,-3.7049388],[-44.9821521,-3.7049816],[-44.9821837,-3.7050273],[-44.9822168,-3.705076],[-44.9822513,-3.7051276],[-44.9822873,-3.705182],[-44.9823219,-3.7052334],[-44.982355,-3.7052816],[-44.9823866,-3.7053266],[-44.9824168,-3.7053684],[-44.9824469,-3.7054107],[-44.9824771,-3.7054536],[-44.9825073,-3.7054969],[-44.9825374,-3.7055407],[-44.9825664,-3.7055844],[-44.9825941,-3.7056282],[-44.9826206,-3.705672],[-44.9826459,-3.7057158],[-44.9826698,-3.7057572],[-44.9826922,-3.7057961],[-44.9827131,-3.7058326],[-44.9827326,-3.7058667],[-44.9827518,-3.7059034],[-44.9827708,-3.7059428],[-44.9827895,-3.7059849],[-44.982808,-3.7060297],[-44.9828255,-3.7060732],[-44.982842,-3.7061155],[-44.9828576,-3.7061567],[-44.9828722,-3.7061966],[-44.9828858,-3.7062357],[-44.9828985,-3.7062742],[-44.9829102,-3.7063119],[-44.9829209,-3.7063488],[-44.9829313,-3.7063885],[-44.9829415,-3.7064308],[-44.9829515,-3.7064758],[-44.9829612,-3.7065235],[-44.9829707,-3.7065678],[-44.98298,-3.7066087],[-44.982989,-3.7066461],[-44.9829977,-3.7066802],[-44.9830082,-3.706714],[-44.9830204,-3.7067476],[-44.9830342,-3.7067809],[-44.9830498,-3.706814],[-44.9830673,-3.7068483],[-44.9830868,-3.7068838],[-44.9831082,-3.7069206],[-44.9831315,-3.7069585],[-44.9831573,-3.706996],[-44.9831856,-3.707033],[-44.9832162,-3.7070695],[-44.9832493,-3.7071055],[-44.9832824,-3.7071388],[-44.9833155,-3.7071695],[-44.9833486,-3.7071974],[-44.9833816,-3.7072227],[-44.9834159,-3.7072461],[-44.9834515,-3.7072675],[-44.9834882,-3.707287],[-44.9835262,-3.7073045],[-44.9835648,-3.70732],[-44.9836043,-3.7073337],[-44.9836444,-3.7073453],[-44.9836853,-3.7073551],[-44.9837259,-3.7073636],[-44.9837386,-3.7073659],[-44.9837663,-3.7073709],[-44.9838064,-3.707377],[-44.9838463,-3.7073818],[-44.9838882,-3.7073865],[-44.983932,-3.7073908],[-44.9839777,-3.707395],[-44.9840254,-3.7073989],[-44.9840753,-3.7074028],[-44.9841273,-3.7074067],[-44.9841816,-3.7074106],[-44.984238,-3.7074144],[-44.9842947,-3.7074178],[-44.9843516,-3.7074208],[-44.9844088,-3.7074232],[-44.9844662,-3.7074251],[-44.9845241,-3.7074254],[-44.9845825,-3.7074239],[-44.9846414,-3.7074208],[-44.9847007,-3.7074159],[-44.9847613,-3.7074101],[-44.9847946,-3.7074076],[-44.9848231,-3.7074033],[-44.9848861,-3.7073955],[-44.9849504,-3.7073867],[-44.9850126,-3.7073777],[-44.985073,-3.7073685],[-44.9851314,-3.707359],[-44.9851878,-3.7073492],[-44.985244,-3.7073395],[-44.9853,-3.7073298],[-44.9853557,-3.70732],[-44.9854111,-3.7073103],[-44.9854651,-3.707302],[-44.9855177,-3.7072952],[-44.9855688,-3.7072899],[-44.9856184,-3.707286],[-44.9856629,-3.7072831],[-44.9857024,-3.7072811],[-44.9857367,-3.7072801],[-44.9857475,-3.7072801],[-44.9857658,-3.7072801],[-44.9858004,-3.7072814],[-44.9858403,-3.7072838],[-44.9858704,-3.7072862],[-44.9859254,-3.7072922],[-44.9860315,-3.7073072],[-44.9863461,-3.7074178],[-44.9866106,-3.7075672],[-44.9866195,-3.7075728],[-44.9866551,-3.7075957],[-44.9866898,-3.7076188],[-44.9867239,-3.7076422],[-44.9867602,-3.7076701],[-44.9867986,-3.7077027],[-44.9868392,-3.70774],[-44.986879,-3.7077789],[-44.986882,-3.7077818],[-44.9869219,-3.7078219],[-44.9869543,-3.7078556],[-44.9869589,-3.7078604],[-44.9869776,-3.7078805],[-44.9869924,-3.7078964],[-44.9870241,-3.7079322],[-44.987054,-3.7079662],[-44.9870828,-3.7079993],[-44.9871102,-3.7080314],[-44.9871365,-3.7080626],[-44.987165,-3.7080969],[-44.9871956,-3.7081343],[-44.9872282,-3.7081747],[-44.9872635,-3.7082187],[-44.9872986,-3.708263],[-44.9873336,-3.7083078],[-44.9873686,-3.708353],[-44.9874037,-3.7083988],[-44.9874384,-3.7084435],[-44.987473,-3.7084873],[-44.9875073,-3.7085302],[-44.9875414,-3.708572],[-44.9875747,-3.7086109],[-44.9876073,-3.7086469],[-44.9876392,-3.70868],[-44.9876703,-3.7087102],[-44.9877009,-3.7087388],[-44.9877311,-3.7087658],[-44.9877608,-3.7087912],[-44.98779,-3.708815],[-44.9878203,-3.7088385],[-44.9878517,-3.7088616],[-44.9878841,-3.7088844],[-44.9879177,-3.7089068],[-44.9879497,-3.7089276],[-44.9879801,-3.7089468],[-44.9880089,-3.7089644],[-44.9880362,-3.7089805],[-44.988066,-3.7089965],[-44.9880984,-3.7090126],[-44.9881333,-3.7090286],[-44.9881707,-3.7090447],[-44.9882095,-3.7090606],[-44.9882497,-3.7090765],[-44.9882912,-3.7090921],[-44.988334,-3.7091077],[-44.9883767,-3.7091229],[-44.9884192,-3.7091378],[-44.9884617,-3.7091522],[-44.988504,-3.7091663],[-44.9885458,-3.7091811],[-44.9885869,-3.7091964],[-44.9886274,-3.7092123],[-44.9886673,-3.7092289],[-44.9887085,-3.709247],[-44.9887511,-3.7092667],[-44.988795,-3.709288],[-44.9888403,-3.7093109],[-44.988886,-3.7093348],[-44.9889322,-3.7093599],[-44.9889789,-3.709386],[-44.9890261,-3.7094133],[-44.9890708,-3.7094388],[-44.9891129,-3.7094627],[-44.9891524,-3.7094848],[-44.9891894,-3.7095052],[-44.9892288,-3.7095262],[-44.9892706,-3.7095476],[-44.9893149,-3.7095695],[-44.9893616,-3.7095919],[-44.9894058,-3.7096118],[-44.9894474,-3.7096293],[-44.9894864,-3.7096444],[-44.9895229,-3.7096571],[-44.9895615,-3.7096689],[-44.9896021,-3.7096798],[-44.9896448,-3.7096899],[-44.9896896,-3.7096991],[-44.989733,-3.7097073],[-44.9897751,-3.7097143],[-44.9898158,-3.7097203],[-44.9898552,-3.7097252],[-44.9898923,-3.7097288],[-44.9899271,-3.7097313],[-44.9899596,-3.7097325],[-44.9899898,-3.7097325],[-44.9900218,-3.7097306],[-44.9900556,-3.709727],[-44.9900912,-3.7097215],[-44.9901287,-3.7097142],[-44.9901659,-3.7097053],[-44.9902029,-3.7096949],[-44.9902396,-3.7096828],[-44.9902761,-3.7096692],[-44.9903109,-3.7096551],[-44.990344,-3.7096405],[-44.9903754,-3.7096254],[-44.9904051,-3.7096099],[-44.9904369,-3.7095908],[-44.990471,-3.7095681],[-44.9905073,-3.709542],[-44.9905457,-3.7095123],[-44.9905795,-3.7094849],[-44.9906007,-3.7094667],[-44.9906087,-3.7094599],[-44.9906333,-3.7094371],[-44.9906532,-3.7094167],[-44.9906741,-3.7093945],[-44.990696,-3.7093707],[-44.9907189,-3.7093452],[-44.9907428,-3.7093179],[-44.9907664,-3.7092902],[-44.9907897,-3.709262],[-44.9908128,-3.7092332],[-44.9908357,-3.7092041],[-44.9908592,-3.7091738],[-44.9908832,-3.7091424],[-44.9909079,-3.7091099],[-44.9909332,-3.7090763],[-44.9909588,-3.7090429],[-44.9909846,-3.7090095],[-44.9910106,-3.7089763],[-44.9910369,-3.7089433],[-44.9910644,-3.7089089],[-44.9910931,-3.7088734],[-44.991123,-3.7088367],[-44.9911541,-3.7087987],[-44.9911836,-3.7087622],[-44.9912113,-3.7087272],[-44.9912374,-3.7086936],[-44.9912617,-3.7086615],[-44.9912861,-3.7086303],[-44.9913107,-3.7085999],[-44.9913354,-3.7085703],[-44.9913602,-3.7085416],[-44.9913837,-3.7085154],[-44.9914058,-3.7084918],[-44.9914266,-3.7084708],[-44.9914461,-3.7084523],[-44.9914682,-3.7084328],[-44.991493,-3.7084124],[-44.9915205,-3.708391],[-44.9915507,-3.7083686],[-44.9915826,-3.7083454],[-44.9916161,-3.7083213],[-44.9916514,-3.7082964],[-44.9916884,-3.7082706],[-44.9917227,-3.708247],[-44.9917543,-3.7082256],[-44.9917833,-3.7082063],[-44.9918096,-3.7081893],[-44.9918364,-3.7081719],[-44.9918639,-3.7081542],[-44.991892,-3.708136],[-44.9919207,-3.7081175],[-44.9919498,-3.7080987],[-44.9919793,-3.7080795],[-44.9920091,-3.7080599],[-44.9920392,-3.7080399],[-44.9920704,-3.7080183],[-44.9921025,-3.7079949],[-44.9921356,-3.7079699],[-44.9921696,-3.7079431],[-44.992203,-3.7079163],[-44.9922356,-3.7078896],[-44.9922674,-3.7078628],[-44.9922986,-3.7078361],[-44.9923302,-3.7078103],[-44.9923623,-3.7077855],[-44.9923949,-3.7077616],[-44.992428,-3.7077387],[-44.9924597,-3.7077176],[-44.9924902,-3.7076981],[-44.9925192,-3.7076804],[-44.992547,-3.7076643],[-44.9925732,-3.7076496],[-44.9925981,-3.7076362],[-44.9926214,-3.7076242],[-44.9926433,-3.7076135],[-44.9926667,-3.707603],[-44.9926915,-3.7075928],[-44.9927177,-3.7075828],[-44.9927455,-3.7075731],[-44.9927754,-3.7075639],[-44.9928075,-3.7075554],[-44.9928418,-3.7075475],[-44.9928783,-3.7075402],[-44.9929124,-3.707534],[-44.992944,-3.7075289],[-44.9929732,-3.7075249],[-44.993,-3.707522],[-44.9930282,-3.7075202],[-44.9930579,-3.7075194],[-44.993089,-3.7075198],[-44.9931216,-3.7075212],[-44.993152,-3.7075233],[-44.9931802,-3.707526],[-44.9932063,-3.7075293],[-44.9932301,-3.7075332],[-44.9932565,-3.7075385],[-44.9932855,-3.7075453],[-44.993317,-3.7075536],[-44.993351,-3.7075633],[-44.9933856,-3.7075748],[-44.9934206,-3.7075879],[-44.9934561,-3.7076027],[-44.9934921,-3.7076193],[-44.9935283,-3.7076374],[-44.9935645,-3.7076571],[-44.9936009,-3.7076784],[-44.9936374,-3.7077013],[-44.9936712,-3.7077234],[-44.9937023,-3.7077448],[-44.9937308,-3.7077655],[-44.9937566,-3.7077855],[-44.9937822,-3.707806],[-44.9938078,-3.7078272],[-44.9938332,-3.707849],[-44.9938585,-3.7078713],[-44.9938854,-3.7078954],[-44.9939139,-3.7079212],[-44.9939439,-3.7079487],[-44.9939755,-3.7079779],[-44.994005,-3.7080056],[-44.9940322,-3.7080319],[-44.9940573,-3.7080567],[-44.9940802,-3.7080801],[-44.9941036,-3.7081055],[-44.9941277,-3.708133],[-44.9941524,-3.7081625],[-44.9941645,-3.7081776],[-44.9941777,-3.7081942],[-44.994202,-3.7082263],[-44.9942254,-3.7082589],[-44.9942478,-3.708292],[-44.9942692,-3.7083255],[-44.9942902,-3.7083589],[-44.9943109,-3.708392],[-44.9943312,-3.7084248],[-44.9943512,-3.7084574],[-44.994372,-3.7084921],[-44.9943936,-3.7085288],[-44.9944161,-3.7085676],[-44.9944395,-3.7086085],[-44.9944634,-3.70865],[-44.994488,-3.7086921],[-44.9945132,-3.7087348],[-44.994539,-3.7087781],[-44.994564,-3.7088209],[-44.9945884,-3.7088632],[-44.994612,-3.7089051],[-44.9946348,-3.7089464],[-44.9946576,-3.7089878],[-44.9946802,-3.7090291],[-44.9947027,-3.7090705],[-44.9947251,-3.7091118],[-44.9947474,-3.709152],[-44.9947695,-3.7091909],[-44.9947915,-3.7092286],[-44.9948134,-3.7092651],[-44.9948359,-3.7093006],[-44.994859,-3.7093352],[-44.9948828,-3.7093688],[-44.9949071,-3.7094014],[-44.9949314,-3.7094325],[-44.9949557,-3.7094622],[-44.9949801,-3.7094904],[-44.9950044,-3.7095172],[-44.9950293,-3.7095433],[-44.9950549,-3.7095689],[-44.995081,-3.7095938],[-44.9951078,-3.7096181],[-44.9951366,-3.7096437],[-44.9951675,-3.7096704],[-44.9952005,-3.7096984],[-44.9952355,-3.7097276],[-44.9952701,-3.7097559],[-44.9953041,-3.7097834],[-44.9953377,-3.7098101],[-44.9953708,-3.7098359],[-44.9954036,-3.709861],[-44.9954362,-3.7098856],[-44.9954686,-3.7099096],[-44.9955007,-3.7099329],[-44.9955337,-3.7099574],[-44.9955675,-3.7099829],[-44.9956021,-3.7100096],[-44.9956377,-3.7100373],[-44.995674,-3.7100658],[-44.9957113,-3.710095],[-44.9957493,-3.7101249],[-44.9957813,-3.71015],[-44.9957883,-3.7101555],[-44.9958273,-3.710186],[-44.9958665,-3.7102161],[-44.9959058,-3.710246],[-44.9959452,-3.7102757],[-44.9959859,-3.7103065],[-44.996028,-3.7103384],[-44.9960714,-3.7103713],[-44.9961162,-3.7104054],[-44.9961605,-3.7104395],[-44.9962043,-3.7104735],[-44.9962476,-3.7105076],[-44.9962904,-3.7105416],[-44.9963325,-3.7105759],[-44.9963739,-3.7106105],[-44.9964145,-3.7106453],[-44.9964544,-3.7106803],[-44.9964918,-3.7107141],[-44.9965269,-3.7107467],[-44.9965595,-3.7107781],[-44.9965896,-3.7108083],[-44.9966193,-3.7108406],[-44.9966485,-3.7108752],[-44.9966772,-3.7109119],[-44.9967055,-3.7109508],[-44.9967337,-3.7109915],[-44.9967619,-3.7110338],[-44.9967901,-3.7110778],[-44.9968183,-3.7111236],[-44.9968444,-3.7111676],[-44.9968682,-3.7112099],[-44.9968849,-3.7112413],[-44.9968899,-3.7112506],[-44.9969093,-3.7112895],[-44.9969284,-3.7113309],[-44.9969429,-3.7113648],[-44.9969472,-3.7113747],[-44.9969566,-3.7113985],[-44.9969725,-3.7114391],[-44.9969929,-3.7115018],[-44.9970182,-3.7115205],[-44.9970066,-3.711526],[-44.9970199,-3.7115588],[-44.9970383,-3.7115995],[-44.9970568,-3.7116374],[-44.9970757,-3.7116768],[-44.9970952,-3.7117177],[-44.9971151,-3.71176],[-44.9971356,-3.7118038],[-44.9971565,-3.7118474],[-44.9971779,-3.7118907],[-44.9971998,-3.7119337],[-44.9972222,-3.7119765],[-44.9972453,-3.7120194],[-44.9972691,-3.7120622],[-44.9972937,-3.712105],[-44.997319,-3.7121478],[-44.997343,-3.7121863],[-44.9973656,-3.7122203],[-44.9973869,-3.71225],[-44.9974068,-3.7122753],[-44.9974279,-3.7122995],[-44.99745,-3.7123226],[-44.9974733,-3.7123446],[-44.9974976,-3.7123656],[-44.9975242,-3.7123872],[-44.9975532,-3.7124096],[-44.9975844,-3.7124327],[-44.997618,-3.7124565],[-44.9976529,-3.7124798],[-44.9976892,-3.7125024],[-44.9977268,-3.7125244],[-44.9977657,-3.7125458],[-44.9978044,-3.7125663],[-44.9978428,-3.7125857],[-44.997881,-3.7126042],[-44.997919,-3.7126217],[-44.9979562,-3.7126376],[-44.9979927,-3.7126517],[-44.9980284,-3.7126641],[-44.9980635,-3.7126748],[-44.9981002,-3.7126845],[-44.9981386,-3.7126933],[-44.9981788,-3.712701],[-44.9982206,-3.7127079],[-44.998261,-3.7127135],[-44.9982999,-3.7127178],[-44.9983374,-3.712721],[-44.9983734,-3.7127229],[-44.9984116,-3.7127232],[-44.998452,-3.7127217],[-44.9984946,-3.7127186],[-44.9985393,-3.7127137],[-44.9985841,-3.7127074],[-44.9986289,-3.7126996],[-44.9986545,-3.7126943],[-44.9986736,-3.7126903],[-44.9987184,-3.7126796],[-44.9987629,-3.7126675],[-44.9988072,-3.7126539],[-44.9988512,-3.7126388],[-44.998895,-3.7126222],[-44.9989371,-3.7126054],[-44.9989775,-3.7125884],[-44.9990162,-3.7125711],[-44.9990532,-3.7125536],[-44.999087,-3.7125363],[-44.9991176,-3.7125193],[-44.9991451,-3.7125025],[-44.9991695,-3.712486],[-44.9991938,-3.7124685],[-44.9992181,-3.71245],[-44.9992424,-3.7124305],[-44.9992668,-3.7124101],[-44.9992921,-3.7123867],[-44.9993183,-3.7123604],[-44.9993456,-3.7123313],[-44.9993738,-3.7122991],[-44.9994006,-3.7122656],[-44.9994259,-3.7122305],[-44.9994497,-3.712194],[-44.9994721,-3.7121561],[-44.9994925,-3.7121186],[-44.999511,-3.7120816],[-44.9995276,-3.7120452],[-44.9995422,-3.7120091],[-44.999557,-3.711968],[-44.9995721,-3.7119218],[-44.9995874,-3.7118705],[-44.999603,-3.711814],[-44.9996171,-3.7117581],[-44.9996297,-3.7117026],[-44.9996409,-3.7116476],[-44.9996507,-3.7115931],[-44.9996604,-3.7115377],[-44.9996701,-3.7114812],[-44.9996799,-3.7114238],[-44.9996896,-3.7113654],[-44.9996981,-3.7113114],[-44.9997054,-3.7112618],[-44.9997115,-3.7112165],[-44.9997164,-3.7111756],[-44.9997203,-3.7111299],[-44.9997232,-3.7110793],[-44.9997251,-3.7110238],[-44.9997261,-3.7109635],[-44.9997273,-3.7109073],[-44.9997288,-3.7108552],[-44.9997305,-3.7108073],[-44.9997324,-3.7107635],[-44.9997336,-3.7107144],[-44.9997341,-3.7106599],[-44.9997339,-3.7106],[-44.9997329,-3.7105348],[-44.9997319,-3.7104733],[-44.999731,-3.7104154],[-44.99973,-3.7103611],[-44.999729,-3.7103105],[-44.999728,-3.7102568],[-44.9997271,-3.7101998],[-44.9997261,-3.7101397],[-44.9997251,-3.7100765],[-44.9997245,-3.7100161],[-44.9997243,-3.7099587],[-44.9997244,-3.7099042],[-44.9997249,-3.7098527],[-44.9997257,-3.7098057],[-44.9997269,-3.7097634],[-44.9997285,-3.7097257],[-44.9997305,-3.7096926],[-44.9997331,-3.7096591],[-44.9997366,-3.7096253],[-44.9997407,-3.7095911],[-44.9997456,-3.7095566],[-44.999751,-3.7095226],[-44.9997571,-3.7094893],[-44.9997638,-3.7094566],[-44.9997711,-3.7094245],[-44.9997785,-3.7093943],[-44.9997861,-3.7093661],[-44.9997937,-3.7093398],[-44.9998015,-3.7093155],[-44.9998101,-3.7092897],[-44.9998196,-3.7092624],[-44.99983,-3.7092337],[-44.9998412,-3.7092036],[-44.9998537,-3.7091722],[-44.9998676,-3.7091396],[-44.9998828,-3.7091058],[-44.9998993,-3.7090707],[-44.9999177,-3.7090352],[-44.9999379,-3.7089992],[-44.9999599,-3.7089627],[-44.9999837,-3.7089257],[-45.0000082,-3.70889],[-45.0000332,-3.7088554],[-45.0000589,-3.7088221],[-45.0000852,-3.70879],[-45.0001151,-3.7087548],[-45.0001487,-3.7087166],[-45.0001859,-3.7086754],[-45.0002268,-3.7086311],[-45.0002659,-3.708589],[-45.0003034,-3.7085491],[-45.0003392,-3.7085114],[-45.0003732,-3.7084759],[-45.0004066,-3.7084409],[-45.0004392,-3.7084063],[-45.000471,-3.7083723],[-45.0005022,-3.7083387],[-45.0005344,-3.708304],[-45.0005677,-3.7082683],[-45.0006022,-3.7082314],[-45.0006377,-3.7081934],[-45.0006716,-3.7081577],[-45.000704,-3.7081241],[-45.0007348,-3.7080927],[-45.0007639,-3.7080635],[-45.000792,-3.7080358],[-45.0008191,-3.7080095],[-45.000845,-3.7079847],[-45.0008698,-3.7079614],[-45.0008945,-3.7079385],[-45.000919,-3.7079161],[-45.0009435,-3.7078942],[-45.0009678,-3.7078728],[-45.0009943,-3.7078499],[-45.001023,-3.7078256],[-45.0010539,-3.7077998],[-45.001087,-3.7077726],[-45.0011205,-3.7077446],[-45.0011543,-3.7077159],[-45.0011885,-3.7076864],[-45.001223,-3.7076563],[-45.0012571,-3.7076263],[-45.0012907,-3.7075967],[-45.0013237,-3.7075672],[-45.0013564,-3.707538],[-45.0013874,-3.7075097],[-45.0014168,-3.7074822],[-45.0014447,-3.7074556],[-45.0014709,-3.7074298],[-45.0014953,-3.7074048],[-45.0015176,-3.7073807],[-45.0015381,-3.7073575],[-45.0015566,-3.7073351],[-45.0015748,-3.707312],[-45.0015928,-3.7072882],[-45.0016106,-3.7072636],[-45.0016281,-3.7072383],[-45.0016478,-3.7072091],[-45.0016697,-3.707176],[-45.0016938,-3.707139],[-45.0017201,-3.7070982],[-45.0017444,-3.7070595],[-45.0017653,-3.7070254],[-45.0017872,-3.7069887],[-45.0018057,-3.7069566],[-45.0018232,-3.7069235],[-45.0018398,-3.7068894],[-45.0018557,-3.7068535],[-45.0018699,-3.7068184],[-45.0018836,-3.7067829],[-45.0018962,-3.7067478],[-45.0019079,-3.7067133],[-45.0019186,-3.7066792],[-45.001929,-3.706643],[-45.0019393,-3.7066045],[-45.0019492,-3.7065639],[-45.001959,-3.7065211],[-45.0019692,-3.7064788],[-45.0019799,-3.7064369],[-45.0019911,-3.7063956],[-45.0020028,-3.7063547],[-45.002014,-3.7063148],[-45.0020247,-3.7062759],[-45.0020349,-3.7062379],[-45.0020446,-3.7062009],[-45.0020539,-3.706164],[-45.0020626,-3.706127],[-45.0020709,-3.70609],[-45.0020787,-3.706053],[-45.0020866,-3.7060124],[-45.0020946,-3.7059681],[-45.0021028,-3.7059202],[-45.002111,-3.7058686],[-45.0021191,-3.7058167],[-45.0021268,-3.7057644],[-45.0021344,-3.7057117],[-45.0021417,-3.7056586],[-45.0021491,-3.7056076],[-45.0021566,-3.7055584],[-45.0021643,-3.7055112],[-45.0021721,-3.705466],[-45.0021805,-3.7054191],[-45.0021895,-3.7053707],[-45.0021991,-3.7053207],[-45.0022093,-3.7052691],[-45.0022194,-3.705219],[-45.0022294,-3.7051704],[-45.0022392,-3.7051232],[-45.002249,-3.7050774],[-45.0022582,-3.7050335],[-45.002267,-3.7049914],[-45.0022752,-3.7049512],[-45.002283,-3.7049127],[-45.0022907,-3.7048758],[-45.0022982,-3.7048402],[-45.0023057,-3.7048062],[-45.002313,-3.7047736],[-45.0023216,-3.7047378],[-45.0023316,-3.7046989],[-45.0023429,-3.7046568],[-45.0023555,-3.7046115],[-45.0023684,-3.704568],[-45.0023816,-3.7045262],[-45.0023949,-3.704486],[-45.0024086,-3.7044476],[-45.0024218,-3.7044117],[-45.0024347,-3.7043784],[-45.0024472,-3.7043476],[-45.0024594,-3.7043194],[-45.0024719,-3.704292],[-45.0024848,-3.7042655],[-45.0024981,-3.7042398],[-45.0025117,-3.704215],[-45.0025272,-3.704189],[-45.0025444,-3.7041617],[-45.0025635,-3.7041332],[-45.0025845,-3.7041036],[-45.0025932,-3.7040916],[-45.0026049,-3.7040756],[-45.0026248,-3.7040493],[-45.0026443,-3.7040247],[-45.0026633,-3.7040019],[-45.0026846,-3.7039791],[-45.0027082,-3.7039565],[-45.0027341,-3.703934],[-45.0027623,-3.7039116],[-45.0027919,-3.7038903],[-45.0028228,-3.7038701],[-45.002855,-3.703851],[-45.0028886,-3.703833],[-45.0029209,-3.7038172],[-45.0029521,-3.7038036],[-45.002982,-3.7037922],[-45.0030107,-3.7037829],[-45.0030398,-3.7037749],[-45.0030692,-3.7037681],[-45.003099,-3.7037625],[-45.0031292,-3.7037581],[-45.0031579,-3.7037551],[-45.0031851,-3.7037534],[-45.0032109,-3.703753],[-45.0032352,-3.703754],[-45.0032626,-3.7037563],[-45.003293,-3.7037599],[-45.0033265,-3.7037649],[-45.003363,-3.7037712],[-45.0033985,-3.7037785],[-45.003433,-3.7037868],[-45.0034666,-3.703796],[-45.0034992,-3.7038063],[-45.0035295,-3.7038164],[-45.0035575,-3.7038263],[-45.0035722,-3.703832],[-45.0036296,-3.7038561],[-45.0037445,-3.7039172],[-45.003761,-3.7039269],[-45.0037809,-3.7039401],[-45.0038021,-3.703955],[-45.0038245,-3.7039718],[-45.0038481,-3.7039904],[-45.0038729,-3.7040109],[-45.0038977,-3.7040329],[-45.0039225,-3.7040565],[-45.0039473,-3.7040817],[-45.0039722,-3.7041084],[-45.0039978,-3.7041376],[-45.0040243,-3.7041692],[-45.0040517,-3.7042033],[-45.0040799,-3.7042398],[-45.0041074,-3.7042765],[-45.0041342,-3.7043135],[-45.0041602,-3.7043507],[-45.0041855,-3.7043882],[-45.0042113,-3.7044248],[-45.0042376,-3.7044606],[-45.0042643,-3.7044955],[-45.0042916,-3.7045296],[-45.0043178,-3.7045608],[-45.0043428,-3.7045893],[-45.0043668,-3.7046149],[-45.0043896,-3.7046378],[-45.004417,-3.7046637],[-45.0044489,-3.7046927],[-45.0044853,-3.7047247],[-45.0045261,-3.7047597],[-45.0045659,-3.7047936],[-45.0046046,-3.7048265],[-45.0046422,-3.7048582],[-45.0046787,-3.7048889],[-45.0047144,-3.7049191],[-45.0047495,-3.7049487],[-45.0047838,-3.7049779],[-45.0048173,-3.7050066],[-45.004852,-3.7050357],[-45.0048878,-3.7050652],[-45.0049246,-3.705095],[-45.0049626,-3.7051251],[-45.0049992,-3.7051533],[-45.0050345,-3.7051796],[-45.0050684,-3.7052039],[-45.005101,-3.7052263],[-45.0051323,-3.7052468],[-45.0051622,-3.7052653],[-45.0051908,-3.7052818],[-45.005218,-3.7052964],[-45.0052535,-3.7053139],[-45.0052973,-3.7053343],[-45.0053494,-3.7053577],[-45.0054097,-3.705384],[-45.0054672,-3.7054078],[-45.0055217,-3.7054292],[-45.0055732,-3.7054482],[-45.0056219,-3.7054647],[-45.0056722,-3.7054808],[-45.0057243,-3.7054964],[-45.0057781,-3.7055115],[-45.0058335,-3.7055261],[-45.0058917,-3.7055414],[-45.0059525,-3.7055574],[-45.006016,-3.7055742],[-45.0060822,-3.7055917],[-45.0061498,-3.7056105],[-45.0062189,-3.7056304],[-45.0062895,-3.7056516],[-45.0063615,-3.705674],[-45.0064315,-3.7056961],[-45.0064997,-3.705718],[-45.0065658,-3.7057397],[-45.0066301,-3.7057611],[-45.0066962,-3.7057844],[-45.0067644,-3.7058097],[-45.0068344,-3.705837],[-45.0069064,-3.7058662],[-45.0069772,-3.7058961],[-45.0070468,-3.7059267],[-45.0071152,-3.7059581],[-45.0071823,-3.7059902],[-45.0072456,-3.7060209],[-45.0073049,-3.7060501],[-45.0073604,-3.7060778],[-45.007412,-3.7061041],[-45.0074667,-3.7061316],[-45.0075246,-3.7061603],[-45.0075857,-3.7061902],[-45.0076499,-3.7062214],[-45.0077107,-3.706251],[-45.0077682,-3.7062793],[-45.0078222,-3.706306],[-45.0078728,-3.7063313],[-45.0079253,-3.7063579],[-45.0079798,-3.7063856],[-45.0080363,-3.7064145],[-45.0080946,-3.7064447],[-45.0081501,-3.7064729],[-45.0082027,-3.7064992],[-45.0082523,-3.7065235],[-45.008299,-3.7065459],[-45.0083447,-3.7065673],[-45.0083895,-3.7065878],[-45.0084333,-3.7066072],[-45.0084761,-3.7066257],[-45.0085197,-3.7066432],[-45.0085639,-3.7066598],[-45.008609,-3.7066753],[-45.0086547,-3.7066899],[-45.0087058,-3.7067058],[-45.0087622,-3.7067228],[-45.008824,-3.706741],[-45.0088912,-3.7067605],[-45.0089561,-3.7067807],[-45.0090189,-3.7068016],[-45.0090795,-3.7068233],[-45.0091379,-3.7068456],[-45.0091958,-3.7068692],[-45.0092532,-3.7068941],[-45.0093101,-3.7069201],[-45.0093665,-3.7069473],[-45.0094174,-3.7069724],[-45.0094626,-3.7069953],[-45.0095023,-3.7070159],[-45.0095364,-3.7070344],[-45.0095726,-3.7070561],[-45.009611,-3.7070809],[-45.0096517,-3.7071089],[-45.0096945,-3.70714],[-45.0097344,-3.7071697],[-45.0097714,-3.7071979],[-45.0098054,-3.7072247],[-45.0098366,-3.70725],[-45.0098675,-3.7072765],[-45.0098981,-3.7073042],[-45.0099285,-3.7073332],[-45.0099587,-3.7073634],[-45.0099872,-3.7073938],[-45.0100139,-3.7074244],[-45.010039,-3.7074553],[-45.0100623,-3.7074865],[-45.0100867,-3.7075205],[-45.010112,-3.7075575],[-45.0101382,-3.7075974],[-45.0101655,-3.7076402],[-45.0101927,-3.7076821],[-45.01022,-3.7077229],[-45.0102472,-3.7077628],[-45.0102745,-3.7078018],[-45.0103034,-3.7078438],[-45.0103341,-3.7078891],[-45.0103665,-3.7079375],[-45.0104005,-3.7079891],[-45.0104346,-3.7080392],[-45.0104686,-3.7080879],[-45.0105027,-3.7081351],[-45.0105368,-3.7081808],[-45.0105691,-3.7082243],[-45.0105998,-3.7082657],[-45.0106287,-3.7083049],[-45.010656,-3.7083418],[-45.0106815,-3.7083779],[-45.0107053,-3.7084129],[-45.0107275,-3.7084469],[-45.0107479,-3.70848],[-45.0107667,-3.7085119],[-45.0107837,-3.7085426],[-45.010799,-3.708572],[-45.0108126,-3.7086002],[-45.010826,-3.7086301],[-45.0108392,-3.7086618],[-45.010852,-3.7086951],[-45.0108647,-3.7087301],[-45.0108759,-3.7087647],[-45.0108856,-3.7087987],[-45.0108939,-3.7088323],[-45.0109007,-3.7088654],[-45.0109068,-3.7088992],[-45.0109121,-3.7089338],[-45.0109168,-3.708969],[-45.0109207,-3.709005],[-45.0109245,-3.7090459],[-45.0109284,-3.7090917],[-45.0109323,-3.7091423],[-45.0109362,-3.7091977],[-45.0109396,-3.70925],[-45.0109426,-3.7092992],[-45.010945,-3.7093452],[-45.0109469,-3.709388],[-45.0109484,-3.7094308],[-45.0109494,-3.7094736],[-45.0109499,-3.7095164],[-45.0109499,-3.7095593],[-45.0109486,-3.7096062],[-45.0109462,-3.7096573],[-45.0109426,-3.7097125],[-45.0109377,-3.7097719],[-45.0109326,-3.7098291],[-45.0109272,-3.709884],[-45.0109216,-3.7099368],[-45.0109158,-3.7099874],[-45.0109095,-3.7100414],[-45.0109027,-3.7100989],[-45.0108954,-3.7101597],[-45.0108876,-3.7102239],[-45.0108793,-3.7102847],[-45.0108705,-3.7103421],[-45.0108613,-3.7103962],[-45.0108516,-3.7104468],[-45.0108409,-3.7104974],[-45.0108292,-3.710548],[-45.0108165,-3.7105986],[-45.0108029,-3.7106492],[-45.0107893,-3.7106981],[-45.0107757,-3.7107453],[-45.010762,-3.7107908],[-45.0107484,-3.7108346],[-45.0107348,-3.7108779],[-45.0107212,-3.7109207],[-45.0107075,-3.710963],[-45.0106939,-3.7110049],[-45.0106798,-3.7110465],[-45.0106652,-3.7110878],[-45.0106501,-3.7111289],[-45.0106346,-3.7111698],[-45.0106185,-3.7112092],[-45.010602,-3.7112472],[-45.0105849,-3.7112837],[-45.0105674,-3.7113187],[-45.0105475,-3.7113552],[-45.0105251,-3.7113931],[-45.0105003,-3.7114326],[-45.010473,-3.7114734],[-45.0104475,-3.7115119],[-45.0104236,-3.7115479],[-45.0104015,-3.7115814],[-45.0103904,-3.7115983],[-45.010381,-3.7116126],[-45.0103592,-3.7116471],[-45.0103358,-3.7116851],[-45.010311,-3.7117264],[-45.0102847,-3.7117712],[-45.0102594,-3.7118169],[-45.0102351,-3.7118637],[-45.0102117,-3.7119113],[-45.0101893,-3.71196],[-45.0101696,-3.7120055],[-45.0101526,-3.7120478],[-45.0101382,-3.712087],[-45.0101266,-3.712123],[-45.0101159,-3.7121585],[-45.0101061,-3.7121936],[-45.0100974,-3.7122281],[-45.0100896,-3.7122622],[-45.0100828,-3.7122979],[-45.0100769,-3.7123354],[-45.0100721,-3.7123746],[-45.0100682,-3.7124154],[-45.0100645,-3.712458],[-45.0100611,-3.7125023],[-45.010058,-3.7125483],[-45.010055,-3.7125959],[-45.0100533,-3.7126419],[-45.0100529,-3.7126862],[-45.0100536,-3.7127288],[-45.0100555,-3.7127697],[-45.0100577,-3.7128079],[-45.0100602,-3.7128434],[-45.0100628,-3.7128762],[-45.0100657,-3.7129064],[-45.0100692,-3.712937],[-45.010073,-3.7129682],[-45.0100774,-3.7129998],[-45.0100823,-3.7130319],[-45.0100879,-3.7130657],[-45.0100942,-3.7131013],[-45.0101013,-3.7131385],[-45.0101091,-3.7131774],[-45.0101171,-3.7132149],[-45.0101254,-3.7132509],[-45.0101339,-3.7132854],[-45.0101426,-3.7133185],[-45.0101538,-3.713355],[-45.0101674,-3.7133949],[-45.0101835,-3.7134382],[-45.010202,-3.7134849],[-45.0102193,-3.713527],[-45.0102353,-3.7135645],[-45.0102502,-3.7135973],[-45.0102638,-3.7136255],[-45.0102716,-3.7136408],[-45.0102803,-3.7136579],[-45.0102998,-3.7136944],[-45.0103222,-3.713735],[-45.0103475,-3.7137798],[-45.0103723,-3.7138231],[-45.0103966,-3.7138649],[-45.0104205,-3.7139053],[-45.0104438,-3.7139442],[-45.0104679,-3.7139822],[-45.0104927,-3.7140192],[-45.0105183,-3.7140552],[-45.0105445,-3.7140902],[-45.0105713,-3.714125],[-45.0105985,-3.7141595],[-45.0106263,-3.7141939],[-45.0106545,-3.7142279],[-45.0106839,-3.7142625],[-45.0107146,-3.7142975],[-45.0107465,-3.714333],[-45.0107795,-3.714369],[-45.0108158,-3.714406],[-45.0108552,-3.714444],[-45.0108978,-3.7144829],[-45.0109435,-3.7145228],[-45.010989,-3.7145619],[-45.0110343,-3.7146004],[-45.0110793,-3.7146381],[-45.011124,-3.7146751],[-45.0111686,-3.7147094],[-45.0112128,-3.714741],[-45.0112569,-3.71477],[-45.0113007,-3.7147962],[-45.0113437,-3.7148208],[-45.0113861,-3.7148437],[-45.0114277,-3.7148648],[-45.0114685,-3.7148843],[-45.0115116,-3.7149038],[-45.0115568,-3.7149232],[-45.0116043,-3.7149427],[-45.0116539,-3.7149622],[-45.0117006,-3.7149792],[-45.0117444,-3.7149938],[-45.0117853,-3.7150059],[-45.0118232,-3.7150157],[-45.0118648,-3.7150259],[-45.0119101,-3.7150366],[-45.011959,-3.7150478],[-45.0120116,-3.7150595],[-45.0120612,-3.7150697],[-45.0121079,-3.7150784],[-45.0121517,-3.7150857],[-45.0121926,-3.7150916],[-45.0122351,-3.7150967],[-45.0122794,-3.7151011],[-45.0123254,-3.7151047],[-45.0123731,-3.7151076],[-45.0124191,-3.7151096],[-45.0124633,-3.7151106],[-45.0125059,-3.7151106],[-45.0125468,-3.7151096],[-45.0125923,-3.7151074],[-45.0126424,-3.715104],[-45.0126971,-3.7150994],[-45.0127565,-3.7150935],[-45.0128129,-3.7150872],[-45.0128665,-3.7150804],[-45.0129171,-3.7150731],[-45.0129647,-3.7150653],[-45.0130151,-3.7150561],[-45.0130681,-3.7150454],[-45.0131239,-3.7150332],[-45.0131822,-3.7150196],[-45.0132387,-3.7150057],[-45.0132932,-3.7149916],[-45.0133457,-3.7149772],[-45.0133963,-3.7149626],[-45.0134484,-3.714948],[-45.0135019,-3.7149334],[-45.0135569,-3.7149188],[-45.0136133,-3.7149042],[-45.0136671,-3.7148909],[-45.0137182,-3.7148787],[-45.0137666,-3.7148678],[-45.0138124,-3.714858],[-45.013862,-3.7148483],[-45.0139155,-3.7148386],[-45.0139729,-3.7148288],[-45.0140342,-3.7148191],[-45.0140929,-3.7148106],[-45.0141488,-3.7148033],[-45.0142021,-3.7147972],[-45.0142527,-3.7147923],[-45.0143055,-3.7147877],[-45.0143605,-3.7147833],[-45.0144176,-3.7147792],[-45.014477,-3.7147753],[-45.0145342,-3.7147721],[-45.0145892,-3.7147697],[-45.014642,-3.714768],[-45.0146926,-3.714767],[-45.0147466,-3.7147658],[-45.014804,-3.7147644],[-45.0148648,-3.7147627],[-45.014929,-3.7147607],[-45.0149886,-3.7147592],[-45.0150436,-3.7147583],[-45.015094,-3.7147578],[-45.0151397,-3.7147578],[-45.0151855,-3.714758],[-45.0152312,-3.7147585],[-45.0152769,-3.7147592],[-45.0153227,-3.7147602],[-45.0153684,-3.7147622],[-45.0154141,-3.7147651],[-45.0154599,-3.714769],[-45.0155056,-3.7147738],[-45.0155528,-3.7147802],[-45.0156015,-3.714788],[-45.0156516,-3.7147972],[-45.0157032,-3.7148079],[-45.0157552,-3.7148189],[-45.0158078,-3.71483],[-45.0158608,-3.7148415],[-45.0159143,-3.7148532],[-45.0159708,-3.7148673],[-45.0160302,-3.7148838],[-45.0160924,-3.7149028],[-45.0161576,-3.7149242],[-45.0162172,-3.7149437],[-45.0162712,-3.7149612],[-45.0163197,-3.7149767],[-45.0163625,-3.7149904],[-45.0164089,-3.715005],[-45.0164591,-3.7150205],[-45.0165128,-3.7150371],[-45.0165702,-3.7150546],[-45.0166279,-3.7150724],[-45.0166858,-3.7150904],[-45.016744,-3.7151086],[-45.0168023,-3.7151271],[-45.0168612,-3.7151458],[-45.0169206,-3.7151648],[-45.0169804,-3.715184],[-45.0170408,-3.7152035],[-45.017097,-3.715222],[-45.017149,-3.7152395],[-45.017197,-3.715256],[-45.0172407,-3.7152716],[-45.0172857,-3.7152886],[-45.017332,-3.7153071],[-45.0173794,-3.7153271],[-45.0174281,-3.7153485],[-45.0174743,-3.7153684],[-45.0175181,-3.7153869],[-45.0175594,-3.715404],[-45.0175984,-3.7154195],[-45.0176383,-3.7154363],[-45.0176791,-3.7154543],[-45.017721,-3.7154735],[-45.0177638,-3.715494],[-45.0178037,-3.7155139],[-45.0178407,-3.7155334],[-45.0178747,-3.7155524],[-45.0179059,-3.7155709],[-45.017937,-3.7155889],[-45.0179682,-3.7156064],[-45.0179993,-3.7156234],[-45.0180304,-3.7156399],[-45.0180611,-3.7156562],[-45.0180913,-3.7156723],[-45.018121,-3.7156881],[-45.0181501,-3.7157037],[-45.0181803,-3.7157183],[-45.0182115,-3.7157319],[-45.0182436,-3.7157446],[-45.0182767,-3.7157562],[-45.0183131,-3.7157669],[-45.018353,-3.7157767],[-45.0183964,-3.7157854],[-45.0184431,-3.7157932],[-45.0184876,-3.7158],[-45.0185299,-3.7158059],[-45.0185701,-3.7158107],[-45.018608,-3.7158146],[-45.018644,-3.7158171],[-45.0186781,-3.715818],[-45.0187102,-3.7158175],[-45.0187404,-3.7158156],[-45.0187703,-3.7158122],[-45.0188,-3.7158073],[-45.0188294,-3.715801],[-45.0188586,-3.7157932],[-45.0188873,-3.715784],[-45.0189155,-3.7157733],[-45.0189433,-3.7157611],[-45.0189705,-3.7157475],[-45.0189973,-3.7157336],[-45.0190235,-3.7157195],[-45.0190493,-3.7157051],[-45.0190746,-3.7156905],[-45.0190985,-3.7156752],[-45.0191209,-3.7156592],[-45.0191418,-3.7156424],[-45.0191612,-3.7156249],[-45.0191802,-3.7156052],[-45.0191987,-3.7155833],[-45.0192167,-3.7155592],[-45.0192342,-3.7155329],[-45.019253,-3.7155025],[-45.0192729,-3.7154679],[-45.0192941,-3.7154293],[-45.0193165,-3.7153864],[-45.0193396,-3.7153409],[-45.0193634,-3.7152928],[-45.019388,-3.7152419],[-45.0194133,-3.7151884],[-45.0194369,-3.7151368],[-45.0194588,-3.7150872],[-45.019479,-3.7150395],[-45.0194975,-3.7149938],[-45.0195145,-3.7149466],[-45.0195301,-3.7148979],[-45.0195442,-3.7148478],[-45.0195568,-3.7147962],[-45.019568,-3.7147481],[-45.0195777,-3.7147033],[-45.019586,-3.7146619],[-45.0195928,-3.714624],[-45.0195994,-3.714586],[-45.0196057,-3.7145481],[-45.0196118,-3.7145101],[-45.0196176,-3.7144722],[-45.0196232,-3.7144308],[-45.0196286,-3.714386],[-45.0196337,-3.7143379],[-45.0196386,-3.7142863],[-45.0196442,-3.7142342],[-45.0196505,-3.7141817],[-45.0196575,-3.7141287],[-45.0196653,-3.7140751],[-45.0196736,-3.7140236],[-45.0196824,-3.7139739],[-45.0196916,-3.7139262],[-45.0197013,-3.7138805],[-45.0197118,-3.7138335],[-45.019723,-3.7137854],[-45.0197349,-3.713736],[-45.0197476,-3.7136854],[-45.0197617,-3.7136348],[-45.0197772,-3.7135842],[-45.0197943,-3.7135336],[-45.0198128,-3.713483],[-45.0198308,-3.7134365],[-45.0198483,-3.7133942],[-45.0198653,-3.713356],[-45.0198819,-3.7133219],[-45.0199006,-3.7132888],[-45.0199215,-3.7132567],[-45.0199446,-3.7132256],[-45.0199699,-3.7131954],[-45.0199957,-3.7131672],[-45.020022,-3.7131409],[-45.0200487,-3.7131166],[-45.020076,-3.7130942],[-45.0201045,-3.7130735],[-45.0201341,-3.7130545],[-45.020165,-3.7130373],[-45.0201972,-3.7130217],[-45.0202281,-3.7130086],[-45.0202577,-3.7129979],[-45.0202862,-3.7129896],[-45.0203134,-3.7129837],[-45.0203407,-3.7129791],[-45.0203679,-3.7129757],[-45.0203952,-3.7129735],[-45.0204224,-3.7129726],[-45.0204521,-3.7129733],[-45.0204842,-3.7129757],[-45.0205188,-3.7129799],[-45.0205558,-3.7129857],[-45.0205893,-3.7129918],[-45.0206195,-3.7129981],[-45.0206463,-3.7130047],[-45.0206696,-3.7130115],[-45.0206964,-3.7130207],[-45.0207265,-3.7130324],[-45.0207601,-3.7130465],[-45.0207971,-3.7130631],[-45.0208321,-3.7130796],[-45.0208652,-3.7130961],[-45.0208964,-3.7131127],[-45.0209256,-3.7131292],[-45.020954,-3.713147],[-45.0209818,-3.713166],[-45.0210088,-3.7131862],[-45.021035,-3.7132076],[-45.0210623,-3.7132314],[-45.0210905,-3.7132577],[-45.0211197,-3.7132864],[-45.0211499,-3.7133175],[-45.0211793,-3.7133492],[-45.021208,-3.7133813],[-45.021236,-3.7134139],[-45.0212632,-3.713447],[-45.0212905,-3.7134822],[-45.0213177,-3.7135197],[-45.021345,-3.7135594],[-45.0213722,-3.7136012],[-45.0213997,-3.7136457],[-45.0214275,-3.7136929],[-45.0214554,-3.7137428],[-45.0214837,-3.7137954],[-45.0215119,-3.7138464],[-45.0215401,-3.7138961],[-45.0215683,-3.7139442],[-45.0215965,-3.713991],[-45.0216231,-3.7140328],[-45.0216479,-3.7140698],[-45.021671,-3.7141019],[-45.0216924,-3.7141291],[-45.0217138,-3.7141559],[-45.0217352,-3.7141822],[-45.0217566,-3.714208],[-45.021778,-3.7142333],[-45.0217997,-3.7142576],[-45.0218216,-3.7142809],[-45.0218437,-3.7143033],[-45.0218661,-3.7143247],[-45.0218899,-3.7143454],[-45.0219152,-3.7143654],[-45.021942,-3.7143846],[-45.0219702,-3.7144031],[-45.0220019,-3.7144221],[-45.0220369,-3.7144415],[-45.0220753,-3.7144615],[-45.0221172,-3.7144819],[-45.0221597,-3.7145006],[-45.022203,-3.7145177],[-45.0222471,-3.714533],[-45.0222918,-3.7145466],[-45.0223347,-3.7145589],[-45.0223755,-3.7145699],[-45.0224145,-3.7145795],[-45.0224514,-3.7145877],[-45.0224898,-3.7145952],[-45.0225294,-3.7146017],[-45.0225704,-3.7146074],[-45.0226127,-3.7146123],[-45.0226541,-3.7146162],[-45.0226945,-3.7146191],[-45.0227339,-3.7146211],[-45.0227723,-3.714622],[-45.02281,-3.7146231],[-45.022847,-3.7146243],[-45.0228833,-3.7146257],[-45.0229188,-3.7146271],[-45.0229567,-3.7146286],[-45.0229971,-3.7146301],[-45.02304,-3.7146315],[-45.0230852,-3.714633],[-45.0231298,-3.7146343],[-45.0231737,-3.7146355],[-45.0232169,-3.7146366],[-45.0232595,-3.7146376],[-45.0233007,-3.714638],[-45.0233405,-3.7146377],[-45.0233788,-3.7146369],[-45.0234158,-3.7146354],[-45.0234567,-3.7146333],[-45.0235015,-3.7146307],[-45.0235501,-3.7146274],[-45.0236027,-3.7146235],[-45.0236545,-3.7146196],[-45.0237056,-3.7146157],[-45.0237559,-3.7146118],[-45.0238056,-3.7146079],[-45.023853,-3.7146045],[-45.0238983,-3.7146016],[-45.0239413,-3.7145992],[-45.0239822,-3.7145972],[-45.0240257,-3.7145958],[-45.024072,-3.7145948],[-45.0241209,-3.7145943],[-45.0241724,-3.7145943],[-45.0242216,-3.7145952],[-45.0242683,-3.7145969],[-45.0243126,-3.7145994],[-45.0243544,-3.7146028],[-45.0243946,-3.7146067],[-45.024433,-3.7146111],[-45.0244697,-3.714616],[-45.0245048,-3.7146213],[-45.0245394,-3.7146271],[-45.0245737,-3.7146335],[-45.0246077,-3.7146403],[-45.0246413,-3.7146476],[-45.0246735,-3.7146551],[-45.0247044,-3.7146629],[-45.024734,-3.7146709],[-45.0247622,-3.7146792],[-45.0247917,-3.7146885],[-45.0248226,-3.7146987],[-45.0248549,-3.7147099],[-45.0248884,-3.714722],[-45.0249207,-3.7147344],[-45.0249516,-3.7147471],[-45.0249811,-3.71476],[-45.0250094,-3.7147731],[-45.025041,-3.7147886],[-45.025076,-3.7148063],[-45.0251145,-3.7148264],[-45.0251563,-3.7148488],[-45.0251953,-3.7148699],[-45.0252316,-3.7148899],[-45.025265,-3.7149086],[-45.0252957,-3.7149261],[-45.0253272,-3.7149446],[-45.0253596,-3.7149641],[-45.0253928,-3.7149845],[-45.0254268,-3.7150059],[-45.0254608,-3.7150277],[-45.0254946,-3.7150499],[-45.0255283,-3.7150724],[-45.0255619,-3.7150952],[-45.0255952,-3.7151188],[-45.0256283,-3.7151432],[-45.0256611,-3.7151682],[-45.0256937,-3.715194],[-45.025726,-3.7152202],[-45.0257578,-3.7152467],[-45.0257893,-3.7152736],[-45.0258205,-3.7153008],[-45.0258511,-3.7153281],[-45.0258813,-3.7153553],[-45.025911,-3.7153825],[-45.0259402,-3.7154098],[-45.0259669,-3.7154351],[-45.0259913,-3.7154585],[-45.0260132,-3.7154799],[-45.0260326,-3.7154993],[-45.0260524,-3.7155202],[-45.0260726,-3.7155426],[-45.0260932,-3.7155665],[-45.0261141,-3.7155918],[-45.0261341,-3.7156162],[-45.026153,-3.7156398],[-45.026171,-3.7156626],[-45.0261881,-3.7156845],[-45.0262049,-3.7157082],[-45.0262214,-3.7157337],[-45.0262377,-3.7157611],[-45.0262538,-3.7157903],[-45.0262686,-3.7158185],[-45.0262822,-3.7158458],[-45.0262946,-3.715872],[-45.0263058,-3.7158973],[-45.0263174,-3.7159234],[-45.0263293,-3.7159501],[-45.0263416,-3.7159776],[-45.0263542,-3.7160058],[-45.0263668,-3.7160321],[-45.0263792,-3.7160565],[-45.0263915,-3.7160788],[-45.0264036,-3.7160993],[-45.026416,-3.7161195],[-45.0264287,-3.7161394],[-45.0264416,-3.7161591],[-45.0264547,-3.7161786],[-45.02647,-3.7161989],[-45.0264876,-3.7162201],[-45.0265073,-3.7162421],[-45.0265292,-3.7162649],[-45.026553,-3.7162887],[-45.0265788,-3.7163132],[-45.0266065,-3.7163387],[-45.0266362,-3.7163649],[-45.0266642,-3.716389],[-45.0266905,-3.7164109],[-45.026715,-3.7164306],[-45.0267379,-3.7164481],[-45.0267617,-3.7164657],[-45.0267866,-3.7164832],[-45.0268123,-3.7165007],[-45.0268391,-3.7165182],[-45.0268643,-3.7165343],[-45.0268879,-3.7165489],[-45.0269099,-3.716562],[-45.0269303,-3.7165737],[-45.0269524,-3.7165857],[-45.026976,-3.7165981],[-45.0270011,-3.7166109],[-45.0270279,-3.716624],[-45.0270548,-3.7166357],[-45.0270818,-3.7166459],[-45.0271089,-3.7166547],[-45.0271362,-3.716662],[-45.0271644,-3.7166686],[-45.0271936,-3.7166744],[-45.0272237,-3.7166795],[-45.0272549,-3.7166839],[-45.0272826,-3.7166872],[-45.0273069,-3.7166894],[-45.0273279,-3.7166905],[-45.0273454,-3.7166905],[-45.0273655,-3.7166894],[-45.0273881,-3.7166872],[-45.0274133,-3.7166839],[-45.027441,-3.7166795],[-45.0274685,-3.7166735],[-45.0274958,-3.7166658],[-45.0275228,-3.7166565],[-45.0275496,-3.7166456],[-45.0275752,-3.7166329],[-45.0275995,-3.7166183],[-45.0276226,-3.7166018],[-45.0276444,-3.7165836],[-45.0276698,-3.7165594],[-45.0276988,-3.7165293],[-45.0277312,-3.7164934],[-45.0277672,-3.7164515],[-45.0277986,-3.7164134],[-45.0278254,-3.7163788],[-45.0278475,-3.7163479],[-45.027865,-3.7163207],[-45.0278826,-3.7162881],[-45.0279001,-3.7162501],[-45.0279176,-3.7162068],[-45.0279351,-3.7161581],[-45.0279517,-3.7161075],[-45.0279672,-3.716055],[-45.0279818,-3.7160005],[-45.0279954,-3.7159441],[-45.0280098,-3.7158866],[-45.0280249,-3.7158282],[-45.0280407,-3.7157689],[-45.0280572,-3.7157086],[-45.0280735,-3.7156489],[-45.0280896,-3.7155901],[-45.0281054,-3.7155319],[-45.028121,-3.7154745],[-45.0281363,-3.7154151],[-45.0281514,-3.7153538],[-45.0281662,-3.7152906],[-45.0281808,-3.7152254],[-45.0281954,-3.7151624],[-45.02821,-3.7151016],[-45.0282246,-3.7150429],[-45.0282392,-3.7149865],[-45.0282526,-3.714932],[-45.0282648,-3.7148794],[-45.0282757,-3.7148288],[-45.0282854,-3.7147802],[-45.0282971,-3.7147298],[-45.0283107,-3.7146777],[-45.0283263,-3.714624],[-45.0283438,-3.7145685],[-45.0283621,-3.7145135],[-45.0283811,-3.714459],[-45.0284008,-3.714405],[-45.0284212,-3.7143515],[-45.0284407,-3.7143011],[-45.0284591,-3.7142539],[-45.0284767,-3.7142099],[-45.0284932,-3.714169],[-45.0285095,-3.7141291],[-45.0285256,-3.7140902],[-45.0285414,-3.7140523],[-45.028557,-3.7140153],[-45.028574,-3.7139781],[-45.0285925,-3.7139406],[-45.0286124,-3.7139029],[-45.0286338,-3.7138649],[-45.0286569,-3.7138224],[-45.0286818,-3.7137752],[-45.0287083,-3.7137233],[-45.0287365,-3.7136669],[-45.0287664,-3.7136105],[-45.028798,-3.713554],[-45.0288314,-3.7134976],[-45.0288664,-3.7134411],[-45.0289029,-3.713382],[-45.0289409,-3.7133202],[-45.0289803,-3.7132557],[-45.0290211,-3.7131886],[-45.0290586,-3.7131285],[-45.0290927,-3.7130755],[-45.0291233,-3.7130295],[-45.0291506,-3.7129906],[-45.0291781,-3.7129524],[-45.0292058,-3.7129149],[-45.0292338,-3.7128782],[-45.029262,-3.7128422],[-45.0292892,-3.7128083],[-45.0293155,-3.7127767],[-45.0293408,-3.7127473],[-45.0293651,-3.71272],[-45.0293926,-3.7126925],[-45.0294233,-3.7126648],[-45.0294571,-3.7126368],[-45.0294941,-3.7126086],[-45.0295313,-3.7125821],[-45.0295688,-3.7125573],[-45.0296065,-3.7125342],[-45.0296444,-3.7125127],[-45.0296829,-3.7124938],[-45.0297218,-3.7124772],[-45.0297612,-3.7124631],[-45.0298011,-3.7124514],[-45.0298434,-3.7124412],[-45.0298882,-3.7124325],[-45.0299354,-3.7124252],[-45.029985,-3.7124193],[-45.030033,-3.7124157],[-45.0300792,-3.7124142],[-45.0301237,-3.7124149],[-45.0301665,-3.7124179],[-45.0302079,-3.7124222],[-45.0302478,-3.7124281],[-45.0302862,-3.7124354],[-45.0303232,-3.7124441],[-45.0303607,-3.7124539],[-45.0303986,-3.7124646],[-45.0304371,-3.7124763],[-45.030476,-3.7124889],[-45.0305144,-3.7125033],[-45.0305524,-3.7125193],[-45.0305898,-3.7125371],[-45.0306268,-3.7125565],[-45.0306604,-3.7125762],[-45.0306906,-3.7125962],[-45.0307173,-3.7126164],[-45.0307407,-3.7126368],[-45.0307633,-3.712659],[-45.0307852,-3.7126828],[-45.0308064,-3.7127083],[-45.0308268,-3.7127356],[-45.0308451,-3.7127643],[-45.0308611,-3.7127945],[-45.030875,-3.7128261],[-45.0308867,-3.7128592],[-45.0308969,-3.712893],[-45.0309056,-3.7129275],[-45.0309129,-3.7129628],[-45.0309188,-3.7129988],[-45.0309232,-3.7130378],[-45.0309261,-3.7130796],[-45.0309275,-3.7131244],[-45.0309275,-3.7131721],[-45.0309261,-3.7132192],[-45.0309232,-3.713266],[-45.0309188,-3.7133122],[-45.0309129,-3.7133579],[-45.0309059,-3.7134071],[-45.0308991,-3.7134494],[-45.030891,-3.7134951],[-45.0308823,-3.7135409],[-45.0308718,-3.7135888],[-45.0308597,-3.7136389],[-45.0308458,-3.7136912],[-45.0308302,-3.7137457],[-45.0308151,-3.713798],[-45.0308005,-3.7138481],[-45.0307864,-3.7138961],[-45.0307728,-3.7139418],[-45.0307609,-3.7139854],[-45.0307507,-3.7140267],[-45.0307421,-3.7140659],[-45.0307353,-3.7141029],[-45.030729,-3.7141394],[-45.0307232,-3.7141754],[-45.0307178,-3.7142109],[-45.030713,-3.7142459],[-45.0307083,-3.7142851],[-45.0307039,-3.7143284],[-45.0306998,-3.7143758],[-45.0306959,-3.7144274],[-45.0306937,-3.7144806],[-45.0306932,-3.7145353],[-45.0306945,-3.7145916],[-45.0306974,-3.7146495],[-45.0307005,-3.7147054],[-45.0307039,-3.7147591],[-45.0307076,-3.7148108],[-45.0307115,-3.7148605],[-45.0307151,-3.7149108],[-45.0307185,-3.7149619],[-45.0307217,-3.7150137],[-45.0307246,-3.7150663],[-45.0307285,-3.7151222],[-45.0307334,-3.7151816],[-45.0307392,-3.7152444],[-45.030746,-3.7153105],[-45.0307538,-3.7153735],[-45.0307626,-3.7154334],[-45.0307723,-3.7154901],[-45.030783,-3.7155436],[-45.0307927,-3.7155937],[-45.0308015,-3.7156404],[-45.0308093,-3.7156837],[-45.0308161,-3.7157236],[-45.0308232,-3.7157621],[-45.0308305,-3.7157991],[-45.030838,-3.7158346],[-45.0308458,-3.7158686],[-45.030855,-3.7159056],[-45.0308657,-3.7159455],[-45.0308779,-3.7159883],[-45.0308915,-3.7160341],[-45.0309043,-3.7160736],[-45.0309162,-3.7161069],[-45.0309273,-3.7161341],[-45.0309375,-3.716155],[-45.0309498,-3.7161777],[-45.0309641,-3.7162023],[-45.0309806,-3.7162287],[-45.0309991,-3.7162569],[-45.0310179,-3.7162845],[-45.0310371,-3.7163115],[-45.0310567,-3.7163379],[-45.0310767,-3.7163637],[-45.031097,-3.716388],[-45.0311177,-3.7164109],[-45.0311387,-3.7164323],[-45.0311601,-3.7164523],[-45.031191,-3.716475],[-45.0312314,-3.7165006],[-45.0312813,-3.7165289],[-45.0313406,-3.7165601],[-45.0314024,-3.7165905],[-45.0314444,-3.7166098],[-45.0314667,-3.7166201],[-45.0315333,-3.7166491],[-45.0316024,-3.7166773],[-45.0316688,-3.7167041],[-45.0317326,-3.7167294],[-45.0317936,-3.7167532],[-45.031852,-3.7167756],[-45.0319104,-3.7167985],[-45.0319688,-3.7168218],[-45.0320272,-3.7168457],[-45.0320856,-3.71687],[-45.032142,-3.7168934],[-45.0321965,-3.7169157],[-45.0322491,-3.7169371],[-45.0322997,-3.7169576],[-45.0323512,-3.71698],[-45.0324038,-3.7170043],[-45.0324573,-3.7170306],[-45.0325118,-3.7170588],[-45.0325624,-3.717086],[-45.0326091,-3.7171123],[-45.0326519,-3.7171376],[-45.0326909,-3.7171619],[-45.0327293,-3.7171872],[-45.0327673,-3.7172135],[-45.0328047,-3.7172408],[-45.0328417,-3.717269],[-45.0328818,-3.7173001],[-45.0329252,-3.7173342],[-45.0329716,-3.7173712],[-45.0330212,-3.7174111],[-45.0330755,-3.7174561],[-45.0331344,-3.7175062],[-45.0331979,-3.7175614],[-45.033266,-3.7176218],[-45.0333305,-3.7176787],[-45.0333913,-3.7177322],[-45.0334485,-3.7177823],[-45.033502,-3.717829],[-45.0335611,-3.7178806],[-45.0336258,-3.7179371],[-45.0336961,-3.7179984],[-45.033772,-3.7180645],[-45.0338453,-3.7181285],[-45.0339158,-3.7181903],[-45.0339837,-3.7182499],[-45.0340489,-3.7183073],[-45.0341129,-3.7183643],[-45.0341756,-3.7184207],[-45.0342372,-3.7184767],[-45.0342975,-3.7185321],[-45.0343576,-3.7185878],[-45.0344175,-3.7186438],[-45.0344771,-3.7187],[-45.0345364,-3.7187564],[-45.0345919,-3.7188095],[-45.0346435,-3.7188591],[-45.0346657,-3.7188806],[-45.0346912,-3.7189053],[-45.034735,-3.7189481],[-45.0347792,-3.7189912],[-45.034824,-3.7190345],[-45.0348693,-3.7190781],[-45.034915,-3.7191219],[-45.0349585,-3.7191642],[-45.0349999,-3.7192051],[-45.0350391,-3.7192445],[-45.035076,-3.7192824],[-45.0351135,-3.7193216],[-45.0351515,-3.719362],[-45.0351899,-3.7194036],[-45.0352288,-3.7194464],[-45.0352643,-3.7194836],[-45.0352965,-3.7195152],[-45.0353252,-3.7195413],[-45.0353505,-3.7195617],[-45.035375,-3.7195797],[-45.0353989,-3.7195953],[-45.035422,-3.7196084],[-45.0354444,-3.7196191],[-45.035467,-3.7196291],[-45.0354899,-3.7196384],[-45.035513,-3.7196469],[-45.0355363,-3.7196547],[-45.0355604,-3.7196605],[-45.0355852,-3.7196644],[-45.0356108,-3.7196663],[-45.0356371,-3.7196663],[-45.035665,-3.7196646],[-45.0356947,-3.7196612],[-45.0357261,-3.7196561],[-45.0357592,-3.7196493],[-45.035793,-3.7196398],[-45.0358276,-3.7196276],[-45.0358628,-3.7196128],[-45.0358988,-3.7195953],[-45.0359363,-3.7195746],[-45.0359752,-3.7195508],[-45.0360156,-3.7195238],[-45.0360575,-3.7194936],[-45.0360991,-3.7194608],[-45.0361404,-3.7194252],[-45.0361815,-3.719387],[-45.0362224,-3.7193462],[-45.0362628,-3.7193046],[-45.0363027,-3.7192622],[-45.0363421,-3.7192192],[-45.036381,-3.7191754],[-45.03642,-3.7191309],[-45.0364589,-3.7190856],[-45.0364978,-3.7190396],[-45.0365367,-3.7189929],[-45.0365744,-3.7189481],[-45.0366109,-3.7189053],[-45.0366462,-3.7188645],[-45.0366803,-3.7188255],[-45.036717,-3.7187839],[-45.0367564,-3.7187397],[-45.0367985,-3.7186927],[-45.0368433,-3.7186431],[-45.0368895,-3.7185927],[-45.0369372,-3.7185416],[-45.0369863,-3.7184898],[-45.0370369,-3.7184372],[-45.0370849,-3.7183888],[-45.0371301,-3.7183446],[-45.0371727,-3.7183044],[-45.0372126,-3.7182684],[-45.0372542,-3.7182334],[-45.0372975,-3.7181993],[-45.0373425,-3.7181662],[-45.0373892,-3.7181341],[-45.0374393,-3.7181015],[-45.0374928,-3.7180684],[-45.0375498,-3.7180349],[-45.0376101,-3.7180008],[-45.0376709,-3.7179675],[-45.0377322,-3.7179349],[-45.037794,-3.717903],[-45.0378563,-3.7178719],[-45.037924,-3.7178395],[-45.0379969,-3.7178059],[-45.0380753,-3.7177711],[-45.038159,-3.7177351],[-45.0382329,-3.7177042],[-45.0382972,-3.7176784],[-45.0383516,-3.7176578],[-45.0383964,-3.7176422],[-45.0384419,-3.7176273],[-45.0384881,-3.7176132],[-45.0385351,-3.7175999],[-45.0385828,-3.7175872],[-45.0386285,-3.7175763],[-45.0386723,-3.717567],[-45.0387141,-3.7175595],[-45.038754,-3.7175536],[-45.0387925,-3.7175493],[-45.0388295,-3.7175463],[-45.038865,-3.7175449],[-45.038899,-3.7175449],[-45.0389336,-3.7175468],[-45.0389686,-3.7175507],[-45.0390041,-3.7175566],[-45.0390401,-3.7175643],[-45.0390783,-3.7175741],[-45.0391187,-3.7175857],[-45.0391613,-3.7175994],[-45.0392061,-3.7176149],[-45.039245,-3.7176293],[-45.0392781,-3.7176424],[-45.0393053,-3.7176544],[-45.0393267,-3.7176651],[-45.0393523,-3.7176792],[-45.039382,-3.7176967],[-45.0394158,-3.7177176],[-45.0394537,-3.7177419],[-45.0394934,-3.7177692],[-45.0395347,-3.7177994],[-45.0395778,-3.7178324],[-45.0396226,-3.7178684],[-45.0396676,-3.7179086],[-45.0397128,-3.7179529],[-45.0397583,-3.7180013],[-45.0398041,-3.7180538],[-45.0398486,-3.7181081],[-45.0398919,-3.718164],[-45.039934,-3.7182217],[-45.0399749,-3.7182811],[-45.0400155,-3.7183416],[-45.0400559,-3.7184034],[-45.040096,-3.7184664],[-45.0401359,-3.7185307],[-45.0401743,-3.7185947],[-45.0402113,-3.7186584],[-45.0402468,-3.7187219],[-45.0402809,-3.7187851],[-45.0403142,-3.7188484],[-45.0403468,-3.7189117],[-45.0403787,-3.7189749],[-45.0404098,-3.7190382],[-45.0404427,-3.7191053],[-45.0404772,-3.7191764],[-45.0405135,-3.7192513],[-45.0405514,-3.7193301],[-45.0405862,-3.7194036],[-45.0406179,-3.7194717],[-45.0406463,-3.7195345],[-45.0406716,-3.7195919],[-45.0406962,-3.7196529],[-45.04072,-3.7197177],[-45.0407432,-3.719786],[-45.0407655,-3.719858],[-45.0407852,-3.719924],[-45.0408023,-3.7199838],[-45.0408166,-3.7200376],[-45.0408283,-3.7200853],[-45.0408395,-3.7201381],[-45.0408502,-3.720196],[-45.0408604,-3.720259],[-45.0408701,-3.7203271],[-45.0408799,-3.7204011],[-45.0408896,-3.7204809],[-45.0408993,-3.7205665],[-45.0409053,-3.7206221],[-45.0409091,-3.720658],[-45.0409186,-3.7207507],[-45.0409278,-3.7208446],[-45.0409368,-3.7209397],[-45.0409456,-3.721036],[-45.0409536,-3.721126],[-45.0409609,-3.7212097],[-45.0409675,-3.7212871],[-45.0409733,-3.7213581],[-45.0409787,-3.7214289],[-45.0409835,-3.7214995],[-45.0409879,-3.7215698],[-45.0409918,-3.7216399],[-45.0409954,-3.721706],[-45.0409988,-3.7217683],[-45.041002,-3.7218267],[-45.0410049,-3.7218812],[-45.0410071,-3.7219374],[-45.0410086,-3.7219953],[-45.0410093,-3.7220549],[-45.0410093,-3.7221162],[-45.0410091,-3.7221768],[-45.0410086,-3.7222366],[-45.0410078,-3.7222958],[-45.0410069,-3.7223542],[-45.0410059,-3.7224091],[-45.0410049,-3.7224607],[-45.041004,-3.7225089],[-45.041003,-3.7225536],[-45.0410022,-3.7225953],[-45.0410018,-3.7226337],[-45.0410015,-3.722669],[-45.0410015,-3.7227011],[-45.0410018,-3.7227351],[-45.0410022,-3.7227711],[-45.041003,-3.7228091],[-45.041004,-3.722849],[-45.0410066,-3.7228882],[-45.041011,-3.7229266],[-45.0410171,-3.7229643],[-45.0410249,-3.7230013],[-45.0410341,-3.7230356],[-45.0410448,-3.7230672],[-45.041057,-3.7230962],[-45.0410706,-3.7231225],[-45.0410874,-3.7231487],[-45.0411073,-3.723175],[-45.0411305,-3.7232013],[-45.0411567,-3.7232276],[-45.0411835,-3.7232516],[-45.0412107,-3.7232735],[-45.0412385,-3.7232932],[-45.0412667,-3.7233108],[-45.0412964,-3.7233275],[-45.0413275,-3.7233436],[-45.0413601,-3.7233589],[-45.0413942,-3.7233735],[-45.0414307,-3.7233871],[-45.0414696,-3.7233998],[-45.041511,-3.7234115],[-45.0415548,-3.7234222],[-45.041599,-3.7234309],[-45.0416438,-3.7234378],[-45.041689,-3.7234426],[-45.0417348,-3.7234455],[-45.0417813,-3.7234472],[-45.0418284,-3.7234477],[-45.0418764,-3.723447],[-45.041925,-3.723445],[-45.0419732,-3.7234424],[-45.0420209,-3.723439],[-45.0420681,-3.7234348],[-45.0421148,-3.72343],[-45.0421627,-3.7234244],[-45.0422119,-3.723418],[-45.0422622,-3.723411],[-45.0423138,-3.7234032],[-45.0423629,-3.7233947],[-45.0424097,-3.7233854],[-45.0424539,-3.7233755],[-45.0424805,-3.7233687],[-45.0425164,-3.7233577],[-45.0426342,-3.7233203],[-45.0426587,-3.7233071],[-45.0426705,-3.7233016],[-45.0428097,-3.7232371],[-45.0429281,-3.7231829],[-45.0430238,-3.72314],[-45.0431205,-3.7230973],[-45.043218,-3.7230549],[-45.0433132,-3.7230157],[-45.043406,-3.7229799],[-45.0434964,-3.7229474],[-45.0435845,-3.7229183],[-45.0436658,-3.7228876],[-45.0437275,-3.722861],[-45.0437403,-3.7228555],[-45.0438081,-3.7228219],[-45.0438691,-3.7227869],[-45.0439242,-3.7227453],[-45.0439735,-3.7226972],[-45.0440169,-3.7226425],[-45.0440545,-3.7225813],[-45.044085,-3.7225204],[-45.0441083,-3.7224598],[-45.0441245,-3.7223995],[-45.0441295,-3.7223666],[-45.0441336,-3.7223396],[-45.0441422,-3.7222726],[-45.0441504,-3.7221987],[-45.0441581,-3.7221178],[-45.0441654,-3.7220299],[-45.0441757,-3.7219137],[-45.044189,-3.7217692],[-45.0442054,-3.7215964],[-45.0442248,-3.7213952],[-45.0442484,-3.7212007],[-45.0442763,-3.7210129],[-45.0443084,-3.7208317],[-45.0443447,-3.7206572],[-45.0443847,-3.720493],[-45.0444284,-3.7203391],[-45.0444756,-3.7201955],[-45.0445265,-3.7200622],[-45.0445835,-3.719918],[-45.0446465,-3.7197629],[-45.0447156,-3.7195968],[-45.0447907,-3.7194199],[-45.0448704,-3.7192427],[-45.0449049,-3.7191699],[-45.0449546,-3.7190651],[-45.0450434,-3.7188873],[-45.0451367,-3.7187092],[-45.0452224,-3.7185495],[-45.0453006,-3.7184083],[-45.0453712,-3.7182856],[-45.0454342,-3.7181814],[-45.0455005,-3.7180802],[-45.0455702,-3.7179821],[-45.0456432,-3.7178869],[-45.0457196,-3.7177948],[-45.0457947,-3.7177112],[-45.0458686,-3.7176361],[-45.0459414,-3.7175694],[-45.0460129,-3.7175112],[-45.046101,-3.7174494],[-45.0462058,-3.717384],[-45.0463273,-3.7173149],[-45.0464655,-3.7172422],[-45.0465331,-3.7172089],[-45.046591,-3.7171802],[-45.046704,-3.717129],[-45.0468263,-3.7170811],[-45.0468602,-3.7170677],[-45.047061,-3.7170098],[-45.0472906,-3.7170177],[-45.04759,-3.7170873],[-45.0478494,-3.7172217],[-45.047358,-3.7168873],[-45.0367312,-3.688346],[-45.0341433,-3.6813954],[-45.0008181,-3.5962049],[-44.9972729,-3.5871459],[-44.9982774,-3.5855129],[-44.9996188,-3.5842083],[-44.9996329,-3.5841845],[-45.0005351,-3.5826548],[-45.0009766,-3.5820624],[-45.0014707,-3.5817018],[-45.0030539,-3.5808873],[-45.0036372,-3.5808867],[-45.0046807,-3.5811265],[-45.0066408,-3.5804273],[-45.0074429,-3.5799661],[-45.0080749,-3.579405],[-45.0088666,-3.5790803],[-45.0101158,-3.5786333],[-45.0120735,-3.5782664],[-45.0137703,-3.5777111],[-45.0159647,-3.5759743],[-45.0175107,-3.5752809],[-45.018198,-3.5742137],[-45.0187772,-3.5735269],[-45.0195708,-3.5729146],[-45.0206956,-3.5723055],[-45.0213618,-3.5721021],[-45.0224048,-3.5722238],[-45.0237175,-3.5727315],[-45.0244226,-3.5726097],[-45.026757,-3.571554],[-45.0286301,-3.5715533],[-45.0293429,-3.5718363],[-45.029984,-3.5715334],[-45.0306545,-3.5710869],[-45.0313579,-3.5710455],[-45.0222211,-3.5506545],[-45.0155241,-3.5357085],[-45.0186257,-3.5335363],[-45.0217273,-3.5313641],[-45.0494676,-3.5119359],[-45.0488324,-3.5112589],[-45.0475077,-3.5103073],[-45.0468427,-3.509261],[-45.0464648,-3.5084033],[-45.0465595,-3.507165],[-45.0458954,-3.5060232],[-45.045044,-3.5056443],[-45.0438147,-3.5047848],[-45.0430552,-3.5040226],[-45.0425855,-3.503357],[-45.0413989,-3.5006655],[-45.0413045,-3.4991494],[-45.0424483,-3.4973832],[-45.0432125,-3.4966149],[-45.0445509,-3.496616],[-45.0457903,-3.4959442],[-45.0461713,-3.4943137],[-45.0458854,-3.4927761],[-45.0445531,-3.4902637],[-45.0443568,-3.4898937],[-45.0434029,-3.4888421],[-45.0418741,-3.4874911],[-45.0406421,-3.4862546],[-45.039106,-3.4853815],[-45.0367192,-3.4848989],[-45.0353828,-3.4842296],[-45.0344271,-3.4835568],[-45.0328958,-3.4811435],[-45.0314655,-3.475398],[-45.0307975,-3.4709783],[-45.0309886,-3.4686751],[-45.0305119,-3.465793],[-45.0302247,-3.4590692],[-45.0293107,-3.4591731],[-45.0285048,-3.4592649],[-45.02717,-3.4597473],[-45.0258371,-3.4604137],[-45.0244951,-3.4608979],[-45.0229679,-3.4610881],[-45.0214397,-3.4608969],[-45.0201986,-3.460996],[-45.0192437,-3.460895],[-45.0179054,-3.4608976],[-45.0154242,-3.461087],[-45.0141804,-3.4605133],[-45.0131321,-3.4591688],[-45.0124645,-3.4581111],[-45.0121784,-3.4564816],[-45.0117008,-3.4545582],[-45.0115094,-3.4520612],[-45.0111253,-3.4495661],[-45.0103651,-3.4458239],[-45.0100759,-3.4427239],[-45.0099815,-3.4373719],[-45.0102679,-3.4350661],[-45.0111257,-3.4316106],[-45.011412,-3.4298838],[-45.0098874,-3.4314204],[-45.0093132,-3.431801],[-45.0084538,-3.4315116],[-45.0075943,-3.4308416],[-45.0047298,-3.430454],[-45.0029155,-3.4300726],[-45.0004217,-3.4300734],[-44.9950122,-3.4295754],[-44.9868663,-3.4279951],[-44.9816875,-3.4273768],[-44.9788328,-3.4272796],[-44.9758827,-3.427662],[-44.9735986,-3.4284267],[-44.9721685,-3.4299587],[-44.9702676,-3.4323527],[-44.9692209,-3.4335014],[-44.9671247,-3.4364688],[-44.9656998,-3.4387662],[-44.9639823,-3.4422141],[-44.9633199,-3.4438344],[-44.9613189,-3.4460407],[-44.9592253,-3.4485282],[-44.9562703,-3.4515945],[-44.9538959,-3.4534068],[-44.9512307,-3.455612],[-44.9478986,-3.4580984],[-44.9443749,-3.4600095],[-44.9401887,-3.4617366],[-44.9374283,-3.4623089],[-44.9340965,-3.4627864],[-44.9307647,-3.4627878],[-44.9294301,-3.4622143],[-44.9284826,-3.4613541],[-44.9283837,-3.4606797],[-44.9275307,-3.4598187],[-44.927819,-3.4579994],[-44.9289577,-3.4569491],[-44.9287662,-3.4557041],[-44.9257237,-3.4535987],[-44.9248662,-3.4527331],[-44.9252446,-3.4503458],[-44.9263895,-3.4495778],[-44.9276253,-3.4483328],[-44.9281035,-3.4467073],[-44.9281964,-3.4449826],[-44.9273419,-3.4420156],[-44.9261911,-3.4400961],[-44.9241988,-3.4379963],[-44.9228011,-3.4366836],[-44.9205833,-3.4336885],[-44.9202907,-3.433378],[-44.9187773,-3.4317718],[-44.9168704,-3.4304339],[-44.9148717,-3.4296729],[-44.9112567,-3.4286144],[-44.9079243,-3.4273729],[-44.9048789,-3.4264136],[-44.9026913,-3.4258349],[-44.9002165,-3.4247863],[-44.8993993,-3.4235524],[-44.8992627,-3.4233466],[-44.8989775,-3.4221981],[-44.8987895,-3.4218177],[-44.8994555,-3.4211461],[-44.9002151,-3.4207665],[-44.902026,-3.4188509],[-44.9029766,-3.416553],[-44.9031676,-3.4139738],[-44.9031668,-3.4129181],[-44.9027862,-3.4112882],[-44.9022176,-3.4097602],[-44.9011694,-3.406312],[-44.8999313,-3.403055],[-44.8995525,-3.4017181],[-44.8990773,-3.4007643],[-44.8983161,-3.3998971],[-44.8966009,-3.3982709],[-44.8927008,-3.3951105],[-44.8880348,-3.3915724],[-44.8789027,-3.3843884],[-44.8778543,-3.3833374],[-44.8780451,-3.3807529],[-44.8788046,-3.3797982],[-44.8797586,-3.379315],[-44.8831854,-3.3795113],[-44.8848026,-3.3784547],[-44.8857538,-3.3771168],[-44.8870857,-3.376446],[-44.8880387,-3.376445],[-44.8891797,-3.3767352],[-44.8907024,-3.3765439],[-44.8914655,-3.3760652],[-44.8927011,-3.3754881],[-44.8937286,-3.3744581],[-44.8943386,-3.3728384],[-44.8943389,-3.3717498],[-44.8933775,-3.3653448],[-44.8934978,-3.3631632],[-44.893138,-3.3597814],[-44.893379,-3.357484],[-44.8930178,-3.355791],[-44.8928961,-3.3539788],[-44.8921774,-3.3519217],[-44.8910933,-3.3518018],[-44.8901344,-3.3520448],[-44.8896507,-3.35277],[-44.8880754,-3.3538896],[-44.8835964,-3.3551628],[-44.8820783,-3.3550657],[-44.8805159,-3.3547048],[-44.8783535,-3.3537355],[-44.8766665,-3.3526447],[-44.8743846,-3.3515583],[-44.8721017,-3.3501075],[-44.8693378,-3.3488951],[-44.8670546,-3.3475658],[-44.8652503,-3.3470857],[-44.863712,-3.3463606],[-44.8569213,-3.3716994],[-44.8377927,-3.4247039],[-44.8304153,-3.4451369],[-44.828418,-3.4502649],[-44.8269573,-3.4540151],[-44.8193489,-3.4735491],[-44.8212085,-3.4723348],[-44.822509,-3.4716821],[-44.8241213,-3.4707199],[-44.8291101,-3.4663552],[-44.830038,-3.4658864],[-44.8306905,-3.466448],[-44.8311548,-3.4675704],[-44.8312464,-3.4701857],[-44.8310614,-3.47301],[-44.8310604,-3.4755155],[-44.8311528,-3.4780389],[-44.8308753,-3.4813078],[-44.8315231,-3.4826195],[-44.8333841,-3.4830116],[-44.8377892,-3.4832461],[-44.8399871,-3.4836039],[-44.8413177,-3.483848],[-44.8446567,-3.4847731],[-44.8454336,-3.4863263],[-44.845764,-3.4884368],[-44.8473801,-3.4897561],[-44.8486236,-3.4905271],[-44.8505985,-3.4919829],[-44.8514603,-3.4927628],[-44.8534864,-3.4956907],[-44.8538541,-3.4968462],[-44.8539383,-3.4983544],[-44.8535209,-3.5004524],[-44.8527423,-3.501837],[-44.8522691,-3.5033763],[-44.8519084,-3.5052847],[-44.8515974,-3.5083713],[-44.8503226,-3.5127166],[-44.8494041,-3.5183432],[-44.8482075,-3.5228758],[-44.8476495,-3.5246036],[-44.8465453,-3.5261376],[-44.845658,-3.5275845],[-44.8437419,-3.5284855],[-44.840959,-3.527744],[-44.839771,-3.5269199],[-44.8375155,-3.5257281],[-44.8359891,-3.5260793],[-44.836963,-3.528723],[-44.8394634,-3.5342738],[-44.840016,-3.5357284],[-44.839909,-3.5374498],[-44.8389073,-3.5395286],[-44.836911,-3.5401618],[-44.8352901,-3.5394217],[-44.8338573,-3.5378737],[-44.832878,-3.5357836],[-44.8301797,-3.5327739],[-44.8279071,-3.5314927],[-44.8258516,-3.5318387],[-44.8238481,-3.5341969],[-44.8233774,-3.5353682],[-44.8230966,-3.5372754],[-44.8236285,-3.539094],[-44.8237678,-3.5393359],[-44.8246266,-3.5408271],[-44.8284858,-3.5448384],[-44.830105,-3.5458455],[-44.8314603,-3.5470374],[-44.8314629,-3.5470456],[-44.8320147,-3.5487698],[-44.8320714,-3.5489462],[-44.831877,-3.5513909],[-44.8324043,-3.5553883],[-44.8327651,-3.5569348],[-44.834295,-3.558942],[-44.835186,-3.5616653],[-44.8353524,-3.5630331],[-44.8365986,-3.567127],[-44.8377641,-3.5694878],[-44.8389069,-3.5731226],[-44.8397087,-3.5739431],[-44.8421578,-3.57387],[-44.8435142,-3.5731512],[-44.8454278,-3.5717065],[-44.8470715,-3.5702574],[-44.8481588,-3.5694466],[-44.8499617,-3.5683661],[-44.8514062,-3.5680142],[-44.8529282,-3.5678408],[-44.8537418,-3.5692963],[-44.853298,-3.5704706],[-44.8516946,-3.5719505],[-44.8506553,-3.5729092],[-44.8494887,-3.5741764],[-44.8466596,-3.5764326],[-44.8454075,-3.5781516],[-44.8445722,-3.5789649],[-44.8440203,-3.5801399],[-44.8434918,-3.5816795],[-44.8409414,-3.587553],[-44.837404,-3.5872804],[-44.836127,-3.586631],[-44.833325,-3.5844277],[-44.8330575,-3.5842173],[-44.8321859,-3.583531],[-44.8320434,-3.5835585],[-44.8307533,-3.583808],[-44.8294632,-3.5840576],[-44.828204,-3.5854775],[-44.8275394,-3.586227],[-44.8264591,-3.5873154],[-44.8235715,-3.5888466],[-44.8204902,-3.5910955],[-44.81877,-3.592174],[-44.8181296,-3.5942677],[-44.8174931,-3.5955292],[-44.8156816,-3.5940647],[-44.8149607,-3.5929771],[-44.8136036,-3.5919734],[-44.809825,-3.5927652],[-44.8081855,-3.5946703],[-44.8077086,-3.5990218],[-44.8072363,-3.6021966],[-44.805875,-3.604182],[-44.8048773,-3.6058149],[-44.803406,-3.6088001],[-44.8031311,-3.6104331],[-44.8038187,-3.61434],[-44.8054311,-3.6168918],[-44.8075186,-3.6196289],[-44.8087668,-3.6208093],[-44.8097675,-3.6215434],[-44.8107384,-3.6225532],[-44.8139044,-3.6246574],[-44.815157,-3.6262057],[-44.8151519,-3.6283852],[-44.8141308,-3.6331849],[-44.8138537,-3.6357285],[-44.8141798,-3.638089],[-44.8139048,-3.6395416],[-44.8128271,-3.6401745],[-44.8114661,-3.6405242],[-44.8103776,-3.6411569],[-44.8086584,-3.6439628],[-44.8084617,-3.6454162],[-44.8079076,-3.6469552],[-44.8054671,-3.6504841],[-44.8040157,-3.6514783],[-44.8002106,-3.6520915],[-44.798402,-3.652716],[-44.7965998,-3.6530736],[-44.7943165,-3.6545146],[-44.7934895,-3.656149],[-44.7932108,-3.6578694],[-44.7935723,-3.6612301],[-44.7946312,-3.6650443],[-44.7949914,-3.6669497],[-44.7951519,-3.6686736],[-44.7957647,-3.6711351],[-44.7976863,-3.6717806],[-44.7990195,-3.6716076],[-44.8025712,-3.6703474],[-44.8035401,-3.6695358],[-44.8048208,-3.6677293],[-44.8065417,-3.6658253],[-44.8083792,-3.664844],[-44.8101882,-3.6657562],[-44.8074326,-3.6711032],[-44.8052634,-3.6728132],[-44.8043558,-3.6754477],[-44.8042383,-3.6769822],[-44.8045993,-3.678718],[-44.8052074,-3.6798939],[-44.8068496,-3.6813571],[-44.8082986,-3.6796406],[-44.8092138,-3.6781937],[-44.80938,-3.6768302],[-44.8108474,-3.6742996],[-44.8118567,-3.6736653],[-44.8135766,-3.6723988],[-44.8149332,-3.6719564],[-44.8176291,-3.672332],[-44.8185451,-3.6733316],[-44.8182686,-3.6756967],[-44.817791,-3.6776004],[-44.8178074,-3.6776016],[-44.817819,-3.6776051],[-44.8179566,-3.677679],[-44.8181279,-3.6777293],[-44.8182991,-3.6777562],[-44.8184636,-3.6777931],[-44.8186651,-3.6778469],[-44.8188195,-3.6779039],[-44.8190512,-3.6780114],[-44.8192123,-3.6780617],[-44.8193601,-3.6781255],[-44.8195693,-3.6782207],[-44.8197081,-3.6782789],[-44.8199141,-3.6783729],[-44.82012,-3.6784982],[-44.8203349,-3.6785967],[-44.820496,-3.6786459],[-44.8207288,-3.6786415],[-44.820984,-3.6785833],[-44.8212168,-3.6784848],[-44.8214943,-3.6783371],[-44.8218301,-3.6781267],[-44.8218827,-3.678086],[-44.8220852,-3.6779297],[-44.8222867,-3.6777596],[-44.8226225,-3.6774731],[-44.822797,-3.6773208],[-44.8229358,-3.6771776],[-44.8230656,-3.6770836],[-44.8232268,-3.6769717],[-44.8233656,-3.6768642],[-44.8235402,-3.6767344],[-44.8236879,-3.6766404],[-44.8238804,-3.6764927],[-44.8240013,-3.6763584],[-44.8241848,-3.6761614],[-44.8243997,-3.675951],[-44.8245116,-3.6758637],[-44.8246079,-3.6757719],[-44.8247466,-3.6756152],[-44.8248339,-3.6755212],[-44.8249414,-3.675416],[-44.8250264,-3.6753556],[-44.8251093,-3.6752929],[-44.8252055,-3.6752414],[-44.8252973,-3.6751989],[-44.8254517,-3.6751653],[-44.8255062,-3.675162],[-44.8255636,-3.6751586],[-44.8256845,-3.6751676],[-44.8258322,-3.6751832],[-44.8259419,-3.6752056],[-44.8260628,-3.6752392],[-44.826177,-3.6752705],[-44.8262463,-3.675313],[-44.8263672,-3.6753824],[-44.8264747,-3.6754563],[-44.8265866,-3.675519],[-44.8267589,-3.6756197],[-44.8269648,-3.6757204],[-44.8271641,-3.6757921],[-44.8273879,-3.6758525],[-44.8275893,-3.6758995],[-44.8277729,-3.6759331],[-44.8279811,-3.6759375],[-44.8281937,-3.675942],[-44.828328,-3.6759331],[-44.8285742,-3.6759152],[-44.828807,-3.6759219],[-44.8289726,-3.6758995],[-44.8292435,-3.6758794],[-44.8294517,-3.6758435],[-44.8296083,-3.6758122],[-44.8297382,-3.6757764],[-44.8298792,-3.675754],[-44.8299401,-3.6757489],[-44.8299592,-3.6757486],[-44.8300395,-3.6757476],[-44.8301162,-3.6757471],[-44.8301891,-3.6757471],[-44.8302621,-3.6757474],[-44.8303351,-3.6757478],[-44.8304081,-3.6757486],[-44.8304811,-3.6757495],[-44.8305504,-3.67575],[-44.8306161,-3.67575],[-44.8306781,-3.6757495],[-44.8307365,-3.6757486],[-44.8307952,-3.6757476],[-44.830854,-3.6757466],[-44.8309132,-3.6757457],[-44.8309725,-3.6757447],[-44.8310314,-3.6757427],[-44.8310898,-3.6757398],[-44.8311477,-3.6757359],[-44.8312051,-3.6757311],[-44.8312584,-3.6757255],[-44.8313075,-3.6757191],[-44.8313525,-3.6757121],[-44.8313934,-3.6757043],[-44.8314362,-3.6756946],[-44.831481,-3.6756829],[-44.8315277,-3.6756693],[-44.8315764,-3.6756537],[-44.8316277,-3.6756352],[-44.8316817,-3.6756138],[-44.8317384,-3.6755895],[-44.8317978,-3.6755622],[-44.8318544,-3.675534],[-44.8319084,-3.6755048],[-44.8319598,-3.6754746],[-44.8320084,-3.6754435],[-44.8320581,-3.6754097],[-44.8321087,-3.6753732],[-44.8321602,-3.675334],[-44.8322128,-3.6752922],[-44.8322634,-3.6752523],[-44.8323121,-3.6752143],[-44.8323588,-3.6751783],[-44.8324035,-3.6751442],[-44.8324468,-3.6751114],[-44.8324887,-3.6750798],[-44.8325291,-3.6750494],[-44.832568,-3.6750202],[-44.8326077,-3.6749895],[-44.832648,-3.6749574],[-44.8326788,-3.6749323],[-44.832711,-3.6748845],[-44.8328856,-3.6746629],[-44.8329864,-3.6745051],[-44.8331442,-3.67427],[-44.833302,-3.6740317],[-44.8334698,-3.6738101],[-44.8336209,-3.6735918],[-44.8337384,-3.6734273],[-44.8338593,-3.6732695],[-44.834007,-3.6730949],[-44.8341346,-3.6729539],[-44.834279,-3.6728297],[-44.8344234,-3.6727021],[-44.8345711,-3.6725812],[-44.8346886,-3.6725107],[-44.834833,-3.6724436],[-44.8350076,-3.6723764],[-44.8352258,-3.6723093],[-44.8353903,-3.6722723],[-44.8354052,-3.6722671],[-44.8354176,-3.6722633],[-44.8354794,-3.6722401],[-44.8355405,-3.6722136],[-44.8356018,-3.6721883],[-44.8356648,-3.6721635],[-44.8357295,-3.6721392],[-44.8357959,-3.6721153],[-44.835864,-3.672092],[-44.8359317,-3.6720708],[-44.8359988,-3.6720518],[-44.8360655,-3.6720351],[-44.8361317,-3.6720205],[-44.8361998,-3.6720054],[-44.8362698,-3.6719898],[-44.8363418,-3.6719737],[-44.8364158,-3.6719572],[-44.8364864,-3.6719416],[-44.8365535,-3.671927],[-44.8366172,-3.6719134],[-44.8366776,-3.6719008],[-44.8367455,-3.6718864],[-44.8368209,-3.6718703],[-44.8369038,-3.6718526],[-44.8369943,-3.6718331],[-44.8370817,-3.6718122],[-44.8371659,-3.6717898],[-44.8372469,-3.671766],[-44.8373247,-3.6717407],[-44.8374001,-3.6717129],[-44.8374731,-3.6716828],[-44.8375437,-3.6716502],[-44.8376118,-3.6716151],[-44.8376867,-3.6715718],[-44.8377685,-3.6715203],[-44.837857,-3.6714604],[-44.8379524,-3.6713923],[-44.8380385,-3.671329],[-44.8381154,-3.6712706],[-44.838183,-3.6712171],[-44.8382414,-3.6711685],[-44.838295,-3.6711218],[-44.8383436,-3.671077],[-44.8383874,-3.6710342],[-44.8384263,-3.6709933],[-44.8384633,-3.6709527],[-44.8384983,-3.6709123],[-44.8385314,-3.6708721],[-44.8385626,-3.6708322],[-44.8385952,-3.6707899],[-44.8386292,-3.6707451],[-44.8386647,-3.670698],[-44.8387017,-3.6706483],[-44.8387394,-3.6705975],[-44.8387779,-3.6705454],[-44.838817,-3.6704921],[-44.8388569,-3.6704376],[-44.8388959,-3.6703853],[-44.8389338,-3.6703352],[-44.8389708,-3.6702873],[-44.8390068,-3.6702415],[-44.839044,-3.6701934],[-44.8390825,-3.6701428],[-44.8391221,-3.6700897],[-44.839163,-3.6700343],[-44.8392048,-3.6699773],[-44.8392477,-3.6699189],[-44.8392915,-3.6698591],[-44.8393362,-3.6697978],[-44.8393839,-3.6697338],[-44.8394345,-3.6696671],[-44.839488,-3.6695978],[-44.8395445,-3.6695258],[-44.8396004,-3.6694552],[-44.8396559,-3.6693862],[-44.8397109,-3.6693185],[-44.8397654,-3.6692523],[-44.8398167,-3.6691896],[-44.8398649,-3.6691302],[-44.8399099,-3.6690743],[-44.8399517,-3.6690217],[-44.8399926,-3.6689689],[-44.8400325,-3.6689159],[-44.8400714,-3.6688626],[-44.8401094,-3.6688091],[-44.8401459,-3.6687558],[-44.8401809,-3.6687028],[-44.8402145,-3.66865],[-44.8402466,-3.6685974],[-44.840278,-3.6685461],[-44.8403086,-3.668496],[-44.8403386,-3.6684471],[-44.8403677,-3.6683994],[-44.8403969,-3.6683498],[-44.8404261,-3.6682982],[-44.8404553,-3.6682447],[-44.8404845,-3.6681892],[-44.840512,-3.6681327],[-44.8405378,-3.6680753],[-44.8405619,-3.6680169],[-44.8405843,-3.6679576],[-44.8406067,-3.6678989],[-44.840629,-3.667841],[-44.8406514,-3.6677839],[-44.8406738,-3.6677274],[-44.8406959,-3.6676705],[-44.8407178,-3.6676131],[-44.8407395,-3.6675552],[-44.8407609,-3.6674968],[-44.8407804,-3.6674413],[-44.8407979,-3.6673888],[-44.8408134,-3.6673391],[-44.8408271,-3.6672924],[-44.8408409,-3.6672462],[-44.840855,-3.6672005],[-44.8408694,-3.6671552],[-44.840884,-3.6671105],[-44.8408991,-3.6670686],[-44.8409147,-3.6670297],[-44.8409307,-3.6669937],[-44.8409473,-3.6669606],[-44.840966,-3.6669285],[-44.8409869,-3.6668973],[-44.84101,-3.6668672],[-44.8410353,-3.666838],[-44.8410606,-3.6668112],[-44.8410859,-3.6667869],[-44.8411112,-3.666765],[-44.8411365,-3.6667455],[-44.8411648,-3.6667283],[-44.8411959,-3.6667132],[-44.84123,-3.6667003],[-44.8412669,-3.6666896],[-44.8413034,-3.6666811],[-44.8413394,-3.6666747],[-44.841375,-3.6666706],[-44.84141,-3.6666686],[-44.8414477,-3.6666684],[-44.8414881,-3.6666699],[-44.8415311,-3.666673],[-44.8415769,-3.6666779],[-44.8416246,-3.6666854],[-44.8416742,-3.6666957],[-44.8417258,-3.6667085],[-44.8417793,-3.6667241],[-44.8418318,-3.6667402],[-44.8418834,-3.6667567],[-44.841934,-3.6667737],[-44.8419837,-3.6667913],[-44.8420328,-3.6668093],[-44.8420815,-3.6668278],[-44.8421296,-3.6668467],[-44.8421773,-3.6668662],[-44.8422252,-3.6668869],[-44.8422734,-3.6669088],[-44.8423218,-3.6669319],[-44.8423705,-3.6669562],[-44.8424199,-3.6669815],[-44.84247,-3.6670078],[-44.8425208,-3.667035],[-44.8425724,-3.6670633],[-44.8426235,-3.6670929],[-44.8426741,-3.6671241],[-44.8427242,-3.6671567],[-44.8427738,-3.6671907],[-44.8428201,-3.6672226],[-44.8428629,-3.6672523],[-44.8429023,-3.6672798],[-44.8429383,-3.6673051],[-44.8429821,-3.6673333],[-44.8430337,-3.6673644],[-44.843093,-3.6673985],[-44.8431602,-3.6674355],[-44.8432256,-3.6674708],[-44.8432894,-3.6675043],[-44.8433514,-3.6675362],[-44.8434117,-3.6675664],[-44.8434716,-3.6675946],[-44.843531,-3.6676209],[-44.8435898,-3.6676452],[-44.8436482,-3.6676676],[-44.8437051,-3.6676883],[-44.8437606,-3.6677072],[-44.8438146,-3.6677245],[-44.8438672,-3.6677401],[-44.843919,-3.6677542],[-44.8439701,-3.6677668],[-44.8440204,-3.667778],[-44.8440701,-3.6677878],[-44.8441187,-3.667796],[-44.8441664,-3.6678028],[-44.8442131,-3.6678082],[-44.8442589,-3.6678121],[-44.8443024,-3.667815],[-44.8443438,-3.667817],[-44.8443829,-3.6678179],[-44.8444199,-3.6678179],[-44.8444593,-3.6678172],[-44.8445012,-3.6678157],[-44.8445455,-3.6678136],[-44.8445922,-3.6678106],[-44.8446423,-3.6678067],[-44.8446958,-3.6678019],[-44.8447527,-3.667796],[-44.8448131,-3.6677892],[-44.8448685,-3.6677839],[-44.8449191,-3.66778],[-44.8449649,-3.6677775],[-44.8450058,-3.6677766],[-44.8450505,-3.6677768],[-44.8450992,-3.6677783],[-44.8451517,-3.667781],[-44.8451991,-3.6677842],[-44.8453283,-3.6678079],[-44.845467,-3.6678526],[-44.8456058,-3.6678884],[-44.8457401,-3.6679466],[-44.8458968,-3.6680541],[-44.8460042,-3.6681302],[-44.8460893,-3.6682018],[-44.8461453,-3.6682914],[-44.846246,-3.6685801],[-44.8462661,-3.6688621],[-44.846199,-3.6693053],[-44.8460915,-3.6696276],[-44.8459606,-3.669866],[-44.8459153,-3.6699919],[-44.8458296,-3.6702135],[-44.8457541,-3.6704251],[-44.8456735,-3.6706114],[-44.8455023,-3.6709136],[-44.8453814,-3.6712057],[-44.8452656,-3.6714222],[-44.8451699,-3.6716539],[-44.8451044,-3.6718856],[-44.8450541,-3.6721122],[-44.8449886,-3.6723036],[-44.8449634,-3.6723892],[-44.8449382,-3.672495],[-44.8449231,-3.6725856],[-44.8448979,-3.6726914],[-44.8448929,-3.672782],[-44.8448929,-3.6728777],[-44.844903,-3.6730238],[-44.8449433,-3.6733008],[-44.8449584,-3.6734216],[-44.8450188,-3.6736281],[-44.8450843,-3.6737943],[-44.8451397,-3.6739958],[-44.8451749,-3.6741217],[-44.8451951,-3.6742325],[-44.8452102,-3.6744138],[-44.8452404,-3.6745196],[-44.8452857,-3.6746505],[-44.8453613,-3.6747764],[-44.8454116,-3.6749073],[-44.8454368,-3.6751289],[-44.8454368,-3.6753304],[-44.8454368,-3.6754563],[-44.8454116,-3.6756024],[-44.8454016,-3.6757786],[-44.8453965,-3.6759499],[-44.8453865,-3.6760707],[-44.8453865,-3.6761916],[-44.8453713,-3.6763175],[-44.8453462,-3.6764585],[-44.8453109,-3.6766751],[-44.8452908,-3.6768589],[-44.8452782,-3.6769924],[-44.8452631,-3.6771435],[-44.8452379,-3.6772744],[-44.8452328,-3.6773827],[-44.8452203,-3.6775136],[-44.8451963,-3.677671],[-44.8451787,-3.6777667],[-44.8451712,-3.6778372],[-44.8451686,-3.6779279],[-44.8451837,-3.6780072],[-44.8451863,-3.6780714],[-44.8452064,-3.678186],[-44.8452138,-3.6782052],[-44.8452147,-3.6782221],[-44.8452164,-3.6782472],[-44.8452184,-3.6782699],[-44.8452206,-3.6782899],[-44.845223,-3.6783075],[-44.845226,-3.6783247],[-44.8452297,-3.6783418],[-44.845234,-3.6783585],[-44.8452388,-3.6783751],[-44.8452438,-3.678391],[-44.8452489,-3.6784063],[-44.8452541,-3.6784211],[-44.8452595,-3.6784352],[-44.8452666,-3.6784497],[-44.8452753,-3.6784645],[-44.8452858,-3.6784797],[-44.8452979,-3.6784953],[-44.8453105,-3.6785108],[-44.8453234,-3.6785264],[-44.8453366,-3.678542],[-44.8453502,-3.6785576],[-44.8453648,-3.6785731],[-44.8453804,-3.6785887],[-44.845397,-3.6786043],[-44.8454145,-3.6786198],[-44.8454327,-3.678635],[-44.8454517,-3.6786499],[-44.8454714,-3.6786644],[-44.8454918,-3.6786785],[-44.8455129,-3.6786925],[-44.8455345,-3.6787063],[-44.8455568,-3.6787201],[-44.8455797,-3.6787337],[-44.845603,-3.6787462],[-44.8456269,-3.6787577],[-44.8456512,-3.678768],[-44.845676,-3.6787772],[-44.8457008,-3.6787858],[-44.8457256,-3.6787935],[-44.8457505,-3.6788006],[-44.8457753,-3.6788069],[-44.845803,-3.6788132],[-44.8458337,-3.6788196],[-44.8458672,-3.6788259],[-44.8459037,-3.6788322],[-44.8459407,-3.6788379],[-44.8459782,-3.678843],[-44.8460161,-3.6788475],[-44.8460546,-3.6788514],[-44.8460929,-3.6788546],[-44.8461311,-3.678857],[-44.8461691,-3.6788587],[-44.8462071,-3.6788597],[-44.8462452,-3.6788612],[-44.8462834,-3.6788631],[-44.8463217,-3.6788656],[-44.8463601,-3.6788685],[-44.8463981,-3.6788709],[-44.8464355,-3.6788728],[-44.8464725,-3.6788743],[-44.846509,-3.6788753],[-44.8465488,-3.678876],[-44.8465919,-3.6788765],[-44.8466382,-3.6788767],[-44.8466878,-3.6788767],[-44.8467353,-3.6788767],[-44.8467805,-3.6788767],[-44.8468236,-3.6788767],[-44.8468645,-3.6788767],[-44.8469056,-3.6788767],[-44.8469469,-3.6788767],[-44.8469885,-3.6788767],[-44.8470304,-3.6788767],[-44.8470744,-3.6788775],[-44.8471206,-3.6788789],[-44.8471691,-3.6788811],[-44.8471859,-3.6788821],[-44.8472146,-3.678886],[-44.8472587,-3.6788898],[-44.8473279,-3.6789049],[-44.8473783,-3.6789175],[-44.8474324,-3.6789326],[-44.8474551,-3.6789414],[-44.8475105,-3.6789641],[-44.8475835,-3.6790094],[-44.8476389,-3.6790409],[-44.8477548,-3.6791013],[-44.8478656,-3.6791869],[-44.8479613,-3.6792725],[-44.8480872,-3.6793985],[-44.8481627,-3.6795042],[-44.8482231,-3.6797006],[-44.8482811,-3.6798731],[-44.8483717,-3.6801035],[-44.8484473,-3.6802962],[-44.8485417,-3.6805115],[-44.8486021,-3.680689],[-44.8486626,-3.6808798],[-44.8486852,-3.6810082],[-44.8487154,-3.6812142],[-44.8487146,-3.6812276],[-44.8487126,-3.6812538],[-44.8487099,-3.6812813],[-44.8487066,-3.6813101],[-44.8487027,-3.6813403],[-44.8486988,-3.6813695],[-44.8486949,-3.6813977],[-44.8486911,-3.6814249],[-44.8486872,-3.6814512],[-44.8486824,-3.6814777],[-44.8486768,-3.6815045],[-44.8486704,-3.6815315],[-44.8486631,-3.6815587],[-44.8486547,-3.6815876],[-44.8486452,-3.681618],[-44.8486346,-3.68165],[-44.8486229,-3.6816835],[-44.8486106,-3.6817181],[-44.8485978,-3.6817536],[-44.8485842,-3.6817901],[-44.8485701,-3.6818276],[-44.8485568,-3.6818636],[-44.8485441,-3.6818981],[-44.8485322,-3.6819312],[-44.848521,-3.6819628],[-44.8485099,-3.6819936],[-44.848499,-3.6820235],[-44.8484882,-3.6820526],[-44.8484774,-3.6820808],[-44.8484659,-3.6821105],[-44.8484599,-3.6821227],[-44.8484398,-3.6821585],[-44.848418,-3.6821861],[-44.8484026,-3.6822127],[-44.8483829,-3.6822377],[-44.8483665,-3.6822616],[-44.8483553,-3.6822828],[-44.8483086,-3.6823763],[-44.8482066,-3.682559],[-44.8481471,-3.682661],[-44.8479856,-3.6829415],[-44.8478411,-3.6831752],[-44.8477774,-3.6832899],[-44.8477391,-3.6833791],[-44.8477009,-3.6834811],[-44.8476329,-3.6836299],[-44.8475607,-3.6837786],[-44.8475054,-3.6839273],[-44.8474587,-3.684059],[-44.8473865,-3.6842205],[-44.84731,-3.6844287],[-44.847208,-3.684654],[-44.8471315,-3.6848834],[-44.847106,-3.6850024],[-44.8470762,-3.6851214],[-44.8470592,-3.6852149],[-44.8470338,-3.6853636],[-44.8470168,-3.6854741],[-44.8470168,-3.685729],[-44.847004,-3.6858863],[-44.8469998,-3.6859968],[-44.8469913,-3.686171],[-44.8469998,-3.6862942],[-44.8469998,-3.6864344],[-44.8470253,-3.6865959],[-44.8470508,-3.6867361],[-44.8470762,-3.6868891],[-44.8471102,-3.6870803],[-44.8471995,-3.6872801],[-44.8473057,-3.6874033],[-44.8473463,-3.6874374],[-44.8474119,-3.6874925],[-44.8474799,-3.687569],[-44.8475862,-3.6876285],[-44.8476627,-3.6876795],[-44.8477476,-3.6877092],[-44.8478411,-3.6877347],[-44.8479389,-3.687756],[-44.8480876,-3.6877517],[-44.8481853,-3.687756],[-44.8483766,-3.687739],[-44.848436,-3.6877262],[-44.8485423,-3.6876965],[-44.8486807,-3.6876638],[-44.8487251,-3.6876448],[-44.8487699,-3.6876253],[-44.8488118,-3.6876072],[-44.848851,-3.6875904],[-44.8488874,-3.6875749],[-44.848921,-3.6875608],[-44.8489572,-3.6875464],[-44.8489961,-3.6875315],[-44.8490377,-3.6875163],[-44.849082,-3.6875007],[-44.8491267,-3.6874852],[-44.8491717,-3.6874696],[-44.849217,-3.687454],[-44.8492628,-3.6874385],[-44.8493081,-3.6874239],[-44.8493532,-3.6874102],[-44.8493978,-3.6873976],[-44.8494421,-3.6873859],[-44.8494855,-3.6873745],[-44.8495281,-3.6873633],[-44.8495698,-3.6873523],[-44.8496107,-3.6873416],[-44.849651,-3.6873315],[-44.8496908,-3.6873221],[-44.84973,-3.6873132],[-44.8497687,-3.6873049],[-44.8498054,-3.6872976],[-44.8498402,-3.6872913],[-44.8498731,-3.6872859],[-44.849904,-3.6872815],[-44.8499361,-3.6872771],[-44.8499694,-3.6872726],[-44.8500039,-3.687268],[-44.8500397,-3.6872634],[-44.8500745,-3.6872588],[-44.8501083,-3.6872542],[-44.8501412,-3.6872496],[-44.850173,-3.6872449],[-44.8502056,-3.6872406],[-44.8502388,-3.6872364],[-44.8502727,-3.6872325],[-44.8503072,-3.6872289],[-44.8503396,-3.6872253],[-44.8503697,-3.6872219],[-44.8503977,-3.6872187],[-44.8504235,-3.6872155],[-44.8504503,-3.6872119],[-44.8504782,-3.6872079],[-44.8505071,-3.6872035],[-44.850537,-3.6871986],[-44.8505661,-3.6871937],[-44.8505945,-3.6871889],[-44.850622,-3.687184],[-44.8506488,-3.6871791],[-44.8506745,-3.6871743],[-44.8506992,-3.6871694],[-44.8507229,-3.6871645],[-44.8507455,-3.6871597],[-44.8507681,-3.6871548],[-44.8507907,-3.6871499],[-44.8508134,-3.6871451],[-44.850836,-3.6871402],[-44.8508573,-3.687136],[-44.8508774,-3.6871325],[-44.8508962,-3.6871296],[-44.8509137,-3.6871274],[-44.8509304,-3.6871258],[-44.8509464,-3.6871247],[-44.8509615,-3.6871241],[-44.8509759,-3.6871241],[-44.8509903,-3.6871245],[-44.8510049,-3.6871252],[-44.8510197,-3.6871263],[-44.8510345,-3.6871278],[-44.8510519,-3.6871297],[-44.8510718,-3.6871322],[-44.8510944,-3.6871351],[-44.8511194,-3.6871385],[-44.851142,-3.6871418],[-44.8511622,-3.6871449],[-44.85118,-3.687148],[-44.8511953,-3.6871509],[-44.851211,-3.6871542],[-44.8512271,-3.6871578],[-44.8512435,-3.6871618],[-44.8512603,-3.6871662],[-44.8512769,-3.6871709],[-44.8512933,-3.6871757],[-44.8513095,-3.6871808],[-44.8513256,-3.6871862],[-44.8513403,-3.6871915],[-44.8513535,-3.6871967],[-44.8513654,-3.6872019],[-44.8513758,-3.687207],[-44.851388,-3.6872132],[-44.8514019,-3.6872205],[-44.8514174,-3.6872289],[-44.8514347,-3.6872384],[-44.8514517,-3.6872477],[-44.8514683,-3.687257],[-44.8514847,-3.6872661],[-44.8515008,-3.6872751],[-44.8515169,-3.6872841],[-44.8515331,-3.6872931],[-44.8515493,-3.6873021],[-44.8515656,-3.6873111],[-44.8515819,-3.68732],[-44.8515982,-3.6873289],[-44.8516145,-3.6873377],[-44.8516308,-3.6873465],[-44.8516472,-3.6873553],[-44.8516636,-3.6873642],[-44.8516801,-3.6873731],[-44.8516966,-3.6873821],[-44.8517134,-3.6873908],[-44.8517304,-3.6873992],[-44.8517477,-3.6874073],[-44.8517652,-3.6874151],[-44.8517818,-3.6874225],[-44.8517975,-3.6874296],[-44.8518123,-3.6874363],[-44.8518262,-3.6874426],[-44.8518404,-3.6874497],[-44.851855,-3.6874574],[-44.8518699,-3.687466],[-44.8518853,-3.6874752],[-44.8518989,-3.6874837],[-44.8519108,-3.6874913],[-44.851921,-3.6874982],[-44.8519296,-3.6875043],[-44.8519396,-3.6875117],[-44.8519511,-3.6875205],[-44.8519642,-3.6875306],[-44.8519788,-3.687542],[-44.8519962,-3.6875562],[-44.8520164,-3.6875731],[-44.8520394,-3.6875927],[-44.8520652,-3.6876151],[-44.8520894,-3.6876372],[-44.852112,-3.6876591],[-44.8521331,-3.6876808],[-44.8521525,-3.6877022],[-44.8521716,-3.6877237],[-44.8521904,-3.6877454],[-44.8522087,-3.6877671],[-44.8522267,-3.687789],[-44.8522446,-3.6878111],[-44.8522624,-3.6878332],[-44.85228,-3.6878555],[-44.8522975,-3.6878778],[-44.8523153,-3.6879011],[-44.8523333,-3.6879252],[-44.8523515,-3.6879501],[-44.85237,-3.6879759],[-44.8523877,-3.6880006],[-44.8524044,-3.6880242],[-44.8524204,-3.6880467],[-44.8524355,-3.6880681],[-44.8524502,-3.6880899],[-44.8524645,-3.688112],[-44.8524785,-3.6881345],[-44.8524922,-3.6881574],[-44.8525058,-3.6881812],[-44.8525194,-3.688206],[-44.852533,-3.6882318],[-44.8525466,-3.6882586],[-44.8525595,-3.6882851],[-44.8525717,-3.6883114],[-44.8525831,-3.6883374],[-44.8525938,-3.6883632],[-44.8526046,-3.6883885],[-44.8526153,-3.6884133],[-44.852626,-3.6884376],[-44.8526367,-3.6884615],[-44.8526466,-3.6884833],[-44.8526559,-3.688503],[-44.8526644,-3.6885206],[-44.8526722,-3.6885362],[-44.8526816,-3.6885528],[-44.8526925,-3.6885706],[-44.852705,-3.6885895],[-44.8527191,-3.6886094],[-44.8527346,-3.68863],[-44.8527514,-3.6886511],[-44.8527695,-3.6886729],[-44.852789,-3.6886953],[-44.8528121,-3.6887213],[-44.8528388,-3.688751],[-44.8528692,-3.6887843],[-44.8529033,-3.6888213],[-44.8529366,-3.6888586],[-44.8529692,-3.6888964],[-44.8530011,-3.6889344],[-44.8530322,-3.6889729],[-44.8530614,-3.6890101],[-44.8530887,-3.6890461],[-44.853114,-3.6890809],[-44.8531373,-3.6891145],[-44.8531605,-3.6891483],[-44.8531833,-3.6891823],[-44.853206,-3.6892166],[-44.8532283,-3.6892512],[-44.8532519,-3.6892863],[-44.8532768,-3.6893221],[-44.8533028,-3.6893585],[-44.85333,-3.6893955],[-44.8533558,-3.68943],[-44.8533801,-3.6894621],[-44.853403,-3.6894918],[-44.8534244,-3.689519],[-44.8534436,-3.6895428],[-44.8534605,-3.6895631],[-44.8534752,-3.68958],[-44.8534876,-3.6895934],[-44.8535011,-3.6896083],[-44.8535157,-3.6896249],[-44.8535313,-3.689643],[-44.8535481,-3.6896627],[-44.8535638,-3.6896816],[-44.8535784,-3.6896996],[-44.8535919,-3.6897167],[-44.8536043,-3.689733],[-44.8536165,-3.6897497],[-44.8536284,-3.6897667],[-44.8536401,-3.6897841],[-44.8536515,-3.6898019],[-44.8536631,-3.689819],[-44.8536748,-3.6898356],[-44.8536866,-3.6898515],[-44.8536985,-3.6898668],[-44.8537116,-3.6898825],[-44.853726,-3.6898986],[-44.8537415,-3.689915],[-44.8537583,-3.6899318],[-44.8537743,-3.6899483],[-44.8537895,-3.6899644],[-44.853804,-3.6899803],[-44.8538176,-3.6899959],[-44.8538319,-3.6900137],[-44.8538468,-3.6900338],[-44.8538625,-3.6900561],[-44.8538788,-3.6900807],[-44.8538948,-3.6901041],[-44.8539104,-3.6901264],[-44.8539258,-3.6901475],[-44.8539409,-3.6901674],[-44.8539555,-3.690187],[-44.8539696,-3.6902062],[-44.8539833,-3.6902251],[-44.8539964,-3.6902436],[-44.8540093,-3.6902622],[-44.8540221,-3.6902809],[-44.8540347,-3.6902998],[-44.8540471,-3.6903187],[-44.8540618,-3.690342],[-44.8540787,-3.6903695],[-44.8540978,-3.6904012],[-44.8541193,-3.6904372],[-44.8541438,-3.6904778],[-44.8541716,-3.6905231],[-44.8542025,-3.690573],[-44.8542365,-3.6906275],[-44.8542687,-3.6906801],[-44.8542992,-3.690731],[-44.8543277,-3.69078],[-44.8543545,-3.6908272],[-44.8543797,-3.6908709],[-44.8544033,-3.690911],[-44.8544253,-3.6909476],[-44.8544457,-3.6909807],[-44.8544664,-3.6910126],[-44.8544873,-3.6910432],[-44.8545085,-3.6910727],[-44.8545299,-3.6911009],[-44.8545521,-3.6911296],[-44.8545749,-3.6911588],[-44.8545985,-3.6911885],[-44.8546229,-3.6912186],[-44.8546463,-3.6912476],[-44.854669,-3.6912753],[-44.8546907,-3.6913018],[-44.8547117,-3.6913272],[-44.8547315,-3.6913507],[-44.8547502,-3.6913726],[-44.8547679,-3.6913928],[-44.8547844,-3.6914113],[-44.8548023,-3.6914302],[-44.8548215,-3.6914494],[-44.8548421,-3.691469],[-44.8548639,-3.6914889],[-44.8548871,-3.69151],[-44.8549114,-3.6915321],[-44.8549369,-3.6915554],[-44.8549637,-3.6915797],[-44.8549925,-3.6916058],[-44.8550234,-3.6916338],[-44.8550564,-3.6916636],[-44.8550914,-3.6916952],[-44.8551248,-3.6917255],[-44.8551564,-3.6917545],[-44.8551863,-3.6917821],[-44.8552145,-3.6918084],[-44.8552421,-3.6918339],[-44.8552691,-3.6918587],[-44.8552955,-3.6918828],[-44.8553213,-3.6919062],[-44.8553483,-3.6919301],[-44.8553766,-3.6919547],[-44.855406,-3.6919799],[-44.8554366,-3.6920057],[-44.8554683,-3.6920333],[-44.8555009,-3.6920627],[-44.8555344,-3.692094],[-44.855569,-3.6921271],[-44.8556012,-3.6921582],[-44.8556312,-3.6921874],[-44.8556588,-3.6922147],[-44.8556841,-3.69224],[-44.8557079,-3.6922638],[-44.8557303,-3.6922862],[-44.8557512,-3.6923071],[-44.8557707,-3.6923266],[-44.8557905,-3.6923455],[-44.8558107,-3.692364],[-44.8558313,-3.692382],[-44.8558522,-3.6923996],[-44.8558759,-3.6924184],[-44.8559024,-3.6924386],[-44.8559317,-3.6924601],[-44.8559638,-3.692483],[-44.8559962,-3.692505],[-44.8560288,-3.6925262],[-44.8560616,-3.6925465],[-44.8560947,-3.692566],[-44.8561282,-3.6925848],[-44.856162,-3.6926031],[-44.8561962,-3.6926207],[-44.8562307,-3.6926377],[-44.8562659,-3.6926552],[-44.8563016,-3.6926733],[-44.856338,-3.6926917],[-44.856375,-3.6927107],[-44.8564116,-3.6927305],[-44.8564479,-3.6927512],[-44.8564837,-3.6927728],[-44.8565193,-3.6927951],[-44.8565553,-3.6928172],[-44.8565918,-3.6928388],[-44.8566287,-3.6928601],[-44.8566662,-3.692881],[-44.8567026,-3.6929017],[-44.8567379,-3.6929221],[-44.856772,-3.6929423],[-44.8568051,-3.6929623],[-44.8568368,-3.6929813],[-44.8568669,-3.6929993],[-44.8568956,-3.6930163],[-44.8569229,-3.6930323],[-44.8569532,-3.6930496],[-44.8569865,-3.6930681],[-44.8570229,-3.6930878],[-44.8570623,-3.6931087],[-44.857101,-3.6931295],[-44.8571389,-3.6931502],[-44.8571761,-3.6931708],[-44.8572126,-3.6931912],[-44.8572468,-3.6932104],[-44.8572787,-3.6932284],[-44.8573082,-3.6932452],[-44.8573355,-3.6932608],[-44.8573644,-3.693277],[-44.8573951,-3.6932938],[-44.8574275,-3.6933111],[-44.8574615,-3.6933292],[-44.8574969,-3.6933484],[-44.8575336,-3.6933688],[-44.8575717,-3.6933905],[-44.8576111,-3.6934133],[-44.8576476,-3.6934353],[-44.8576812,-3.6934565],[-44.8577119,-3.6934768],[-44.8577396,-3.6934963],[-44.8577677,-3.6935167],[-44.8577962,-3.6935381],[-44.857825,-3.6935605],[-44.8578542,-3.6935839],[-44.8578813,-3.6936067],[-44.8579064,-3.6936291],[-44.8579294,-3.693651],[-44.8579503,-3.6936724],[-44.8579708,-3.6936947],[-44.857991,-3.6937178],[-44.8580109,-3.6937418],[-44.8580303,-3.6937666],[-44.8580497,-3.6937921],[-44.8580689,-3.6938184],[-44.858088,-3.6938454],[-44.858107,-3.6938731],[-44.8581271,-3.6939029],[-44.8581486,-3.6939348],[-44.8581712,-3.6939688],[-44.858195,-3.6940048],[-44.8582178,-3.6940394],[-44.8582394,-3.6940728],[-44.85826,-3.6941047],[-44.8582794,-3.6941354],[-44.8582977,-3.6941648],[-44.8583147,-3.6941931],[-44.8583305,-3.6942201],[-44.8583451,-3.6942459],[-44.8583592,-3.6942723],[-44.8583729,-3.6942993],[-44.858386,-3.6943269],[-44.8583987,-3.6943551],[-44.8584109,-3.6943834],[-44.8584229,-3.6944119],[-44.8584344,-3.6944405],[-44.8584456,-3.6944692],[-44.8584564,-3.6944975],[-44.8584669,-3.6945255],[-44.858477,-3.6945531],[-44.8584867,-3.6945804],[-44.8584968,-3.6946073],[-44.8585073,-3.6946338],[-44.8585181,-3.6946599],[-44.8585293,-3.6946857],[-44.8585406,-3.6947114],[-44.858552,-3.6947369],[-44.8585636,-3.6947624],[-44.8585753,-3.6947877],[-44.8585866,-3.6948115],[-44.8585975,-3.6948339],[-44.8586081,-3.6948548],[-44.8586183,-3.6948743],[-44.8586295,-3.6948942],[-44.8586417,-3.6949146],[-44.8586548,-3.6949356],[-44.8586689,-3.694957],[-44.858684,-3.694979],[-44.8587001,-3.6950016],[-44.8587171,-3.6950249],[-44.8587351,-3.6950487],[-44.8587528,-3.6950718],[-44.85877,-3.6950942],[-44.8587869,-3.6951158],[-44.8588035,-3.6951368],[-44.8588204,-3.6951576],[-44.8588377,-3.6951782],[-44.8588553,-3.6951988],[-44.8588733,-3.6952192],[-44.8588919,-3.69524],[-44.8589111,-3.6952612],[-44.858931,-3.6952827],[-44.8589514,-3.6953046],[-44.8589732,-3.6953269],[-44.8589963,-3.6953495],[-44.8590207,-3.6953725],[-44.8590465,-3.6953959],[-44.8590732,-3.695419],[-44.8591007,-3.6954418],[-44.859129,-3.6954645],[-44.8591582,-3.6954869],[-44.8591864,-3.695508],[-44.8592137,-3.695528],[-44.8592399,-3.6955467],[-44.8592652,-3.6955642],[-44.8592907,-3.6955814],[-44.8593162,-3.6955982],[-44.8593419,-3.6956146],[-44.8593677,-3.6956306],[-44.8593914,-3.695645],[-44.859413,-3.6956576],[-44.8594326,-3.6956686],[-44.8594501,-3.6956778],[-44.8594686,-3.6956867],[-44.8594881,-3.6956952],[-44.8595085,-3.6957034],[-44.8595299,-3.6957112],[-44.8595516,-3.6957183],[-44.8595735,-3.6957249],[-44.8595956,-3.6957309],[-44.859618,-3.6957362],[-44.8596406,-3.695741],[-44.8596635,-3.6957451],[-44.8596866,-3.6957486],[-44.85971,-3.6957516],[-44.8597327,-3.6957542],[-44.8597549,-3.6957567],[-44.8597764,-3.6957589],[-44.8597973,-3.6957608],[-44.8598207,-3.6957625],[-44.8598464,-3.695764],[-44.8598747,-3.6957652],[-44.8599053,-3.6957661],[-44.8599368,-3.6957672],[-44.8599692,-3.6957685],[-44.8600024,-3.6957698],[-44.8600365,-3.6957713],[-44.8600708,-3.6957727],[-44.8601053,-3.6957742],[-44.8601401,-3.6957756],[-44.8601751,-3.6957771],[-44.8602127,-3.6957789],[-44.8602529,-3.6957811],[-44.8602956,-3.6957837],[-44.8603408,-3.6957866],[-44.8603842,-3.69579],[-44.8604258,-3.6957939],[-44.8604656,-3.6957983],[-44.8605036,-3.6958031],[-44.8605392,-3.6958079],[-44.8605725,-3.6958125],[-44.8606036,-3.695817],[-44.8606323,-3.6958214],[-44.8606629,-3.6958264],[-44.8606955,-3.695832],[-44.8607301,-3.6958382],[-44.8607666,-3.695845],[-44.8608028,-3.6958519],[-44.8608388,-3.695859],[-44.8608746,-3.6958661],[-44.8609101,-3.6958734],[-44.8609445,-3.6958812],[-44.8609778,-3.6958895],[-44.8610101,-3.6958983],[-44.8610412,-3.6959075],[-44.8610731,-3.6959175],[-44.8611057,-3.6959282],[-44.861139,-3.6959396],[-44.8611731,-3.6959518],[-44.8612081,-3.6959647],[-44.8612441,-3.6959783],[-44.8612811,-3.6959926],[-44.8613191,-3.6960077],[-44.8613554,-3.6960226],[-44.8613902,-3.6960372],[-44.8614234,-3.6960515],[-44.8614551,-3.6960656],[-44.861485,-3.6960793],[-44.8615132,-3.6960924],[-44.8615397,-3.696105],[-44.8615645,-3.6961172],[-44.86159,-3.6961294],[-44.861616,-3.6961415],[-44.8616426,-3.6961537],[-44.8616699,-3.6961659],[-44.8616974,-3.6961771],[-44.8617251,-3.6961873],[-44.8617531,-3.6961965],[-44.8617813,-3.6962048],[-44.8618089,-3.6962125],[-44.8618359,-3.6962195],[-44.8618623,-3.696226],[-44.8618881,-3.6962318],[-44.8619134,-3.6962375],[-44.8619382,-3.6962431],[-44.8619626,-3.6962486],[-44.8619864,-3.6962539],[-44.8620123,-3.6962593],[-44.8620403,-3.6962646],[-44.8620703,-3.69627],[-44.8621024,-3.6962753],[-44.8621347,-3.6962798],[-44.862167,-3.6962835],[-44.8621995,-3.6962863],[-44.8622321,-3.6962882],[-44.8622651,-3.6962895],[-44.8622984,-3.6962899],[-44.8623321,-3.6962897],[-44.8623662,-3.6962887],[-44.8623978,-3.6962869],[-44.862427,-3.6962842],[-44.8624537,-3.6962807],[-44.8624781,-3.6962763],[-44.8625024,-3.6962706],[-44.8625267,-3.6962635],[-44.8625511,-3.6962552],[-44.8625754,-3.6962454],[-44.862598,-3.6962353],[-44.8626189,-3.6962249],[-44.8626382,-3.696214],[-44.8626557,-3.6962028],[-44.8626734,-3.6961908],[-44.8626914,-3.6961779],[-44.8627097,-3.6961642],[-44.8627282,-3.6961496],[-44.8627459,-3.6961346],[-44.862763,-3.6961193],[-44.8627793,-3.6961036],[-44.8627948,-3.6960875],[-44.8628102,-3.6960706],[-44.8628252,-3.6960529],[-44.8628401,-3.6960342],[-44.8628547,-3.6960148],[-44.8628677,-3.6959958],[-44.8628791,-3.6959773],[-44.862889,-3.6959593],[-44.8628973,-3.6959418],[-44.8629054,-3.6959229],[-44.8629134,-3.6959028],[-44.8629213,-3.6958812],[-44.8629291,-3.6958584],[-44.8629362,-3.6958361],[-44.8629425,-3.6958144],[-44.8629481,-3.6957934],[-44.862953,-3.695773],[-44.8629575,-3.6957519],[-44.8629616,-3.6957303],[-44.8629654,-3.695708],[-44.8629688,-3.6956851],[-44.8629721,-3.6956621],[-44.8629752,-3.695639],[-44.8629783,-3.6956158],[-44.8629812,-3.6955924],[-44.8629847,-3.6955684],[-44.8629889,-3.6955435],[-44.8629936,-3.695518],[-44.8629989,-3.6954917],[-44.8630049,-3.6954654],[-44.8630115,-3.6954392],[-44.8630187,-3.6954129],[-44.8630264,-3.6953866],[-44.8630352,-3.69536],[-44.8630449,-3.695333],[-44.8630556,-3.6953056],[-44.8630673,-3.6952779],[-44.8630795,-3.6952505],[-44.8630921,-3.6952235],[-44.8631053,-3.6951969],[-44.8631189,-3.6951706],[-44.8631334,-3.6951442],[-44.8631487,-3.6951177],[-44.8631649,-3.695091],[-44.8631819,-3.6950643],[-44.8631994,-3.6950384],[-44.8632174,-3.6950133],[-44.8632359,-3.6949891],[-44.8632549,-3.6949657],[-44.8632753,-3.6949415],[-44.8632972,-3.6949165],[-44.8633206,-3.6948906],[-44.8633454,-3.6948638],[-44.8633703,-3.6948378],[-44.8633954,-3.6948125],[-44.8634206,-3.6947879],[-44.8634459,-3.6947641],[-44.863473,-3.6947396],[-44.8635019,-3.6947145],[-44.8635327,-3.6946889],[-44.8635653,-3.6946626],[-44.8635983,-3.6946357],[-44.8636316,-3.6946082],[-44.8636653,-3.6945801],[-44.8636994,-3.6945514],[-44.8637314,-3.6945243],[-44.8637613,-3.6944987],[-44.8637891,-3.6944748],[-44.8638149,-3.6944524],[-44.8638408,-3.6944293],[-44.8638669,-3.6944054],[-44.863893,-3.6943809],[-44.8639193,-3.6943556],[-44.863944,-3.6943323],[-44.8639671,-3.6943112],[-44.8639886,-3.6942921],[-44.8640086,-3.694275],[-44.864029,-3.694258],[-44.8640499,-3.694241],[-44.8640714,-3.694224],[-44.8640932,-3.6942069],[-44.8641156,-3.6941894],[-44.8641385,-3.6941714],[-44.8641619,-3.6941529],[-44.8641857,-3.6941339],[-44.8642081,-3.6941158],[-44.864229,-3.6940985],[-44.8642485,-3.6940821],[-44.8642665,-3.6940666],[-44.864285,-3.6940507],[-44.8643039,-3.6940345],[-44.8643234,-3.694018],[-44.8643433,-3.6940012],[-44.8643617,-3.6939855],[-44.8643783,-3.6939709],[-44.8643933,-3.6939574],[-44.8644067,-3.693945],[-44.8644217,-3.6939321],[-44.8644384,-3.6939186],[-44.8644567,-3.6939045],[-44.8644767,-3.6938899],[-44.8644981,-3.6938755],[-44.8645211,-3.6938611],[-44.8645456,-3.6938469],[-44.8645717,-3.6938328],[-44.8645984,-3.6938186],[-44.8646259,-3.6938045],[-44.8646541,-3.6937904],[-44.8646831,-3.6937763],[-44.8647122,-3.6937627],[-44.8647415,-3.6937496],[-44.864771,-3.6937369],[-44.8648007,-3.6937247],[-44.8648299,-3.6937133],[-44.8648586,-3.6937026],[-44.8648868,-3.6936926],[-44.8649146,-3.6936834],[-44.8649411,-3.6936749],[-44.8649664,-3.6936673],[-44.8649905,-3.6936604],[-44.8650134,-3.6936543],[-44.8650359,-3.6936485],[-44.865058,-3.6936431],[-44.8650798,-3.6936379],[-44.8651012,-3.693633],[-44.8651233,-3.6936285],[-44.8651462,-3.6936244],[-44.8651698,-3.6936206],[-44.8651941,-3.6936172],[-44.8652167,-3.693614],[-44.8652377,-3.6936111],[-44.8652569,-3.6936084],[-44.8652744,-3.693606],[-44.8652929,-3.6936041],[-44.8653124,-3.6936026],[-44.8653328,-3.6936016],[-44.8653542,-3.6936011],[-44.8653743,-3.693601],[-44.865393,-3.6936013],[-44.8654104,-3.6936019],[-44.8654265,-3.6936028],[-44.8654426,-3.6936043],[-44.8654589,-3.6936063],[-44.8654754,-3.6936087],[-44.8654919,-3.6936116],[-44.8655101,-3.6936155],[-44.8655301,-3.6936204],[-44.8655517,-3.6936262],[-44.8655751,-3.693633],[-44.8655968,-3.6936403],[-44.8656167,-3.6936481],[-44.865635,-3.6936564],[-44.8656515,-3.6936651],[-44.8656668,-3.693674],[-44.8656809,-3.693683],[-44.8656938,-3.6936921],[-44.8657055,-3.6937014],[-44.8657175,-3.6937126],[-44.86573,-3.6937257],[-44.8657427,-3.6937408],[-44.8657559,-3.6937578],[-44.8657685,-3.6937763],[-44.8657807,-3.6937963],[-44.8657924,-3.6938177],[-44.8658036,-3.6938405],[-44.8658138,-3.6938627],[-44.865823,-3.6938841],[-44.8658313,-3.6939048],[-44.8658386,-3.6939247],[-44.8658461,-3.6939467],[-44.8658539,-3.6939708],[-44.8658619,-3.693997],[-44.8658702,-3.6940252],[-44.8658792,-3.6940548],[-44.8658889,-3.6940857],[-44.8658994,-3.6941179],[-44.8659106,-3.6941515],[-44.8659208,-3.6941822],[-44.8659301,-3.6942102],[-44.8659383,-3.6942354],[-44.8659456,-3.6942578],[-44.8659532,-3.694281],[-44.865961,-3.6943051],[-44.865969,-3.69433],[-44.8659773,-3.6943558],[-44.8659847,-3.6943803],[-44.8659912,-3.6944034],[-44.865997,-3.6944252],[-44.8660018,-3.6944456],[-44.8660063,-3.6944691],[-44.8660105,-3.6944956],[-44.8660142,-3.6945251],[-44.8660176,-3.6945577],[-44.8660205,-3.6945902],[-44.8660228,-3.6946224],[-44.8660246,-3.6946545],[-44.8660258,-3.6946863],[-44.8660268,-3.6947142],[-44.8660277,-3.6947382],[-44.8660283,-3.6947582],[-44.8660288,-3.6947743],[-44.8660291,-3.6947898],[-44.8660293,-3.6948047],[-44.8660292,-3.6948192],[-44.866029,-3.694833],[-44.8660288,-3.6948482],[-44.8660287,-3.6948646],[-44.8660286,-3.6948823],[-44.8660286,-3.6949013],[-44.8660281,-3.6949207],[-44.8660271,-3.6949407],[-44.8660257,-3.6949611],[-44.8660237,-3.694982],[-44.8660204,-3.6950044],[-44.8660158,-3.6950283],[-44.8660099,-3.6950536],[-44.8660026,-3.6950803],[-44.865995,-3.6951057],[-44.8659872,-3.6951298],[-44.8659792,-3.6951526],[-44.8659709,-3.695174],[-44.8659627,-3.6951939],[-44.8659546,-3.6952124],[-44.8659465,-3.6952295],[-44.8659385,-3.695245],[-44.8659301,-3.6952592],[-44.8659215,-3.695272],[-44.8659125,-3.6952833],[-44.8659033,-3.6952933],[-44.8658932,-3.6953037],[-44.8658823,-3.6953144],[-44.8658705,-3.6953254],[-44.8658578,-3.6953369],[-44.8658448,-3.6953487],[-44.8658316,-3.695361],[-44.865818,-3.6953737],[-44.8658042,-3.6953869],[-44.8657908,-3.6953998],[-44.8657781,-3.6954126],[-44.8657658,-3.6954252],[-44.8657542,-3.6954376],[-44.8657428,-3.695449],[-44.8657317,-3.6954593],[-44.865721,-3.6954686],[-44.8657105,-3.6954769],[-44.8656972,-3.6954871],[-44.865681,-3.6954993],[-44.865662,-3.6955134],[-44.8656401,-3.6955294],[-44.8656204,-3.6955438],[-44.8656028,-3.6955566],[-44.8655875,-3.6955677],[-44.8655744,-3.6955772],[-44.8655608,-3.695587],[-44.8655466,-3.6955971],[-44.865532,-3.6956075],[-44.865517,-3.6956182],[-44.8655027,-3.6956286],[-44.8654892,-3.6956385],[-44.8654765,-3.6956482],[-44.8654645,-3.6956574],[-44.8654513,-3.6956671],[-44.8654367,-3.6956772],[-44.8654207,-3.6956877],[-44.8654035,-3.6956986],[-44.865387,-3.695709],[-44.8653713,-3.6957189],[-44.8653564,-3.6957282],[-44.8653423,-3.695737],[-44.865327,-3.6957466],[-44.8653104,-3.695757],[-44.8652926,-3.6957683],[-44.8652737,-3.6957805],[-44.8652538,-3.6957933],[-44.8652332,-3.6958067],[-44.8652116,-3.6958206],[-44.8651893,-3.6958352],[-44.865168,-3.6958498],[-44.8651478,-3.6958644],[-44.8651287,-3.695879],[-44.8651107,-3.6958936],[-44.8650938,-3.6959081],[-44.8650779,-3.6959225],[-44.8650632,-3.6959367],[-44.8650496,-3.6959508],[-44.8650368,-3.6959658],[-44.8650249,-3.6959816],[-44.8650138,-3.6959982],[-44.8650036,-3.6960158],[-44.8649941,-3.6960341],[-44.8649854,-3.6960533],[-44.8649774,-3.6960734],[-44.8649701,-3.6960943],[-44.8649641,-3.6961144],[-44.8649595,-3.6961336],[-44.8649562,-3.696152],[-44.8649542,-3.6961695],[-44.8649528,-3.6961858],[-44.8649518,-3.6962009],[-44.8649513,-3.6962148],[-44.8649513,-3.6962274],[-44.8649519,-3.6962418],[-44.8649531,-3.6962578],[-44.864955,-3.6962756],[-44.8649574,-3.6962951],[-44.8649612,-3.6963151],[-44.8649663,-3.6963358],[-44.8649727,-3.6963571],[-44.8649805,-3.696379],[-44.864989,-3.6964015],[-44.8649983,-3.6964246],[-44.8650082,-3.6964483],[-44.865019,-3.6964727],[-44.8650297,-3.6964969],[-44.8650404,-3.6965209],[-44.8650511,-3.6965449],[-44.8650618,-3.6965687],[-44.8650725,-3.6965932],[-44.8650832,-3.6966183],[-44.8650939,-3.6966439],[-44.8651046,-3.6966702],[-44.8651155,-3.6966954],[-44.8651265,-3.6967196],[-44.8651378,-3.6967428],[-44.8651492,-3.696765],[-44.8651601,-3.6967864],[-44.8651703,-3.6968072],[-44.8651799,-3.6968274],[-44.8651889,-3.6968468],[-44.8651976,-3.6968665],[-44.865206,-3.6968863],[-44.8652141,-3.6969063],[-44.8652219,-3.6969265],[-44.865229,-3.6969465],[-44.8652356,-3.6969663],[-44.8652416,-3.696986],[-44.8652469,-3.6970054],[-44.8652523,-3.6970262],[-44.8652576,-3.6970482],[-44.865263,-3.6970715],[-44.8652683,-3.6970961],[-44.8652729,-3.6971196],[-44.8652768,-3.6971421],[-44.86528,-3.6971636],[-44.8652824,-3.697184],[-44.8652842,-3.6972027],[-44.8652853,-3.6972196],[-44.8652857,-3.6972347],[-44.8652855,-3.6972481],[-44.8652846,-3.6972626],[-44.865283,-3.6972782],[-44.8652807,-3.6972948],[-44.8652778,-3.6973126],[-44.8652737,-3.6973299],[-44.8652683,-3.6973468],[-44.8652618,-3.6973633],[-44.865254,-3.6973794],[-44.8652453,-3.6973944],[-44.8652357,-3.6974084],[-44.8652251,-3.6974213],[-44.8652137,-3.6974333],[-44.8652012,-3.6974451],[-44.8651876,-3.6974567],[-44.8651728,-3.6974683],[-44.865157,-3.6974797],[-44.8651401,-3.6974914],[-44.8651221,-3.6975032],[-44.865103,-3.6975151],[-44.8650828,-3.6975273],[-44.8650643,-3.6975382],[-44.8650475,-3.6975478],[-44.8650325,-3.6975561],[-44.8650191,-3.6975632],[-44.8650056,-3.69757],[-44.8649921,-3.6975766],[-44.8649786,-3.6975829],[-44.8649649,-3.697589],[-44.8649499,-3.6975949],[-44.8649333,-3.6976006],[-44.8649153,-3.6976061],[-44.8648959,-3.6976115],[-44.8648769,-3.6976166],[-44.8648586,-3.6976216],[-44.8648407,-3.6976264],[-44.8648235,-3.6976311],[-44.8648061,-3.6976354],[-44.8647886,-3.6976394],[-44.8647709,-3.6976431],[-44.8647532,-3.6976465],[-44.8647359,-3.6976494],[-44.8647191,-3.6976519],[-44.8647028,-3.6976538],[-44.864687,-3.6976553],[-44.8646704,-3.6976557],[-44.864653,-3.6976551],[-44.8646348,-3.6976534],[-44.8646158,-3.6976508],[-44.8645961,-3.6976477],[-44.8645757,-3.6976441],[-44.8645545,-3.6976402],[-44.8645326,-3.6976358],[-44.8645113,-3.6976317],[-44.8644905,-3.6976278],[-44.8644702,-3.6976241],[-44.8644505,-3.6976207],[-44.8644302,-3.697617],[-44.8644093,-3.697613],[-44.8643877,-3.6976087],[-44.8643656,-3.6976041],[-44.8643441,-3.6975999],[-44.8643232,-3.6975961],[-44.8643028,-3.6975927],[-44.8642831,-3.6975898],[-44.8642636,-3.6975871],[-44.8642443,-3.6975847],[-44.8642251,-3.6975825],[-44.8642061,-3.6975806],[-44.8641875,-3.6975792],[-44.8641691,-3.6975785],[-44.864151,-3.6975784],[-44.8641333,-3.6975789],[-44.8641129,-3.697579],[-44.864091,-3.6975788],[-44.8640745,-3.6975757],[-44.8639385,-3.6975417],[-44.8638068,-3.6975078],[-44.8637006,-3.697495],[-44.8635603,-3.6975035],[-44.8634838,-3.6975247],[-44.8634243,-3.6975672],[-44.8633819,-3.6976267],[-44.8633436,-3.6977245],[-44.8633139,-3.6979327],[-44.8632969,-3.6980517],[-44.8633011,-3.6982556],[-44.8633309,-3.6984129],[-44.8633606,-3.6985531],[-44.8634074,-3.6987018],[-44.8634371,-3.6988059],[-44.8634923,-3.6989164],[-44.8635306,-3.699012],[-44.8635667,-3.6990928],[-44.8636177,-3.6992224],[-44.8636687,-3.6993562],[-44.8637069,-3.6994752],[-44.8637431,-3.6995751],[-44.8637515,-3.6996282],[-44.8637452,-3.6997089],[-44.8637388,-3.699762],[-44.8637176,-3.6997982],[-44.8636793,-3.6998322],[-44.8636134,-3.6998343],[-44.8635518,-3.6998322],[-44.8635051,-3.6998258],[-44.8634562,-3.6998173],[-44.8633712,-3.6998045],[-44.8633202,-3.6997939],[-44.8632565,-3.699779],[-44.8631651,-3.6997748],[-44.8630993,-3.6997705],[-44.863071,-3.6997691],[-44.8630164,-3.6997663],[-44.8629335,-3.6997408],[-44.8628804,-3.6997302],[-44.8628167,-3.6997153],[-44.862736,-3.6996792],[-44.862668,-3.6996686],[-44.8626085,-3.6996601],[-44.8625362,-3.6996537],[-44.8624748,-3.6996487],[-44.8624576,-3.6996473],[-44.8623811,-3.6996367],[-44.8623301,-3.6996303],[-44.8623025,-3.6996239],[-44.8622409,-3.6996048],[-44.8621857,-3.6995899],[-44.862124,-3.6995666],[-44.8620688,-3.6995517],[-44.8620008,-3.6995347],[-44.8619328,-3.6995241],[-44.8618415,-3.6995028],[-44.8617628,-3.6994943],[-44.86168,-3.6994795],[-44.8616375,-3.6994731],[-44.8615525,-3.6994688],[-44.8615079,-3.6994667],[-44.8614101,-3.6994667],[-44.861323,-3.6994943],[-44.8612933,-3.6995262],[-44.8612678,-3.6995772],[-44.861255,-3.6996494],[-44.8612657,-3.6997429],[-44.861289,-3.6998067],[-44.8613145,-3.6998725],[-44.8613485,-3.699932],[-44.8613995,-3.6999851],[-44.8614633,-3.7000446],[-44.8615228,-3.7001084],[-44.8615568,-3.700153],[-44.8616077,-3.7002125],[-44.8616842,-3.7002953],[-44.8617713,-3.7003909],[-44.8617984,-3.7004332],[-44.8618101,-3.7004557],[-44.8618195,-3.7004803],[-44.8618245,-3.7005026],[-44.8618291,-3.7005242],[-44.8618334,-3.7005453],[-44.8618373,-3.7005657],[-44.861841,-3.7005865],[-44.8618447,-3.7006077],[-44.8618482,-3.7006292],[-44.8618516,-3.7006511],[-44.861855,-3.7006734],[-44.8618584,-3.700696],[-44.8618618,-3.700719],[-44.8618652,-3.7007423],[-44.8618684,-3.7007641],[-44.8618713,-3.7007843],[-44.861874,-3.7008029],[-44.8618764,-3.7008199],[-44.861879,-3.7008369],[-44.8618817,-3.7008538],[-44.8618845,-3.7008707],[-44.8618874,-3.7008874],[-44.8618903,-3.7009038],[-44.8618933,-3.7009197],[-44.8618963,-3.7009352],[-44.8618994,-3.7009503],[-44.8619024,-3.7009646],[-44.8619055,-3.700978],[-44.8619087,-3.7009907],[-44.8619118,-3.7010025],[-44.8619152,-3.7010143],[-44.8619188,-3.7010261],[-44.8619226,-3.7010379],[-44.8619266,-3.7010497],[-44.861931,-3.701062],[-44.8619358,-3.7010748],[-44.861941,-3.7010882],[-44.8619466,-3.701102],[-44.8619522,-3.7011153],[-44.8619579,-3.701128],[-44.8619636,-3.7011402],[-44.8619693,-3.7011517],[-44.861975,-3.7011632],[-44.8619806,-3.7011746],[-44.8619863,-3.701186],[-44.8619919,-3.7011973],[-44.8619984,-3.7012103],[-44.862006,-3.7012248],[-44.8620145,-3.7012409],[-44.862024,-3.7012587],[-44.8620328,-3.7012754],[-44.8620409,-3.7012911],[-44.8620484,-3.7013058],[-44.8620552,-3.7013194],[-44.8620619,-3.7013327],[-44.8620685,-3.7013456],[-44.8620749,-3.7013581],[-44.8620813,-3.7013702],[-44.8620882,-3.701383],[-44.8620957,-3.7013964],[-44.8621039,-3.7014104],[-44.8621127,-3.701425],[-44.8621211,-3.7014385],[-44.8621291,-3.7014511],[-44.8621367,-3.7014626],[-44.862144,-3.701473],[-44.8621515,-3.7014834],[-44.8621592,-3.7014936],[-44.862167,-3.7015037],[-44.8621751,-3.7015137],[-44.8621836,-3.7015235],[-44.8621928,-3.7015331],[-44.8622024,-3.7015425],[-44.8622126,-3.7015517],[-44.8622231,-3.7015605],[-44.8622338,-3.7015688],[-44.8622448,-3.7015766],[-44.862256,-3.7015838],[-44.8622675,-3.7015909],[-44.8622794,-3.7015977],[-44.8622917,-3.7016043],[-44.8623044,-3.7016106],[-44.8623171,-3.7016168],[-44.8623299,-3.7016227],[-44.8623427,-3.7016285],[-44.8623556,-3.7016341],[-44.8623689,-3.7016394],[-44.8623826,-3.7016445],[-44.8623968,-3.7016494],[-44.8624114,-3.701654],[-44.8624259,-3.7016584],[-44.8624402,-3.7016626],[-44.8624545,-3.7016664],[-44.8624686,-3.7016701],[-44.8624835,-3.7016736],[-44.8624994,-3.701677],[-44.862516,-3.7016803],[-44.8625335,-3.7016835],[-44.8625513,-3.7016869],[-44.8625693,-3.7016907],[-44.8625876,-3.7016948],[-44.862606,-3.7016992],[-44.8626234,-3.7017034],[-44.8626397,-3.7017074],[-44.8626549,-3.7017112],[-44.8626691,-3.7017149],[-44.8626851,-3.7017193],[-44.8627031,-3.7017245],[-44.8627231,-3.7017306],[-44.862745,-3.7017374],[-44.8627656,-3.7017444],[-44.8627851,-3.7017517],[-44.8628033,-3.7017593],[-44.8628204,-3.701767],[-44.8628363,-3.7017749],[-44.8628512,-3.701783],[-44.8628649,-3.7017911],[-44.8628775,-3.7017994],[-44.8628889,-3.7018076],[-44.8628988,-3.7018156],[-44.8629075,-3.7018235],[-44.8629148,-3.7018313],[-44.8629213,-3.7018394],[-44.8629272,-3.7018479],[-44.8629323,-3.7018568],[-44.8629367,-3.7018661],[-44.8629406,-3.7018769],[-44.862944,-3.7018893],[-44.8629469,-3.7019033],[-44.8629493,-3.7019189],[-44.8629511,-3.7019353],[-44.8629524,-3.7019525],[-44.862953,-3.7019707],[-44.862953,-3.7019896],[-44.8629521,-3.7020095],[-44.8629504,-3.7020302],[-44.8629479,-3.7020517],[-44.8629445,-3.7020741],[-44.8629412,-3.702094],[-44.862938,-3.7021115],[-44.862935,-3.7021266],[-44.862932,-3.7021393],[-44.862928,-3.7021533],[-44.8629229,-3.7021686],[-44.8629167,-3.7021853],[-44.8629094,-3.7022033],[-44.8629016,-3.7022208],[-44.8628934,-3.7022378],[-44.8628846,-3.7022543],[-44.8628754,-3.7022704],[-44.862866,-3.7022868],[-44.8628565,-3.7023036],[-44.8628469,-3.7023208],[-44.8628372,-3.7023383],[-44.8628269,-3.7023559],[-44.8628162,-3.7023737],[-44.862805,-3.7023916],[-44.8627934,-3.7024096],[-44.8627799,-3.7024295],[-44.8627645,-3.7024514],[-44.8627474,-3.7024752],[-44.8627284,-3.702501],[-44.8627114,-3.7025238],[-44.8626963,-3.7025435],[-44.8626832,-3.7025602],[-44.862672,-3.7025738],[-44.862659,-3.7025887],[-44.8626443,-3.702605],[-44.8626278,-3.7026227],[-44.8626096,-3.7026417],[-44.862592,-3.70266],[-44.8625751,-3.7026778],[-44.8625588,-3.7026949],[-44.8625433,-3.7027115],[-44.8625282,-3.7027274],[-44.8625136,-3.7027427],[-44.8624995,-3.7027575],[-44.8624859,-3.7027716],[-44.8624722,-3.702786],[-44.8624586,-3.7028009],[-44.862445,-3.7028161],[-44.8624314,-3.7028317],[-44.8624181,-3.7028474],[-44.8624052,-3.7028632],[-44.8623927,-3.7028791],[-44.8623805,-3.7028952],[-44.8623691,-3.7029111],[-44.8623584,-3.7029269],[-44.8623484,-3.7029426],[-44.8623392,-3.7029582],[-44.8623299,-3.702974],[-44.8623207,-3.70299],[-44.8623114,-3.7030063],[-44.8623022,-3.7030229],[-44.862294,-3.7030389],[-44.862287,-3.7030545],[-44.862281,-3.7030696],[-44.8622761,-3.7030842],[-44.8622714,-3.7031001],[-44.8622668,-3.7031174],[-44.8622623,-3.703136],[-44.8622579,-3.703156],[-44.8622543,-3.7031741],[-44.8622515,-3.7031904],[-44.8622495,-3.7032049],[-44.8622483,-3.7032175],[-44.8622474,-3.7032298],[-44.862247,-3.7032417],[-44.8622468,-3.7032533],[-44.8622471,-3.7032645],[-44.8622477,-3.7032761],[-44.8622487,-3.7032881],[-44.86225,-3.7033006],[-44.8622517,-3.7033135],[-44.8622541,-3.7033274],[-44.8622573,-3.7033422],[-44.8622612,-3.703358],[-44.8622658,-3.7033748],[-44.8622708,-3.7033916],[-44.8622761,-3.7034086],[-44.8622819,-3.7034255],[-44.8622879,-3.7034426],[-44.862294,-3.703458],[-44.8622999,-3.7034719],[-44.8623058,-3.7034842],[-44.8623117,-3.7034949],[-44.8623181,-3.7035067],[-44.8623252,-3.7035196],[-44.8623328,-3.7035335],[-44.8623411,-3.7035486],[-44.8623492,-3.7035627],[-44.8623571,-3.7035757],[-44.8623648,-3.7035877],[-44.8623724,-3.7035986],[-44.8623807,-3.7036098],[-44.8623898,-3.7036212],[-44.8623997,-3.7036329],[-44.8624104,-3.7036448],[-44.862422,-3.7036569],[-44.8624344,-3.7036691],[-44.8624477,-3.7036813],[-44.8624618,-3.7036937],[-44.8624777,-3.7037074],[-44.8624955,-3.7037224],[-44.8625151,-3.7037386],[-44.8625365,-3.7037562],[-44.8625564,-3.7037728],[-44.8625747,-3.7037884],[-44.8625916,-3.7038032],[-44.8626069,-3.7038171],[-44.8626216,-3.7038308],[-44.8626357,-3.7038443],[-44.8626492,-3.7038576],[-44.8626621,-3.7038707],[-44.8626748,-3.7038841],[-44.8626872,-3.7038976],[-44.8626993,-3.7039112],[-44.8627113,-3.7039251],[-44.8627228,-3.7039382],[-44.8627338,-3.7039505],[-44.8627445,-3.703962],[-44.8627547,-3.7039727],[-44.8627664,-3.7039846],[-44.8627795,-3.7039977],[-44.8627941,-3.7040121],[-44.8628102,-3.7040277],[-44.8628254,-3.7040425],[-44.8628399,-3.7040566],[-44.8628536,-3.70407],[-44.8628665,-3.7040826],[-44.8628786,-3.704095],[-44.8628899,-3.704107],[-44.8629004,-3.7041188],[-44.8629101,-3.7041302],[-44.8629193,-3.7041417],[-44.862928,-3.7041533],[-44.8629361,-3.7041649],[-44.8629436,-3.7041765],[-44.8629504,-3.7041889],[-44.8629565,-3.7042019],[-44.8629618,-3.7042156],[-44.8629665,-3.7042299],[-44.8629703,-3.7042439],[-44.8629733,-3.7042574],[-44.8629756,-3.7042705],[-44.8629771,-3.7042831],[-44.8629778,-3.7042958],[-44.862978,-3.7043086],[-44.8629774,-3.7043214],[-44.8629762,-3.7043343],[-44.8629741,-3.7043473],[-44.862971,-3.7043603],[-44.8629671,-3.7043734],[-44.8629622,-3.7043865],[-44.862957,-3.704399],[-44.8629516,-3.704411],[-44.8629458,-3.7044223],[-44.8629397,-3.704433],[-44.8629335,-3.7044428],[-44.8629272,-3.7044516],[-44.8629174,-3.7044631],[-44.8629069,-3.7044735],[-44.8628988,-3.7044802],[-44.8628901,-3.7044867],[-44.8628806,-3.7044931],[-44.8628712,-3.7044991],[-44.8628618,-3.7045048],[-44.8628525,-3.7045102],[-44.8628432,-3.7045153],[-44.862833,-3.7045205],[-44.8628218,-3.7045257],[-44.8628097,-3.704531],[-44.8627965,-3.7045364],[-44.8627833,-3.7045411],[-44.8627699,-3.7045452],[-44.8627564,-3.7045488],[-44.8627428,-3.7045517],[-44.8627263,-3.7045543],[-44.8627071,-3.7045564],[-44.8626851,-3.7045583],[-44.8626603,-3.7045597],[-44.862637,-3.7045612],[-44.8626152,-3.7045626],[-44.862595,-3.7045641],[-44.8625762,-3.7045656],[-44.8625574,-3.7045671],[-44.8625386,-3.7045687],[-44.8625197,-3.7045703],[-44.8625007,-3.704572],[-44.8624812,-3.7045737],[-44.8624613,-3.7045754],[-44.8624409,-3.7045771],[-44.8624199,-3.7045788],[-44.8624002,-3.7045806],[-44.8623815,-3.7045824],[-44.8623641,-3.7045843],[-44.8623478,-3.7045862],[-44.8623326,-3.7045886],[-44.8623187,-3.7045912],[-44.8623058,-3.7045943],[-44.8622941,-3.7045977],[-44.8622823,-3.7046017],[-44.8622704,-3.7046063],[-44.8622584,-3.7046115],[-44.8622462,-3.7046174],[-44.8622342,-3.7046242],[-44.8622223,-3.704632],[-44.8622105,-3.7046407],[-44.8621988,-3.7046505],[-44.8621875,-3.7046609],[-44.8621765,-3.7046721],[-44.8621659,-3.704684],[-44.8621557,-3.7046967],[-44.8621459,-3.7047097],[-44.8621364,-3.7047231],[-44.8621273,-3.7047368],[-44.8621185,-3.7047509],[-44.8621108,-3.7047651],[-44.8621043,-3.7047792],[-44.8620988,-3.7047933],[-44.8620944,-3.7048074],[-44.8620908,-3.7048226],[-44.8620878,-3.7048389],[-44.8620857,-3.7048563],[-44.8620842,-3.7048748],[-44.8620832,-3.7048933],[-44.8620827,-3.7049118],[-44.8620827,-3.7049302],[-44.8620832,-3.7049487],[-44.8620841,-3.7049687],[-44.8620853,-3.7049901],[-44.8620869,-3.705013],[-44.8620888,-3.7050373],[-44.8620908,-3.7050619],[-44.8620927,-3.7050867],[-44.8620947,-3.7051117],[-44.8620966,-3.705137],[-44.8620982,-3.7051626],[-44.8620994,-3.7051884],[-44.8621002,-3.7052144],[-44.8621007,-3.7052407],[-44.8621013,-3.7052672],[-44.8621021,-3.705294],[-44.8621029,-3.705321],[-44.8621039,-3.7053482],[-44.8621043,-3.7053735],[-44.862104,-3.7053969],[-44.8621032,-3.7054183],[-44.8621017,-3.7054377],[-44.8621001,-3.7054577],[-44.8620984,-3.7054781],[-44.8620966,-3.7054991],[-44.8620947,-3.7055205],[-44.8620922,-3.7055426],[-44.8620893,-3.7055655],[-44.8620859,-3.7055891],[-44.862082,-3.7056134],[-44.8620779,-3.7056366],[-44.8620735,-3.7056588],[-44.8620689,-3.7056798],[-44.862064,-3.7056998],[-44.8620579,-3.705721],[-44.8620504,-3.7057435],[-44.8620417,-3.7057673],[-44.8620318,-3.7057923],[-44.8620221,-3.7058148],[-44.8620127,-3.7058346],[-44.8620037,-3.7058518],[-44.8619949,-3.7058664],[-44.8619848,-3.7058815],[-44.8619734,-3.7058971],[-44.8619606,-3.7059131],[-44.8619465,-3.7059297],[-44.8619327,-3.7059446],[-44.8619194,-3.705958],[-44.8619064,-3.7059698],[-44.8618937,-3.70598],[-44.8618797,-3.7059902],[-44.8618644,-3.7060005],[-44.8618477,-3.7060107],[-44.8618297,-3.7060209],[-44.8618115,-3.7060304],[-44.861793,-3.7060391],[-44.8617742,-3.7060472],[-44.8617553,-3.7060545],[-44.8617368,-3.7060606],[-44.8617188,-3.7060654],[-44.8617013,-3.7060691],[-44.8616842,-3.7060715],[-44.861665,-3.7060733],[-44.8616436,-3.7060745],[-44.86162,-3.7060752],[-44.8615942,-3.7060752],[-44.8615671,-3.7060745],[-44.8615386,-3.7060733],[-44.8615088,-3.7060715],[-44.8614777,-3.7060691],[-44.861447,-3.7060662],[-44.8614169,-3.7060627],[-44.8613872,-3.7060589],[-44.861358,-3.7060545],[-44.8613284,-3.7060496],[-44.8612985,-3.7060443],[-44.8612682,-3.7060384],[-44.8612376,-3.7060321],[-44.8612088,-3.706026],[-44.8611819,-3.7060202],[-44.8611569,-3.7060146],[-44.8611338,-3.7060092],[-44.8611119,-3.7060041],[-44.8610912,-3.7059992],[-44.8610718,-3.7059946],[-44.8610535,-3.7059902],[-44.8610356,-3.7059864],[-44.8610181,-3.7059831],[-44.861001,-3.7059804],[-44.8609842,-3.7059782],[-44.8609673,-3.7059763],[-44.8609504,-3.7059747],[-44.8609334,-3.7059735],[-44.8609164,-3.7059725],[-44.8608974,-3.7059719],[-44.8608763,-3.7059716],[-44.8608533,-3.7059718],[-44.8608282,-3.7059722],[-44.8608036,-3.705973],[-44.8607794,-3.7059741],[-44.8607556,-3.7059755],[-44.8607323,-3.7059772],[-44.8607091,-3.7059795],[-44.8606863,-3.7059823],[-44.8606636,-3.7059856],[-44.8606413,-3.7059895],[-44.8606199,-3.7059932],[-44.8605996,-3.7059966],[-44.8605803,-3.7059997],[-44.8605621,-3.7060027],[-44.8605445,-3.7060058],[-44.8605276,-3.706009],[-44.8605113,-3.7060125],[-44.8604958,-3.7060162],[-44.860481,-3.7060197],[-44.860467,-3.7060231],[-44.8604538,-3.7060264],[-44.8604414,-3.7060295],[-44.8604278,-3.7060334],[-44.8604131,-3.7060381],[-44.8603972,-3.7060434],[-44.8603802,-3.7060495],[-44.8603635,-3.7060561],[-44.8603471,-3.7060633],[-44.860331,-3.706071],[-44.8603151,-3.7060793],[-44.8602996,-3.7060884],[-44.8602842,-3.7060982],[-44.8602692,-3.7061088],[-44.8602543,-3.7061203],[-44.8602405,-3.7061316],[-44.8602277,-3.7061428],[-44.860216,-3.7061539],[-44.8602053,-3.7061648],[-44.8601956,-3.7061753],[-44.860187,-3.7061854],[-44.8601794,-3.7061951],[-44.8601728,-3.7062043],[-44.8601646,-3.7062176],[-44.8601562,-3.7062342],[-44.8601506,-3.7062489],[-44.8601474,-3.706261],[-44.860147,-3.706275],[-44.8601487,-3.7062896],[-44.8601509,-3.7063015],[-44.8601538,-3.7063139],[-44.8601575,-3.7063268],[-44.8601619,-3.7063402],[-44.860167,-3.7063541],[-44.8601725,-3.7063673],[-44.8601783,-3.70638],[-44.8601845,-3.706392],[-44.8601911,-3.7064035],[-44.8601988,-3.7064153],[-44.8602077,-3.7064274],[-44.8602177,-3.70644],[-44.8602289,-3.7064529],[-44.8602406,-3.7064659],[-44.8602529,-3.706479],[-44.8602658,-3.7064923],[-44.8602791,-3.7065056],[-44.8602925,-3.7065185],[-44.8603059,-3.7065308],[-44.8603193,-3.7065425],[-44.8603327,-3.7065537],[-44.8603465,-3.7065652],[-44.8603607,-3.706577],[-44.8603754,-3.7065891],[-44.8603904,-3.7066015],[-44.8604056,-3.7066137],[-44.8604208,-3.7066258],[-44.8604361,-3.7066376],[-44.8604514,-3.7066493],[-44.8604669,-3.706661],[-44.8604826,-3.7066728],[-44.8604985,-3.7066847],[-44.8605145,-3.7066966],[-44.8605297,-3.7067084],[-44.8605441,-3.7067201],[-44.8605576,-3.7067317],[-44.8605702,-3.7067431],[-44.8605836,-3.7067553],[-44.8605977,-3.7067683],[-44.8606126,-3.7067821],[-44.8606281,-3.7067967],[-44.8606431,-3.7068115],[-44.8606576,-3.7068263],[-44.8606716,-3.7068413],[-44.8606849,-3.7068563],[-44.8606971,-3.7068712],[-44.860708,-3.706886],[-44.8607178,-3.7069005],[-44.8607263,-3.7069149],[-44.8607347,-3.7069294],[-44.860743,-3.7069441],[-44.8607511,-3.706959],[-44.8607591,-3.7069741],[-44.8607674,-3.7069896],[-44.8607759,-3.7070055],[-44.8607847,-3.7070219],[-44.8607937,-3.7070387],[-44.8608022,-3.7070544],[-44.8608102,-3.7070692],[-44.8608178,-3.7070828],[-44.8608248,-3.7070955],[-44.8608318,-3.7071079],[-44.8608386,-3.7071201],[-44.8608453,-3.707132],[-44.8608518,-3.7071437],[-44.8608586,-3.7071553],[-44.8608655,-3.7071668],[-44.8608726,-3.7071783],[-44.8608799,-3.7071898],[-44.8608877,-3.7072016],[-44.8608958,-3.7072139],[-44.8609044,-3.7072266],[-44.8609134,-3.7072398],[-44.8609219,-3.7072525],[-44.8609299,-3.7072648],[-44.8609375,-3.7072766],[-44.8609445,-3.7072881],[-44.8609515,-3.7072999],[-44.8609584,-3.7073122],[-44.8609653,-3.7073249],[-44.8609721,-3.7073381],[-44.8609783,-3.7073508],[-44.8609839,-3.7073632],[-44.8609889,-3.7073753],[-44.8609933,-3.707387],[-44.8609975,-3.7073991],[-44.8610015,-3.7074118],[-44.8610053,-3.7074249],[-44.861009,-3.7074385],[-44.8610122,-3.7074512],[-44.861015,-3.7074629],[-44.8610183,-3.7074784],[-44.8610212,-3.7074933],[-44.861023,-3.7075035],[-44.8610248,-3.7075139],[-44.8610265,-3.7075247],[-44.8610282,-3.7075355],[-44.8610299,-3.7075466],[-44.8610316,-3.7075579],[-44.8610333,-3.7075693],[-44.8610355,-3.7075815],[-44.8610382,-3.7075945],[-44.8610413,-3.7076083],[-44.861045,-3.7076229],[-44.8610482,-3.7076366],[-44.861051,-3.7076494],[-44.8610534,-3.7076613],[-44.8610553,-3.7076722],[-44.8610573,-3.7076863],[-44.8610583,-3.7077012],[-44.8610577,-3.7077155],[-44.8610563,-3.7077329],[-44.8610544,-3.7077474],[-44.8610526,-3.7077575],[-44.8610503,-3.7077679],[-44.8610477,-3.7077786],[-44.8610443,-3.7077897],[-44.8610401,-3.7078011],[-44.8610353,-3.7078129],[-44.8610297,-3.7078251],[-44.861024,-3.7078379],[-44.8610181,-3.7078514],[-44.8610122,-3.7078656],[-44.8610061,-3.7078805],[-44.8610007,-3.707894],[-44.8609961,-3.7079061],[-44.8609906,-3.7079217],[-44.860986,-3.7079364],[-44.8609831,-3.7079469],[-44.8609803,-3.7079578],[-44.8609776,-3.7079693],[-44.8609751,-3.7079808],[-44.8609728,-3.7079923],[-44.8609707,-3.7080039],[-44.8609687,-3.7080156],[-44.8609666,-3.7080282],[-44.8609643,-3.7080417],[-44.8609618,-3.7080561],[-44.8609591,-3.7080714],[-44.8609566,-3.7080874],[-44.8609543,-3.7081039],[-44.8609522,-3.7081211],[-44.8609502,-3.7081388],[-44.8609485,-3.7081559],[-44.8609469,-3.7081722],[-44.8609455,-3.7081877],[-44.8609443,-3.7082026],[-44.8609429,-3.7082189],[-44.8609415,-3.7082366],[-44.8609399,-3.7082558],[-44.8609382,-3.7082765],[-44.8609366,-3.7082972],[-44.860935,-3.7083179],[-44.8609334,-3.7083386],[-44.860932,-3.7083592],[-44.8609307,-3.7083785],[-44.8609294,-3.7083964],[-44.8609283,-3.7084129],[-44.8609274,-3.708428],[-44.8609265,-3.7084438],[-44.8609256,-3.7084603],[-44.8609248,-3.7084776],[-44.8609241,-3.7084956],[-44.8609233,-3.7085132],[-44.8609224,-3.7085305],[-44.8609215,-3.7085474],[-44.8609206,-3.708564],[-44.8609196,-3.7085801],[-44.8609186,-3.7085958],[-44.8609176,-3.708611],[-44.8609167,-3.7086259],[-44.8609159,-3.7086407],[-44.8609153,-3.7086554],[-44.8609148,-3.70867],[-44.8609146,-3.7086846],[-44.8609145,-3.7086987],[-44.8609145,-3.7087122],[-44.8609146,-3.7087251],[-44.8609148,-3.7087376],[-44.8609153,-3.7087501],[-44.8609161,-3.7087629],[-44.860917,-3.7087759],[-44.8609182,-3.708789],[-44.8609196,-3.7088023],[-44.8609212,-3.7088158],[-44.860923,-3.7088295],[-44.8609249,-3.7088434],[-44.8609272,-3.7088571],[-44.8609297,-3.7088708],[-44.8609326,-3.7088843],[-44.8609358,-3.7088976],[-44.860939,-3.7089108],[-44.8609425,-3.7089239],[-44.860946,-3.7089367],[-44.8609496,-3.7089493],[-44.8609534,-3.7089613],[-44.8609573,-3.7089724],[-44.8609613,-3.7089829],[-44.8609654,-3.7089926],[-44.8609719,-3.7090066],[-44.8609809,-3.7090242],[-44.8609909,-3.7090408],[-44.8610023,-3.7090564],[-44.8610122,-3.7090676],[-44.8610197,-3.7090751],[-44.861028,-3.7090824],[-44.861037,-3.7090897],[-44.8610462,-3.7090965],[-44.8610555,-3.7091027],[-44.8610651,-3.7091083],[-44.8610748,-3.7091134],[-44.8610843,-3.709118],[-44.8610937,-3.709122],[-44.8611074,-3.7091269],[-44.8611262,-3.7091324],[-44.8611411,-3.7091361],[-44.8611516,-3.7091382],[-44.8611623,-3.7091401],[-44.8611732,-3.7091415],[-44.8611844,-3.7091426],[-44.8611958,-3.7091434],[-44.8612075,-3.7091435],[-44.8612194,-3.7091432],[-44.8612316,-3.7091423],[-44.861244,-3.7091408],[-44.8612562,-3.7091388],[-44.8612683,-3.7091362],[-44.8612801,-3.7091331],[-44.8612918,-3.7091295],[-44.8613035,-3.7091254],[-44.8613153,-3.7091207],[-44.8613272,-3.7091156],[-44.8613391,-3.70911],[-44.8613512,-3.7091038],[-44.8613635,-3.7090968],[-44.861376,-3.7090892],[-44.8613886,-3.709081],[-44.8614012,-3.7090723],[-44.8614138,-3.7090631],[-44.8614262,-3.7090536],[-44.8614386,-3.7090436],[-44.861452,-3.7090322],[-44.8614662,-3.7090193],[-44.8614813,-3.7090049],[-44.8614974,-3.7089891],[-44.8615131,-3.7089734],[-44.8615284,-3.7089577],[-44.8615434,-3.708942],[-44.861558,-3.7089265],[-44.8615716,-3.7089116],[-44.8615842,-3.7088975],[-44.8615959,-3.7088841],[-44.8616066,-3.7088715],[-44.8616173,-3.7088589],[-44.8616278,-3.7088464],[-44.8616384,-3.7088339],[-44.8616488,-3.7088215],[-44.8616603,-3.7088077],[-44.8616727,-3.7087927],[-44.8616861,-3.7087762],[-44.8617004,-3.7087585],[-44.8617144,-3.7087405],[-44.861728,-3.7087224],[-44.8617413,-3.7087041],[-44.8617542,-3.7086856],[-44.8617668,-3.7086677],[-44.8617791,-3.7086505],[-44.861791,-3.7086338],[-44.8618027,-3.7086177],[-44.861814,-3.7086022],[-44.8618248,-3.7085871],[-44.8618352,-3.7085725],[-44.8618452,-3.7085584],[-44.8618552,-3.7085448],[-44.8618653,-3.7085316],[-44.8618755,-3.708519],[-44.8618857,-3.7085068],[-44.8618964,-3.7084946],[-44.8619077,-3.7084823],[-44.8619196,-3.7084699],[-44.861932,-3.7084575],[-44.8619442,-3.7084462],[-44.861956,-3.7084358],[-44.8619676,-3.7084265],[-44.8619789,-3.7084182],[-44.8619894,-3.7084109],[-44.8619992,-3.7084045],[-44.8620122,-3.7083968],[-44.8620292,-3.708388],[-44.8620427,-3.7083816],[-44.8620522,-3.7083775],[-44.8620664,-3.7083717],[-44.8620852,-3.7083649],[-44.8620992,-3.7083605],[-44.8621134,-3.7083568],[-44.8621276,-3.7083538],[-44.8621406,-3.7083518],[-44.8621557,-3.7083509],[-44.8621701,-3.7083515],[-44.8621814,-3.7083529],[-44.8621933,-3.7083549],[-44.8622088,-3.7083585],[-44.8622204,-3.7083617],[-44.8622314,-3.7083652],[-44.8622452,-3.7083703],[-44.8622595,-3.7083764],[-44.8622752,-3.7083839],[-44.86229,-3.7083922],[-44.8623015,-3.7084004],[-44.8623117,-3.708411],[-44.8623199,-3.7084219],[-44.8623258,-3.7084306],[-44.8623331,-3.7084432],[-44.8623404,-3.7084588],[-44.8623446,-3.7084714],[-44.8623471,-3.7084814],[-44.8623495,-3.7084926],[-44.8623517,-3.708505],[-44.8623536,-3.7085176],[-44.8623552,-3.7085303],[-44.8623564,-3.7085433],[-44.8623574,-3.7085564],[-44.8623579,-3.7085693],[-44.8623579,-3.7085818],[-44.8623574,-3.708594],[-44.8623564,-3.7086059],[-44.862355,-3.708618],[-44.862353,-3.7086303],[-44.8623506,-3.7086428],[-44.8623477,-3.7086554],[-44.8623446,-3.7086677],[-44.8623413,-3.7086797],[-44.8623378,-3.7086912],[-44.8623342,-3.7087024],[-44.8623303,-3.7087151],[-44.8623263,-3.7087293],[-44.8623221,-3.7087451],[-44.8623177,-3.7087624],[-44.8623137,-3.7087789],[-44.8623099,-3.7087947],[-44.8623064,-3.7088098],[-44.8623033,-3.7088242],[-44.8623003,-3.708838],[-44.8622975,-3.7088512],[-44.8622949,-3.7088639],[-44.8622924,-3.7088761],[-44.8622904,-3.7088876],[-44.8622887,-3.7088984],[-44.8622869,-3.7089133],[-44.8622856,-3.7089292],[-44.862285,-3.708942],[-44.8622845,-3.7089564],[-44.8622843,-3.7089724],[-44.8622841,-3.708988],[-44.862284,-3.7090029],[-44.8622839,-3.7090173],[-44.8622839,-3.7090312],[-44.8622841,-3.7090451],[-44.8622843,-3.7090591],[-44.8622847,-3.7090732],[-44.8622851,-3.7090873],[-44.8622856,-3.7091012],[-44.8622861,-3.709115],[-44.8622866,-3.7091285],[-44.8622871,-3.7091419],[-44.8622876,-3.7091547],[-44.8622881,-3.7091668],[-44.8622886,-3.7091784],[-44.862289,-3.7091893],[-44.8622896,-3.709201],[-44.8622904,-3.7092134],[-44.8622912,-3.7092266],[-44.8622922,-3.7092404],[-44.8622932,-3.7092525],[-44.8622943,-3.7092629],[-44.8622961,-3.7092748],[-44.8622993,-3.7092904],[-44.8623029,-3.7093045],[-44.8623058,-3.7093152],[-44.8623091,-3.7093266],[-44.8623128,-3.7093387],[-44.8623168,-3.7093514],[-44.8623212,-3.7093647],[-44.8623259,-3.709378],[-44.862331,-3.7093911],[-44.8623365,-3.7094042],[-44.8623423,-3.7094171],[-44.8623484,-3.7094308],[-44.8623547,-3.7094454],[-44.8623613,-3.7094608],[-44.8623681,-3.7094771],[-44.8623749,-3.7094933],[-44.8623815,-3.7095092],[-44.8623882,-3.7095249],[-44.8623947,-3.7095405],[-44.8624015,-3.709556],[-44.8624084,-3.7095713],[-44.8624155,-3.7095865],[-44.8624228,-3.7096016],[-44.8624309,-3.7096175],[-44.8624396,-3.7096343],[-44.8624491,-3.7096519],[-44.8624593,-3.7096704],[-44.8624694,-3.7096882],[-44.8624794,-3.7097052],[-44.8624893,-3.7097215],[-44.862499,-3.7097371],[-44.8625084,-3.7097526],[-44.8625175,-3.7097681],[-44.8625264,-3.7097834],[-44.8625349,-3.7097988],[-44.8625434,-3.7098146],[-44.8625519,-3.7098309],[-44.8625604,-3.7098477],[-44.8625689,-3.7098649],[-44.8625767,-3.709882],[-44.8625838,-3.7098989],[-44.8625901,-3.7099157],[-44.8625957,-3.7099322],[-44.8626009,-3.7099492],[-44.8626058,-3.7099666],[-44.8626103,-3.7099844],[-44.8626144,-3.7100026],[-44.8626181,-3.7100202],[-44.8626214,-3.7100369],[-44.8626243,-3.710053],[-44.8626267,-3.7100683],[-44.8626293,-3.710085],[-44.8626321,-3.710103],[-44.8626351,-3.7101223],[-44.8626383,-3.710143],[-44.8626411,-3.7101638],[-44.8626437,-3.7101847],[-44.8626459,-3.7102058],[-44.8626479,-3.710227],[-44.8626497,-3.7102476],[-44.8626512,-3.7102676],[-44.8626526,-3.7102872],[-44.8626538,-3.7103061],[-44.8626546,-3.7103251],[-44.862655,-3.7103439],[-44.8626549,-3.7103627],[-44.8626545,-3.7103814],[-44.8626537,-3.7103998],[-44.8626528,-3.7104178],[-44.8626515,-3.7104354],[-44.8626501,-3.7104527],[-44.8626488,-3.710469],[-44.8626477,-3.7104842],[-44.8626468,-3.7104983],[-44.8626461,-3.7105115],[-44.8626452,-3.7105252],[-44.8626442,-3.7105394],[-44.8626431,-3.7105542],[-44.8626419,-3.7105695],[-44.8626403,-3.7105854],[-44.8626384,-3.710602],[-44.8626361,-3.7106191],[-44.8626334,-3.7106369],[-44.8626312,-3.7106526],[-44.8626295,-3.7106664],[-44.8626279,-3.710683],[-44.8626273,-3.7106989],[-44.8626274,-3.7107112],[-44.8626279,-3.7107247],[-44.8626289,-3.7107396],[-44.8626301,-3.7107554],[-44.8626314,-3.7107722],[-44.8626329,-3.7107899],[-44.8626346,-3.7108086],[-44.8626364,-3.7108274],[-44.8626382,-3.7108463],[-44.8626401,-3.7108652],[-44.862642,-3.7108842],[-44.8626439,-3.7109036],[-44.8626458,-3.7109234],[-44.8626475,-3.7109437],[-44.8626492,-3.7109644],[-44.862651,-3.7109839],[-44.8626528,-3.7110022],[-44.8626547,-3.7110195],[-44.8626566,-3.7110355],[-44.8626587,-3.7110518],[-44.8626609,-3.7110682],[-44.8626632,-3.7110848],[-44.8626656,-3.7111016],[-44.862668,-3.7111175],[-44.8626703,-3.7111326],[-44.8626726,-3.7111468],[-44.8626748,-3.7111602],[-44.8626772,-3.7111738],[-44.8626799,-3.7111875],[-44.8626828,-3.7112014],[-44.862686,-3.7112155],[-44.8626894,-3.7112298],[-44.862693,-3.7112443],[-44.8626969,-3.711259],[-44.862701,-3.7112738],[-44.8627053,-3.711289],[-44.8627097,-3.7113044],[-44.8627142,-3.7113202],[-44.8627188,-3.7113362],[-44.8627232,-3.7113512],[-44.8627275,-3.7113652],[-44.8627316,-3.7113782],[-44.8627355,-3.7113901],[-44.8627399,-3.7114038],[-44.8627449,-3.7114192],[-44.8627504,-3.7114364],[-44.8627565,-3.7114554],[-44.8627624,-3.7114739],[-44.8627679,-3.7114917],[-44.8627733,-3.7115091],[-44.8627784,-3.7115259],[-44.8627833,-3.7115425],[-44.8627881,-3.7115589],[-44.8627926,-3.7115751],[-44.862797,-3.7115912],[-44.862801,-3.7116064],[-44.8628047,-3.7116209],[-44.862808,-3.7116346],[-44.8628109,-3.7116475],[-44.862814,-3.7116605],[-44.8628173,-3.7116737],[-44.8628207,-3.7116871],[-44.8628244,-3.7117006],[-44.8628276,-3.7117138],[-44.8628304,-3.7117268],[-44.8628328,-3.7117395],[-44.8628347,-3.7117519],[-44.8628363,-3.7117648],[-44.8628373,-3.7117783],[-44.862838,-3.7117924],[-44.8628383,-3.711807],[-44.8628379,-3.7118212],[-44.8628369,-3.7118351],[-44.8628353,-3.7118486],[-44.8628331,-3.7118617],[-44.8628305,-3.7118741],[-44.8628275,-3.7118858],[-44.862824,-3.7118967],[-44.8628201,-3.711907],[-44.8628156,-3.7119172],[-44.8628105,-3.7119276],[-44.8628048,-3.711938],[-44.8627985,-3.7119484],[-44.8627903,-3.7119591],[-44.8627804,-3.7119701],[-44.8627686,-3.7119813],[-44.8627549,-3.7119927],[-44.8627423,-3.7120028],[-44.8627308,-3.7120114],[-44.8627203,-3.7120186],[-44.8627108,-3.7120245],[-44.8627012,-3.7120297],[-44.8626914,-3.7120343],[-44.8626816,-3.7120383],[-44.8626716,-3.7120417],[-44.8626599,-3.7120449],[-44.8626465,-3.7120478],[-44.8626315,-3.7120505],[-44.8626147,-3.7120529],[-44.862599,-3.7120548],[-44.8625846,-3.712056],[-44.8625713,-3.7120566],[-44.8625591,-3.7120566],[-44.862546,-3.7120563],[-44.862532,-3.7120557],[-44.8625171,-3.7120548],[-44.8625013,-3.7120535],[-44.8624842,-3.7120523],[-44.8624657,-3.7120509],[-44.8624458,-3.7120495],[-44.8624247,-3.7120481],[-44.862403,-3.7120465],[-44.8623809,-3.712045],[-44.8623583,-3.7120433],[-44.8623351,-3.7120416],[-44.8623128,-3.7120396],[-44.8622911,-3.7120373],[-44.8622702,-3.7120347],[-44.86225,-3.7120318],[-44.8622295,-3.7120285],[-44.8622087,-3.7120248],[-44.8621876,-3.7120208],[-44.8621662,-3.7120164],[-44.8621458,-3.7120121],[-44.8621265,-3.7120079],[-44.8621082,-3.7120037],[-44.8620909,-3.7119995],[-44.8620726,-3.7119947],[-44.8620534,-3.7119891],[-44.8620332,-3.7119827],[-44.8620121,-3.7119757],[-44.8619917,-3.7119686],[-44.8619723,-3.7119616],[-44.8619537,-3.7119545],[-44.8619359,-3.7119475],[-44.8619175,-3.71194],[-44.8618986,-3.7119321],[-44.861879,-3.7119238],[-44.8618588,-3.711915],[-44.8618398,-3.7119064],[-44.8618221,-3.711898],[-44.8618055,-3.7118898],[-44.8617902,-3.7118818],[-44.8617751,-3.7118738],[-44.8617603,-3.7118657],[-44.8617457,-3.7118577],[-44.8617313,-3.7118497],[-44.8617168,-3.7118413],[-44.8617021,-3.7118325],[-44.8616872,-3.7118234],[-44.8616721,-3.7118139],[-44.8616577,-3.7118043],[-44.8616439,-3.7117946],[-44.8616308,-3.7117847],[-44.8616184,-3.7117747],[-44.8616052,-3.7117633],[-44.8615911,-3.7117504],[-44.8615761,-3.7117361],[-44.8615603,-3.7117202],[-44.8615452,-3.7117048],[-44.8615308,-3.7116897],[-44.8615172,-3.711675],[-44.8615043,-3.7116606],[-44.8614912,-3.7116463],[-44.8614778,-3.7116321],[-44.8614642,-3.7116179],[-44.8614503,-3.7116038],[-44.8614372,-3.7115908],[-44.8614249,-3.7115789],[-44.8614135,-3.7115681],[-44.8614027,-3.7115583],[-44.8613925,-3.7115494],[-44.8613828,-3.7115412],[-44.8613736,-3.7115337],[-44.8613648,-3.711527],[-44.8613562,-3.7115207],[-44.8613477,-3.7115146],[-44.8613353,-3.7115062],[-44.8613225,-3.7114979],[-44.8613131,-3.711492],[-44.861303,-3.7114857],[-44.8612923,-3.7114791],[-44.861282,-3.7114729],[-44.861272,-3.711467],[-44.8612624,-3.7114614],[-44.8612531,-3.7114562],[-44.8612432,-3.7114506],[-44.8612327,-3.7114446],[-44.8612216,-3.7114382],[-44.8612098,-3.7114313],[-44.8611984,-3.7114249],[-44.8611874,-3.7114188],[-44.8611769,-3.7114131],[-44.8611668,-3.7114077],[-44.8611567,-3.7114024],[-44.8611466,-3.7113969],[-44.8611365,-3.7113915],[-44.8611264,-3.711386],[-44.8611126,-3.7113789],[-44.8610964,-3.7113712],[-44.8610807,-3.7113647],[-44.8610631,-3.7113583],[-44.8610476,-3.7113534],[-44.861035,-3.7113497],[-44.8610207,-3.7113458],[-44.8610048,-3.7113417],[-44.8609903,-3.711338],[-44.8609774,-3.7113349],[-44.8609609,-3.7113311],[-44.860942,-3.7113272],[-44.8609254,-3.7113243],[-44.8609089,-3.7113222],[-44.8608904,-3.7113208],[-44.8608712,-3.7113201],[-44.8608525,-3.7113199],[-44.8608345,-3.7113209],[-44.8608179,-3.7113238],[-44.8608022,-3.7113284],[-44.8607872,-3.7113345],[-44.8607725,-3.7113428],[-44.8607576,-3.7113539],[-44.8607438,-3.7113675],[-44.8607328,-3.7113827],[-44.8607245,-3.7113996],[-44.8607201,-3.7114133],[-44.8607173,-3.711428],[-44.8607147,-3.7114479],[-44.8607134,-3.7114632],[-44.860713,-3.7114734],[-44.8607132,-3.7114885],[-44.8607141,-3.7115035],[-44.8607154,-3.7115141],[-44.8607172,-3.7115254],[-44.8607196,-3.7115374],[-44.8607225,-3.7115501],[-44.8607256,-3.7115633],[-44.8607289,-3.711577],[-44.8607324,-3.7115913],[-44.860736,-3.7116061],[-44.8607397,-3.7116204],[-44.8607435,-3.711634],[-44.8607473,-3.711647],[-44.8607512,-3.7116594],[-44.8607549,-3.7116717],[-44.8607585,-3.7116839],[-44.8607618,-3.7116959],[-44.860765,-3.7117078],[-44.8607682,-3.7117205],[-44.8607715,-3.7117339],[-44.8607748,-3.711748],[-44.8607782,-3.7117628],[-44.8607817,-3.7117779],[-44.8607852,-3.7117932],[-44.8607888,-3.7118088],[-44.8607925,-3.7118246],[-44.8607956,-3.7118398],[-44.8607983,-3.7118544],[-44.8608005,-3.7118684],[-44.8608022,-3.7118818],[-44.8608035,-3.7118956],[-44.8608043,-3.7119098],[-44.8608048,-3.7119245],[-44.8608048,-3.7119396],[-44.8608041,-3.7119551],[-44.8608027,-3.7119712],[-44.8608007,-3.7119877],[-44.8607981,-3.7120048],[-44.860795,-3.7120211],[-44.8607916,-3.7120366],[-44.8607878,-3.7120515],[-44.8607837,-3.7120656],[-44.860779,-3.7120798],[-44.8607738,-3.7120942],[-44.860768,-3.7121086],[-44.8607617,-3.7121232],[-44.8607555,-3.7121368],[-44.8607496,-3.7121493],[-44.8607438,-3.7121608],[-44.8607382,-3.7121713],[-44.8607312,-3.7121825],[-44.8607226,-3.7121946],[-44.8607127,-3.7122074],[-44.8607012,-3.712221],[-44.8606901,-3.7122342],[-44.8606793,-3.7122468],[-44.8606688,-3.712259],[-44.8606585,-3.7122707],[-44.8606483,-3.7122824],[-44.8606379,-3.712294],[-44.8606275,-3.7123057],[-44.8606171,-3.7123174],[-44.860607,-3.7123289],[-44.8605974,-3.7123402],[-44.8605882,-3.7123513],[-44.8605795,-3.7123623],[-44.8605706,-3.7123731],[-44.8605618,-3.7123838],[-44.8605528,-3.7123944],[-44.8605438,-3.7124048],[-44.8605348,-3.7124151],[-44.8605256,-3.7124252],[-44.8605165,-3.7124351],[-44.8605072,-3.7124449],[-44.8604986,-3.7124537],[-44.8604905,-3.7124618],[-44.8604797,-3.7124721],[-44.860469,-3.7124822],[-44.8604612,-3.7124896],[-44.860453,-3.7124975],[-44.8604442,-3.7125061],[-44.8604351,-3.7125152],[-44.8604256,-3.7125249],[-44.8604157,-3.7125352],[-44.8604055,-3.7125462],[-44.8603951,-3.7125571],[-44.8603845,-3.7125681],[-44.8603738,-3.712579],[-44.8603628,-3.71259],[-44.8603513,-3.7126015],[-44.8603393,-3.7126135],[-44.8603267,-3.7126261],[-44.8603136,-3.7126393],[-44.8603015,-3.7126515],[-44.8602904,-3.712663],[-44.8602803,-3.7126736],[-44.8602713,-3.7126833],[-44.8602617,-3.7126939],[-44.8602513,-3.7127053],[-44.8602403,-3.7127176],[-44.8602287,-3.7127307],[-44.8602178,-3.7127433],[-44.8602078,-3.7127552],[-44.8601987,-3.7127665],[-44.8601905,-3.7127772],[-44.8601824,-3.7127879],[-44.8601746,-3.7127986],[-44.8601671,-3.7128093],[-44.8601598,-3.71282],[-44.8601524,-3.7128309],[-44.860145,-3.712842],[-44.8601375,-3.7128532],[-44.86013,-3.7128647],[-44.8601224,-3.7128763],[-44.8601147,-3.7128883],[-44.860107,-3.7129004],[-44.8600992,-3.7129128],[-44.8600914,-3.7129255],[-44.8600835,-3.7129386],[-44.8600755,-3.7129519],[-44.8600675,-3.7129655],[-44.8600594,-3.7129791],[-44.8600514,-3.7129927],[-44.8600434,-3.7130064],[-44.8600354,-3.71302],[-44.8600276,-3.7130336],[-44.86002,-3.7130471],[-44.8600127,-3.7130605],[-44.8600057,-3.7130739],[-44.8599989,-3.7130873],[-44.8599925,-3.7131008],[-44.8599863,-3.7131144],[-44.8599805,-3.713128],[-44.8599748,-3.7131416],[-44.8599694,-3.7131551],[-44.8599641,-3.7131685],[-44.859959,-3.7131819],[-44.8599538,-3.7131958],[-44.8599486,-3.7132101],[-44.8599433,-3.713225],[-44.8599379,-3.7132403],[-44.8599321,-3.7132568],[-44.8599259,-3.7132744],[-44.8599193,-3.7132932],[-44.8599123,-3.7133132],[-44.8599056,-3.7133321],[-44.8598994,-3.71335],[-44.8598936,-3.7133668],[-44.8598883,-3.7133826],[-44.859883,-3.713398],[-44.8598778,-3.713413],[-44.8598726,-3.7134275],[-44.8598675,-3.7134416],[-44.8598626,-3.713455],[-44.859858,-3.7134676],[-44.8598536,-3.7134796],[-44.8598495,-3.7134908],[-44.8598453,-3.7135025],[-44.859841,-3.7135148],[-44.8598367,-3.7135276],[-44.8598323,-3.713541],[-44.8598282,-3.7135538],[-44.8598243,-3.7135659],[-44.8598207,-3.7135775],[-44.8598173,-3.7135884],[-44.8598138,-3.7135994],[-44.8598104,-3.7136103],[-44.859807,-3.7136213],[-44.8598036,-3.7136322],[-44.8598002,-3.7136434],[-44.8597966,-3.7136549],[-44.859793,-3.7136665],[-44.8597894,-3.7136785],[-44.8597856,-3.7136905],[-44.8597817,-3.7137027],[-44.8597777,-3.7137149],[-44.8597736,-3.7137274],[-44.8597694,-3.7137399],[-44.8597653,-3.7137525],[-44.8597612,-3.7137653],[-44.859757,-3.7137782],[-44.8597531,-3.7137918],[-44.8597493,-3.713806],[-44.8597457,-3.7138209],[-44.8597423,-3.7138365],[-44.8597392,-3.7138515],[-44.8597364,-3.7138659],[-44.8597339,-3.7138797],[-44.8597317,-3.713893],[-44.8597296,-3.7139065],[-44.8597275,-3.7139203],[-44.8597255,-3.7139344],[-44.8597236,-3.7139487],[-44.8597219,-3.7139625],[-44.8597204,-3.7139756],[-44.8597192,-3.7139882],[-44.8597182,-3.7140001],[-44.8597174,-3.7140127],[-44.8597167,-3.7140261],[-44.859716,-3.7140402],[-44.8597156,-3.7140551],[-44.8597153,-3.7140704],[-44.8597153,-3.7140864],[-44.8597156,-3.7141029],[-44.859716,-3.7141199],[-44.8597162,-3.7141366],[-44.8597161,-3.714153],[-44.8597157,-3.7141692],[-44.859715,-3.714185],[-44.859714,-3.7142007],[-44.8597128,-3.7142162],[-44.8597113,-3.7142317],[-44.8597096,-3.714247],[-44.859708,-3.7142613],[-44.8597064,-3.7142746],[-44.8597049,-3.7142868],[-44.8597034,-3.714298],[-44.8597019,-3.7143098],[-44.8597003,-3.7143224],[-44.8596987,-3.7143356],[-44.8596969,-3.7143494],[-44.8596951,-3.7143635],[-44.8596932,-3.7143777],[-44.8596911,-3.7143921],[-44.8596889,-3.7144067],[-44.8596866,-3.7144205],[-44.8596842,-3.7144336],[-44.8596816,-3.7144458],[-44.8596789,-3.7144572],[-44.8596757,-3.7144692],[-44.8596718,-3.7144817],[-44.8596673,-3.7144948],[-44.8596622,-3.7145084],[-44.8596574,-3.7145213],[-44.8596529,-3.7145333],[-44.8596487,-3.7145445],[-44.8596448,-3.714555],[-44.8596388,-3.7145695],[-44.8596307,-3.7145867],[-44.8596218,-3.7146036],[-44.8596144,-3.7146174],[-44.859609,-3.7146271],[-44.8596033,-3.7146373],[-44.8595972,-3.7146479],[-44.8595908,-3.7146589],[-44.8595839,-3.7146703],[-44.8595773,-3.7146818],[-44.8595709,-3.7146932],[-44.8595646,-3.7147046],[-44.8595585,-3.7147161],[-44.8595518,-3.7147283],[-44.8595445,-3.7147413],[-44.8595366,-3.7147551],[-44.8595281,-3.7147697],[-44.8595203,-3.7147834],[-44.8595131,-3.7147962],[-44.8595066,-3.714808],[-44.8595007,-3.714819],[-44.8594942,-3.7148301],[-44.8594869,-3.7148414],[-44.8594788,-3.7148529],[-44.8594701,-3.7148646],[-44.8594616,-3.7148755],[-44.8594533,-3.7148856],[-44.8594453,-3.7148949],[-44.8594375,-3.7149034],[-44.8594293,-3.714912],[-44.8594206,-3.7149206],[-44.8594116,-3.7149293],[-44.8594021,-3.7149381],[-44.8593927,-3.7149465],[-44.8593833,-3.7149545],[-44.859374,-3.7149622],[-44.8593647,-3.7149694],[-44.8593517,-3.7149788],[-44.8593358,-3.7149886],[-44.8593229,-3.7149958],[-44.8593122,-3.7150019],[-44.8592999,-3.715009],[-44.859286,-3.715017],[-44.8592722,-3.7150249],[-44.8592585,-3.7150325],[-44.8592448,-3.71504],[-44.8592312,-3.7150473],[-44.8592172,-3.7150548],[-44.859203,-3.7150626],[-44.8591885,-3.7150707],[-44.8591736,-3.7150789],[-44.8591597,-3.715087],[-44.8591467,-3.7150947],[-44.8591346,-3.7151023],[-44.8591234,-3.7151096],[-44.8591125,-3.7151169],[-44.8591017,-3.7151244],[-44.8590913,-3.7151318],[-44.8590811,-3.7151394],[-44.8590709,-3.7151471],[-44.8590606,-3.715155],[-44.8590504,-3.7151631],[-44.8590402,-3.7151714],[-44.8590306,-3.7151795],[-44.8590218,-3.7151876],[-44.8590136,-3.7151955],[-44.859006,-3.7152032],[-44.8589985,-3.715211],[-44.8589911,-3.7152188],[-44.8589838,-3.7152266],[-44.8589765,-3.7152344],[-44.8589668,-3.7152451],[-44.8589558,-3.7152577],[-44.8589459,-3.7152701],[-44.8589384,-3.7152804],[-44.858931,-3.7152914],[-44.8589227,-3.715307],[-44.8589177,-3.7153193],[-44.8589136,-3.7153312],[-44.8589091,-3.7153462],[-44.8589058,-3.7153616],[-44.8589037,-3.7153784],[-44.8589026,-3.7153972],[-44.8589023,-3.7154131],[-44.8589023,-3.7154245],[-44.8589028,-3.7154358],[-44.8589039,-3.7154468],[-44.8589055,-3.7154577],[-44.8589077,-3.7154684],[-44.8589106,-3.7154791],[-44.8589141,-3.7154897],[-44.8589183,-3.7155002],[-44.8589232,-3.7155106],[-44.8589287,-3.715521],[-44.8589349,-3.7155314],[-44.8589418,-3.7155417],[-44.8589493,-3.7155519],[-44.8589569,-3.7155614],[-44.8589644,-3.7155703],[-44.858972,-3.7155785],[-44.8589795,-3.7155861],[-44.8589873,-3.7155931],[-44.8589955,-3.7155997],[-44.8590039,-3.7156058],[-44.8590127,-3.7156114],[-44.8590218,-3.7156173],[-44.8590313,-3.7156235],[-44.8590412,-3.71563],[-44.8590514,-3.7156368],[-44.8590618,-3.7156433],[-44.8590724,-3.7156495],[-44.8590831,-3.7156554],[-44.8590941,-3.715661],[-44.8591047,-3.715666],[-44.8591149,-3.7156704],[-44.8591295,-3.7156757],[-44.8591447,-3.7156806],[-44.8591561,-3.715684],[-44.8591685,-3.7156875],[-44.8591819,-3.7156912],[-44.8591957,-3.7156945],[-44.85921,-3.7156975],[-44.8592246,-3.7157003],[-44.8592397,-3.7157027],[-44.8592551,-3.7157048],[-44.8592708,-3.7157067],[-44.8592868,-3.7157082],[-44.8593031,-3.7157094],[-44.8593202,-3.7157106],[-44.8593382,-3.7157118],[-44.8593571,-3.7157131],[-44.8593768,-3.7157143],[-44.8593975,-3.7157157],[-44.8594191,-3.7157172],[-44.8594417,-3.715719],[-44.8594653,-3.715721],[-44.8594875,-3.7157228],[-44.8595083,-3.7157247],[-44.8595277,-3.7157264],[-44.8595457,-3.7157281],[-44.8595635,-3.7157298],[-44.859581,-3.7157315],[-44.8595983,-3.7157332],[-44.8596153,-3.7157349],[-44.8596327,-3.7157367],[-44.8596503,-3.7157385],[-44.8596682,-3.7157404],[-44.8596865,-3.7157424],[-44.8597057,-3.7157443],[-44.8597259,-3.7157463],[-44.8597471,-3.7157482],[-44.8597692,-3.7157502],[-44.8597916,-3.715752],[-44.8598142,-3.7157537],[-44.8598371,-3.7157553],[-44.8598602,-3.7157567],[-44.8598814,-3.7157579],[-44.8599008,-3.7157587],[-44.8599182,-3.7157593],[-44.8599338,-3.7157595],[-44.8599546,-3.7157599],[-44.8599806,-3.7157606],[-44.8600119,-3.7157613],[-44.8600484,-3.7157623],[-44.8600826,-3.7157629],[-44.8601144,-3.7157632],[-44.860144,-3.715763],[-44.8601712,-3.7157626],[-44.8601964,-3.7157622],[-44.8602195,-3.715762],[-44.8602406,-3.7157618],[-44.8602595,-3.7157618],[-44.8602796,-3.7157624],[-44.8603008,-3.7157637],[-44.860323,-3.7157655],[-44.8603464,-3.7157679],[-44.8603696,-3.7157712],[-44.8603927,-3.7157753],[-44.8604157,-3.7157803],[-44.8604386,-3.7157862],[-44.8604625,-3.7157933],[-44.8604874,-3.7158017],[-44.8605134,-3.7158113],[-44.8605404,-3.7158223],[-44.8605632,-3.7158318],[-44.8605817,-3.7158398],[-44.8605959,-3.7158464],[-44.8606059,-3.7158515],[-44.8606157,-3.715857],[-44.8606253,-3.7158628],[-44.8606347,-3.715869],[-44.8606439,-3.7158756],[-44.8606568,-3.7158847],[-44.8606725,-3.7158956],[-44.8606869,-3.715906],[-44.8607011,-3.7159165],[-44.8607147,-3.7159277],[-44.8607273,-3.7159399],[-44.8607397,-3.7159533],[-44.860749,-3.7159642],[-44.8607584,-3.7159759],[-44.8607695,-3.7159915],[-44.8607793,-3.716007],[-44.8607873,-3.7160218],[-44.8607936,-3.716036],[-44.8607978,-3.7160466],[-44.8608014,-3.7160572],[-44.860805,-3.716071],[-44.8608072,-3.7160844],[-44.860808,-3.7160988],[-44.8608077,-3.7161156],[-44.8608062,-3.716134],[-44.8608037,-3.7161535],[-44.8608009,-3.7161726],[-44.8607979,-3.71619],[-44.8607946,-3.7162067],[-44.8607902,-3.7162235],[-44.860785,-3.7162411],[-44.8607794,-3.7162596],[-44.8607733,-3.7162783],[-44.8607668,-3.7162966],[-44.8607611,-3.7163108],[-44.8607565,-3.7163213],[-44.8607512,-3.7163325],[-44.8607454,-3.7163444],[-44.8607394,-3.7163558],[-44.8607332,-3.7163666],[-44.8607268,-3.7163769],[-44.8607202,-3.7163866],[-44.860713,-3.7163971],[-44.8607051,-3.7164082],[-44.8606965,-3.7164202],[-44.8606872,-3.7164328],[-44.8606779,-3.716445],[-44.8606686,-3.7164568],[-44.8606591,-3.7164682],[-44.8606497,-3.7164792],[-44.8606402,-3.7164897],[-44.8606307,-3.7165],[-44.8606212,-3.7165098],[-44.8606117,-3.7165193],[-44.8606017,-3.7165289],[-44.8605913,-3.7165385],[-44.8605803,-3.7165481],[-44.8605689,-3.7165579],[-44.8605565,-3.7165679],[-44.8605431,-3.7165782],[-44.8605287,-3.7165889],[-44.8605134,-3.7165998],[-44.8604982,-3.7166098],[-44.8604831,-3.7166188],[-44.8604682,-3.7166268],[-44.8604533,-3.7166339],[-44.8604392,-3.7166403],[-44.8604258,-3.7166462],[-44.8604132,-3.7166514],[-44.8604013,-3.716656],[-44.8603885,-3.7166606],[-44.860375,-3.7166651],[-44.8603608,-3.7166695],[-44.8603457,-3.7166739],[-44.8603296,-3.7166784],[-44.8603126,-3.7166829],[-44.8602946,-3.7166874],[-44.8602756,-3.716692],[-44.8602591,-3.7166962],[-44.8602451,-3.7167],[-44.8602291,-3.7167048],[-44.8602106,-3.7167109],[-44.8601962,-3.7167158],[-44.8601862,-3.7167192],[-44.8601757,-3.7167226],[-44.8601648,-3.7167262],[-44.8601534,-3.7167297],[-44.8601414,-3.7167334],[-44.8601292,-3.716737],[-44.8601167,-3.7167407],[-44.8601038,-3.7167443],[-44.8600907,-3.716748],[-44.8600784,-3.7167515],[-44.8600668,-3.7167549],[-44.860056,-3.7167582],[-44.8600461,-3.7167614],[-44.8600364,-3.716765],[-44.8600225,-3.7167712],[-44.8600092,-3.7167783],[-44.859997,-3.7167855],[-44.8599825,-3.7167953],[-44.8599698,-3.7168052],[-44.8599591,-3.7168152],[-44.8599504,-3.7168254],[-44.8599436,-3.7168352],[-44.8599386,-3.7168451],[-44.8599353,-3.7168556],[-44.8599334,-3.7168658],[-44.8599332,-3.7168796],[-44.8599358,-3.7168936],[-44.8599405,-3.7169059],[-44.8599463,-3.7169183],[-44.8599514,-3.7169283],[-44.8599567,-3.7169382],[-44.859962,-3.7169482],[-44.8599675,-3.7169582],[-44.8599731,-3.7169682],[-44.8599789,-3.7169787],[-44.859985,-3.7169899],[-44.8599913,-3.7170017],[-44.8599979,-3.7170141],[-44.860004,-3.7170253],[-44.8600096,-3.7170351],[-44.860017,-3.7170473],[-44.8600262,-3.7170615],[-44.8600355,-3.7170746],[-44.8600455,-3.7170874],[-44.8600574,-3.7171004],[-44.8600686,-3.7171109],[-44.8600785,-3.7171186],[-44.8600901,-3.717127],[-44.8601035,-3.717136],[-44.8601174,-3.717145],[-44.8601319,-3.717154],[-44.8601469,-3.717163],[-44.8601625,-3.717172],[-44.860178,-3.7171807],[-44.8601934,-3.7171891],[-44.8602088,-3.7171972],[-44.8602241,-3.717205],[-44.8602392,-3.7172127],[-44.8602541,-3.7172202],[-44.8602687,-3.7172276],[-44.860283,-3.7172349],[-44.8602965,-3.7172421],[-44.8603092,-3.7172492],[-44.860321,-3.7172561],[-44.8603319,-3.7172629],[-44.8603426,-3.7172701],[-44.8603531,-3.7172776],[-44.8603633,-3.7172855],[-44.8603733,-3.7172938],[-44.8603831,-3.7173024],[-44.8603927,-3.7173113],[-44.8604021,-3.7173204],[-44.8604114,-3.7173299],[-44.8604218,-3.7173406],[-44.8604333,-3.7173524],[-44.860446,-3.7173653],[-44.8604599,-3.7173794],[-44.8604733,-3.7173931],[-44.8604864,-3.7174062],[-44.8604989,-3.7174189],[-44.8605111,-3.717431],[-44.8605228,-3.717443],[-44.860534,-3.7174548],[-44.8605447,-3.7174664],[-44.8605549,-3.7174778],[-44.8605655,-3.7174898],[-44.8605766,-3.7175022],[-44.8605881,-3.7175151],[-44.8606,-3.7175285],[-44.8606109,-3.7175405],[-44.8606199,-3.7175517],[-44.8606251,-3.7175616],[-44.8606325,-3.7175711],[-44.86064,-3.7175849],[-44.8606516,-3.7175977],[-44.8606633,-3.7176094],[-44.8606771,-3.7176232],[-44.8606994,-3.7176487],[-44.8607218,-3.7176731],[-44.8607419,-3.7176975],[-44.8607579,-3.7177241],[-44.8608004,-3.7178102],[-44.8608089,-3.7178303],[-44.860829,-3.7178686],[-44.860846,-3.7178941],[-44.860863,-3.7179196],[-44.8608832,-3.7179483],[-44.8608991,-3.7179702],[-44.860914,-3.7179907],[-44.8609374,-3.7180247],[-44.8609523,-3.7180524],[-44.8609661,-3.7180832],[-44.8609767,-3.718114],[-44.8609873,-3.7181469],[-44.8609922,-3.7181734],[-44.8609948,-3.7181873],[-44.8610043,-3.7182255],[-44.8610086,-3.7182563],[-44.8610128,-3.7182786],[-44.861032,-3.7183169],[-44.8610475,-3.7183362],[-44.8610596,-3.7183488],[-44.8610755,-3.7183626],[-44.8610936,-3.7183774],[-44.8611201,-3.7183923],[-44.8611509,-3.7184072],[-44.8611754,-3.7184199],[-44.8612009,-3.7184295],[-44.8612264,-3.7184369],[-44.8612625,-3.7184401],[-44.8613135,-3.7184422],[-44.8613496,-3.7184391],[-44.8613815,-3.7184359],[-44.8614218,-3.7184295],[-44.8614328,-3.7184267],[-44.8614548,-3.718421],[-44.8614951,-3.7184061],[-44.8615334,-3.7183859],[-44.861561,-3.7183636],[-44.8615865,-3.7183498],[-44.8616035,-3.718341],[-44.8616152,-3.7183349],[-44.8616513,-3.7183148],[-44.8616991,-3.7182946],[-44.8617628,-3.7182638],[-44.8618064,-3.7182457],[-44.8618425,-3.7182266],[-44.8618829,-3.7182032],[-44.8619318,-3.7181767],[-44.8619573,-3.7181607],[-44.8619902,-3.7181459],[-44.8620295,-3.7181235],[-44.8620688,-3.7181023],[-44.862107,-3.718081],[-44.8621697,-3.7180513],[-44.862226,-3.7180216],[-44.8622823,-3.7179865],[-44.8623323,-3.7179653],[-44.8624116,-3.7179309],[-44.8624328,-3.717921],[-44.8624442,-3.7179139],[-44.8624527,-3.7179082],[-44.8624718,-3.7179004],[-44.8624831,-3.7178934],[-44.862498,-3.7178849],[-44.8625072,-3.7178778],[-44.8625221,-3.7178693],[-44.8625376,-3.7178608],[-44.8625518,-3.7178516],[-44.8625639,-3.7178445],[-44.8625752,-3.7178346],[-44.8625844,-3.7178282],[-44.8625957,-3.7178204],[-44.8626063,-3.7178126],[-44.8626233,-3.7178027],[-44.8626389,-3.7177928],[-44.8626481,-3.7177829],[-44.8626602,-3.7177708],[-44.862675,-3.7177595],[-44.8626892,-3.7177496],[-44.8627069,-3.7177333],[-44.8627204,-3.7177234],[-44.8627374,-3.7177092],[-44.8627522,-3.7176986],[-44.8627735,-3.7176866],[-44.862794,-3.7176738],[-44.862816,-3.7176618],[-44.8628351,-3.7176504],[-44.8628563,-3.7176398],[-44.8628797,-3.7176292],[-44.8628988,-3.7176179],[-44.8629201,-3.7176087],[-44.8629357,-3.7176023],[-44.8629789,-3.7175959],[-44.86301,-3.7175952],[-44.8630532,-3.7175966],[-44.863083,-3.7176016],[-44.8631156,-3.7176108],[-44.8631375,-3.7176186],[-44.8631602,-3.7176292],[-44.8631807,-3.7176434],[-44.8632013,-3.7176561],[-44.8632204,-3.7176703],[-44.8632487,-3.7176922],[-44.8632735,-3.7177163],[-44.8632877,-3.7177326],[-44.8633015,-3.7177619],[-44.8633117,-3.7177871],[-44.8633217,-3.7178098],[-44.8633252,-3.7178473],[-44.8633309,-3.717904],[-44.8633394,-3.7179422],[-44.8633535,-3.7179762],[-44.863368,-3.7180155],[-44.8633755,-3.7180354],[-44.8633865,-3.7180552],[-44.8633925,-3.7180669],[-44.8633957,-3.7181051],[-44.8633928,-3.7181278],[-44.8633971,-3.7181582],[-44.8634112,-3.7181837],[-44.8634197,-3.7182007],[-44.8634297,-3.7182305],[-44.8634474,-3.7182709],[-44.8634573,-3.7183048],[-44.8634707,-3.7183466],[-44.8634863,-3.7184019],[-44.8634984,-3.718438],[-44.863509,-3.7184798],[-44.8635211,-3.7185034],[-44.8635324,-3.7185251],[-44.8635412,-3.7185467],[-44.8635483,-3.7185602],[-44.8635554,-3.7185842],[-44.8635596,-3.7186041],[-44.863566,-3.7186324],[-44.8635759,-3.7186607],[-44.8635922,-3.7186965],[-44.8636035,-3.7187135],[-44.8636219,-3.7187362],[-44.8636361,-3.7187532],[-44.8636602,-3.7187829],[-44.86368,-3.7188056],[-44.8636984,-3.7188311],[-44.8637381,-3.7188608],[-44.8637678,-3.7188622],[-44.863799,-3.7188622],[-44.8638387,-3.7188622],[-44.8638797,-3.718858],[-44.8639067,-3.7188551],[-44.8639237,-3.7188494],[-44.8639364,-3.7188452],[-44.8639605,-3.7188325],[-44.8639888,-3.7188141],[-44.864003,-3.7188041],[-44.8640327,-3.7187872],[-44.8640483,-3.7187744],[-44.864071,-3.7187503],[-44.8640823,-3.7187333],[-44.8640887,-3.718724],[-44.864095,-3.7187149],[-44.8641135,-3.7187036],[-44.864129,-3.7186922],[-44.8641474,-3.7186795],[-44.864163,-3.7186568],[-44.8641772,-3.7186384],[-44.8641942,-3.7186214],[-44.8642069,-3.7186044],[-44.8642183,-3.7185903],[-44.8642324,-3.7185718],[-44.864248,-3.718552],[-44.8642693,-3.7185237],[-44.8642863,-3.7184982],[-44.864299,-3.7184741],[-44.8643188,-3.7184401],[-44.8643429,-3.7184118],[-44.8643642,-3.7183778],[-44.8643812,-3.7183537],[-44.8644053,-3.718329],[-44.8644137,-3.7183145],[-44.8644219,-3.7183018],[-44.8644305,-3.7182898],[-44.8644396,-3.7182784],[-44.8644491,-3.7182677],[-44.8644594,-3.7182567],[-44.8644706,-3.7182455],[-44.8644826,-3.7182341],[-44.8644955,-3.7182224],[-44.8645083,-3.7182109],[-44.8645209,-3.7181994],[-44.8645335,-3.7181881],[-44.8645459,-3.7181769],[-44.8645574,-3.718166],[-44.864568,-3.7181553],[-44.8645776,-3.7181448],[-44.8645864,-3.7181346],[-44.8645944,-3.7181249],[-44.8646015,-3.7181158],[-44.8646107,-3.7181032],[-44.8646211,-3.7180863],[-44.8646281,-3.7180726],[-44.8646322,-3.7180628],[-44.8646361,-3.718053],[-44.8646398,-3.718043],[-44.8646432,-3.7180329],[-44.8646464,-3.7180227],[-44.8646497,-3.7180128],[-44.8646532,-3.7180032],[-44.8646589,-3.7179894],[-44.8646653,-3.7179748],[-44.8646704,-3.7179638],[-44.8646762,-3.7179516],[-44.8646825,-3.7179385],[-44.864689,-3.7179249],[-44.8646979,-3.7179067],[-44.864714,-3.7178827],[-44.8647232,-3.7178679],[-44.8647353,-3.7178466],[-44.8647604,-3.7178233],[-44.8647735,-3.7178112],[-44.8647852,-3.7177978],[-44.8648047,-3.7177779],[-44.864821,-3.7177574],[-44.8648337,-3.7177446],[-44.8648507,-3.7177284],[-44.8648684,-3.7177103],[-44.8648858,-3.7176951],[-44.8648985,-3.7176851],[-44.8649063,-3.7176738],[-44.8649155,-3.7176575],[-44.8649212,-3.7176405],[-44.8649297,-3.7176225],[-44.8649506,-3.7175924],[-44.8649598,-3.7175764],[-44.8649754,-3.7175531],[-44.8649849,-3.7175343],[-44.864997,-3.7175152],[-44.865009,-3.7175003],[-44.8650196,-3.7174886],[-44.8650327,-3.7174691],[-44.8650418,-3.7174511],[-44.8650486,-3.7174404],[-44.8650546,-3.7174317],[-44.8650616,-3.7174234],[-44.8650704,-3.7174147],[-44.8650859,-3.7174043],[-44.8651004,-3.7173989],[-44.865115,-3.7173964],[-44.8651286,-3.7173962],[-44.8651399,-3.7173974],[-44.8651519,-3.7173993],[-44.8651633,-3.7174013],[-44.8651795,-3.7174047],[-44.8651942,-3.7174079],[-44.8652079,-3.7174112],[-44.8652218,-3.7174149],[-44.8652359,-3.7174191],[-44.8652466,-3.7174227],[-44.8652572,-3.7174261],[-44.865271,-3.71743],[-44.8652844,-3.7174332],[-44.8652975,-3.7174354],[-44.8653102,-3.7174367],[-44.8653226,-3.7174373],[-44.8653341,-3.7174381],[-44.8653466,-3.7174404],[-44.8653585,-3.717444],[-44.8653681,-3.7174479],[-44.8653781,-3.7174529],[-44.865389,-3.7174591],[-44.8654012,-3.717467],[-44.8654114,-3.7174741],[-44.8654214,-3.7174812],[-44.8654338,-3.7174903],[-44.8654467,-3.7175004],[-44.8654609,-3.7175116],[-44.8655051,-3.7175371],[-44.8655632,-3.7175782],[-44.8656043,-3.7176065],[-44.8656352,-3.7176281],[-44.865651,-3.7176391],[-44.8656893,-3.717666],[-44.8657403,-3.7176944],[-44.8657863,-3.7177099],[-44.8658065,-3.7177163],[-44.8658256,-3.7177259],[-44.8658511,-3.7177461],[-44.8658702,-3.7177705],[-44.8658957,-3.7177917],[-44.865917,-3.7178119],[-44.8659616,-3.7178512],[-44.8659883,-3.7178671],[-44.8660009,-3.7178746],[-44.8660296,-3.7178905],[-44.866054,-3.717915],[-44.8660891,-3.7179373],[-44.8661337,-3.7179617],[-44.8661687,-3.7179883],[-44.8662027,-3.7180223],[-44.8662431,-3.7180478],[-44.8662718,-3.718069],[-44.8663058,-3.7180892],[-44.866344,-3.7181221],[-44.8663823,-3.7181497],[-44.8664131,-3.7181731],[-44.8664651,-3.7182082],[-44.8665161,-3.7182443],[-44.866548,-3.7182751],[-44.8665719,-3.7182928],[-44.8666096,-3.7183165],[-44.8666457,-3.7183399],[-44.8666744,-3.7183612],[-44.8667201,-3.7183898],[-44.8667583,-3.7184153],[-44.8667976,-3.7184483],[-44.8668348,-3.7184812],[-44.8668922,-3.718512],[-44.8669121,-3.7185196],[-44.8669559,-3.7185364],[-44.8669899,-3.7185534],[-44.8670128,-3.7185699],[-44.8670314,-3.7185874],[-44.8670542,-3.7186087],[-44.8670712,-3.718623],[-44.8670862,-3.7186362],[-44.8671047,-3.7186544],[-44.8671275,-3.7186761],[-44.8671509,-3.7186878],[-44.8671748,-3.7187027],[-44.8672013,-3.7187303],[-44.8672247,-3.7187532],[-44.8672433,-3.7187787],[-44.8672582,-3.7187978],[-44.867273,-3.7188238],[-44.8672937,-3.7188493],[-44.8673129,-3.7188759],[-44.8673288,-3.7188966],[-44.8673458,-3.7189258],[-44.8673532,-3.7189529],[-44.8673623,-3.7189794],[-44.8673681,-3.7190055],[-44.867374,-3.7190416],[-44.8673771,-3.719057],[-44.8673835,-3.7190777],[-44.8673862,-3.7190899],[-44.8673915,-3.719108],[-44.8673964,-3.7191194],[-44.867401,-3.7191298],[-44.8674064,-3.7191441],[-44.8674111,-3.7191653],[-44.8674111,-3.7191792],[-44.8674138,-3.7192009],[-44.8674207,-3.7192264],[-44.8674234,-3.7192509],[-44.8674276,-3.7192737],[-44.8674313,-3.7193024],[-44.8674372,-3.7193279],[-44.8674446,-3.7193603],[-44.8674568,-3.7193932],[-44.8674637,-3.7194134],[-44.867468,-3.719432],[-44.8674701,-3.7194559],[-44.8674712,-3.7194769],[-44.8674722,-3.7194936],[-44.8674839,-3.7195255],[-44.8674956,-3.7195457],[-44.8675149,-3.7195679],[-44.8675349,-3.7195945],[-44.8675508,-3.7196179],[-44.8675625,-3.7196413],[-44.8675721,-3.7196593],[-44.8675875,-3.7196917],[-44.8675955,-3.7197082],[-44.867604,-3.7197247],[-44.8676146,-3.7197411],[-44.8676209,-3.7197507],[-44.86763,-3.719765],[-44.8676411,-3.7197815],[-44.8676502,-3.7197937],[-44.8676587,-3.7198054],[-44.8676661,-3.7198155],[-44.8676788,-3.7198309],[-44.86769,-3.7198436],[-44.8677022,-3.7198612],[-44.8677187,-3.7198845],[-44.8677367,-3.7199085],[-44.867749,-3.7199249],[-44.8677644,-3.7199403],[-44.8677755,-3.7199552],[-44.867784,-3.7199717],[-44.8677856,-3.7199818],[-44.8677908,-3.7200021],[-44.8677956,-3.7200145],[-44.8678004,-3.7200285],[-44.8678044,-3.7200416],[-44.8678082,-3.7200548],[-44.8678119,-3.7200682],[-44.8678154,-3.7200823],[-44.867818,-3.7200934],[-44.8678203,-3.720104],[-44.8678232,-3.7201174],[-44.8678251,-3.7201305],[-44.8678254,-3.7201441],[-44.8678248,-3.7201545],[-44.8678236,-3.7201648],[-44.8678211,-3.7201784],[-44.8678176,-3.7201922],[-44.8678129,-3.720206],[-44.8678071,-3.7202199],[-44.867802,-3.7202303],[-44.867797,-3.7202396],[-44.8677908,-3.7202502],[-44.8677844,-3.7202596],[-44.8677768,-3.7202687],[-44.8677682,-3.7202766],[-44.8677592,-3.7202826],[-44.8677495,-3.7202872],[-44.8677388,-3.7202913],[-44.8677268,-3.7202953],[-44.8677129,-3.7202993],[-44.8676984,-3.7203031],[-44.8676838,-3.7203061],[-44.8676688,-3.7203088],[-44.867657,-3.7203109],[-44.8676448,-3.7203129],[-44.8676328,-3.7203151],[-44.867621,-3.7203176],[-44.8676046,-3.7203215],[-44.8675865,-3.7203263],[-44.8675681,-3.7203318],[-44.867551,-3.7203375],[-44.8675348,-3.720343],[-44.8675195,-3.7203478],[-44.8675047,-3.7203518],[-44.8674904,-3.7203553],[-44.8674757,-3.7203581],[-44.8674598,-3.7203604],[-44.8674434,-3.7203626],[-44.8674276,-3.7203653],[-44.8674114,-3.7203685],[-44.867394,-3.7203723],[-44.8673766,-3.7203758],[-44.8673602,-3.7203782],[-44.8673437,-3.7203797],[-44.8673305,-3.7203808],[-44.8673167,-3.7203816],[-44.867299,-3.7203821],[-44.8672861,-3.720382],[-44.8672738,-3.7203819],[-44.8672578,-3.7203818],[-44.8672424,-3.720382],[-44.8672277,-3.7203825],[-44.8672127,-3.7203836],[-44.8671972,-3.7203852],[-44.8671827,-3.7203876],[-44.8671707,-3.7203911],[-44.8671592,-3.720396],[-44.8671461,-3.720403],[-44.8671322,-3.7204111],[-44.8671179,-3.7204195],[-44.8671043,-3.720427],[-44.8670924,-3.7204326],[-44.8670803,-3.7204372],[-44.8670665,-3.7204414],[-44.8670507,-3.720445],[-44.8670323,-3.7204475],[-44.8670134,-3.720449],[-44.8669962,-3.7204497],[-44.8669805,-3.7204502],[-44.8669656,-3.7204512],[-44.8669512,-3.7204528],[-44.8669364,-3.7204555],[-44.8669213,-3.7204589],[-44.8669055,-3.7204628],[-44.8668892,-3.7204673],[-44.8668722,-3.7204726],[-44.866854,-3.7204784],[-44.8668392,-3.7204833],[-44.8668288,-3.7204867],[-44.8668184,-3.72049],[-44.8668083,-3.7204932],[-44.8667983,-3.7204964],[-44.8667884,-3.7204994],[-44.8667752,-3.7205031],[-44.8667604,-3.7205065],[-44.8667474,-3.720509],[-44.8667347,-3.7205112],[-44.8667186,-3.720514],[-44.8667029,-3.7205166],[-44.8666873,-3.7205193],[-44.8666691,-3.7205235],[-44.8666547,-3.7205284],[-44.8666406,-3.7205346],[-44.866624,-3.7205426],[-44.8666066,-3.7205514],[-44.8665926,-3.7205585],[-44.8665824,-3.7205635],[-44.8665716,-3.7205687],[-44.86656,-3.7205741],[-44.8665411,-3.7205899],[-44.8665177,-3.7206038],[-44.8664922,-3.7206208],[-44.8664593,-3.7206431],[-44.8664391,-3.7206707],[-44.8664253,-3.7207015],[-44.8664242,-3.7207408],[-44.8664263,-3.7207748],[-44.8664306,-3.7207865],[-44.8664423,-3.720812],[-44.8664593,-3.7208258],[-44.8664869,-3.7208428],[-44.8665071,-3.7208545],[-44.8665315,-3.7208651],[-44.8665528,-3.7208704],[-44.8665761,-3.7208704],[-44.8666208,-3.7208651],[-44.8666505,-3.7208587],[-44.8666887,-3.7208513],[-44.8667259,-3.7208385],[-44.8667472,-3.7208311],[-44.8667769,-3.7208173],[-44.8668045,-3.7208003],[-44.8668247,-3.7207897],[-44.8668587,-3.7207695],[-44.8668778,-3.7207535],[-44.8668938,-3.7207408],[-44.8669161,-3.720727],[-44.8669299,-3.7207195],[-44.8669596,-3.7207068],[-44.866982,-3.7206994],[-44.8670021,-3.7206951],[-44.8670436,-3.7206898],[-44.8670644,-3.7206898],[-44.8670861,-3.7206898],[-44.8671116,-3.7206919],[-44.8671339,-3.7207004],[-44.8671636,-3.7207164],[-44.8672019,-3.7207504],[-44.8672263,-3.7207727],[-44.867255,-3.720813],[-44.8672815,-3.7208492],[-44.8673134,-3.720914],[-44.8673336,-3.7209501],[-44.8673495,-3.7209904],[-44.8673559,-3.7210542],[-44.8673629,-3.7210815],[-44.8673676,-3.7210999],[-44.8673676,-3.7211392],[-44.8673644,-3.7211774],[-44.8673697,-3.7212327],[-44.867375,-3.72129],[-44.8673782,-3.7213198],[-44.8673761,-3.7213506],[-44.867375,-3.7214037],[-44.8673676,-3.7214462],[-44.8673601,-3.7214951],[-44.8673591,-3.7215195],[-44.8673591,-3.7215545],[-44.8673623,-3.7215832],[-44.8673601,-3.721614],[-44.8673559,-3.7216544],[-44.867358,-3.7217118],[-44.8673745,-3.7217638],[-44.8673846,-3.7217973],[-44.8673931,-3.7218138],[-44.8673984,-3.7218334],[-44.8674037,-3.7218621],[-44.8674064,-3.7218812],[-44.8674122,-3.7219067],[-44.8674159,-3.7219242],[-44.8674202,-3.7219423],[-44.8674271,-3.7219705],[-44.8674345,-3.7220023],[-44.867443,-3.7220299],[-44.8674515,-3.7220533],[-44.86746,-3.7220756],[-44.8674637,-3.7220932],[-44.8674648,-3.7221213],[-44.8674669,-3.7221452],[-44.8674728,-3.7221781],[-44.8674781,-3.722201],[-44.8674842,-3.7222214],[-44.8674903,-3.7222424],[-44.8674969,-3.7222738],[-44.8675001,-3.7222985],[-44.8675034,-3.7223186],[-44.8675067,-3.7223374],[-44.8675097,-3.7223505],[-44.8675127,-3.7223621],[-44.867518,-3.7223801],[-44.8675233,-3.7223971],[-44.8675281,-3.7224178],[-44.8675366,-3.7224401],[-44.8675425,-3.7224577],[-44.8675472,-3.7224826],[-44.867552,-3.7225023],[-44.8675573,-3.722523],[-44.8675743,-3.7225586],[-44.8675828,-3.722583],[-44.8675908,-3.7226112],[-44.8675961,-3.7226383],[-44.8676041,-3.7226616],[-44.8676192,-3.7226964],[-44.8676218,-3.7227139],[-44.8676239,-3.7227249],[-44.8676277,-3.7227398],[-44.8676325,-3.7227564],[-44.8676347,-3.7227672],[-44.8676407,-3.7227845],[-44.8676482,-3.7228068],[-44.8676535,-3.7228309],[-44.8676563,-3.7228497],[-44.867657,-3.7228702],[-44.8676563,-3.7228865],[-44.8676556,-3.7229028],[-44.8676528,-3.7229283],[-44.8676499,-3.7229595],[-44.867645,-3.7229913],[-44.8676372,-3.7230246],[-44.8676266,-3.7230636],[-44.8676167,-3.7230883],[-44.867606,-3.7231089],[-44.8675912,-3.7231393],[-44.8675827,-3.7231535],[-44.8675628,-3.7231748],[-44.8675472,-3.7231932],[-44.8675274,-3.7232052],[-44.867509,-3.7232109],[-44.8674901,-3.7232106],[-44.8674703,-3.7232116],[-44.8674278,-3.7232116],[-44.8674023,-3.7232097],[-44.8673655,-3.7232087],[-44.8673258,-3.7232059],[-44.8672909,-3.7232002],[-44.8672531,-3.7231861],[-44.8672219,-3.7231748],[-44.8672021,-3.7231663],[-44.8671785,-3.7231606],[-44.8671454,-3.7231511],[-44.8671209,-3.7231408],[-44.867102,-3.7231332],[-44.8670831,-3.7231256],[-44.8670614,-3.7231162],[-44.8670397,-3.7231049],[-44.8670076,-3.7230888],[-44.8669726,-3.7230737],[-44.8669434,-3.7230624],[-44.866915,-3.7230501],[-44.8668848,-3.7230369],[-44.866847,-3.7230208],[-44.8668225,-3.7230104],[-44.8667894,-3.7230019],[-44.8667687,-3.7229953],[-44.8667271,-3.7229755],[-44.8666837,-3.7229613],[-44.8666497,-3.7229519],[-44.8666195,-3.7229453],[-44.8665902,-3.7229368],[-44.8665652,-3.7229292],[-44.8665354,-3.7229217],[-44.8665161,-3.7229165],[-44.8664882,-3.7229146],[-44.8664632,-3.7229141],[-44.8664358,-3.7229118],[-44.8664051,-3.7229085],[-44.8663829,-3.7229066],[-44.8663598,-3.7229061],[-44.8663456,-3.7229052],[-44.8663187,-3.7229075],[-44.866288,-3.7229113],[-44.8662592,-3.7229151],[-44.8662177,-3.7229259],[-44.8661785,-3.7229358],[-44.8661601,-3.722941],[-44.8661308,-3.72295],[-44.8661124,-3.7229552],[-44.8660907,-3.7229623],[-44.8660548,-3.722975],[-44.8660345,-3.7229835],[-44.8660156,-3.7229925],[-44.8660007,-3.7230012],[-44.8659917,-3.7230097],[-44.8659788,-3.7230281],[-44.8659667,-3.7230433],[-44.8659568,-3.7230536],[-44.8659398,-3.7230725],[-44.8659275,-3.7230886],[-44.8659171,-3.7231051],[-44.8659138,-3.7231214],[-44.8659181,-3.7231405],[-44.8659256,-3.723166],[-44.8659379,-3.7231915],[-44.8659559,-3.7232095],[-44.8659851,-3.7232321],[-44.8660239,-3.7232519],[-44.8660607,-3.7232595],[-44.8661154,-3.723268],[-44.8661561,-3.7232699],[-44.8661853,-3.7232718],[-44.8662259,-3.7232708],[-44.8662675,-3.7232642],[-44.8663175,-3.7232633],[-44.8663647,-3.7232633],[-44.8664101,-3.7232689],[-44.866446,-3.7232727],[-44.8664781,-3.7232774],[-44.8665272,-3.7232859],[-44.8665593,-3.7232935],[-44.8666046,-3.7233077],[-44.8666339,-3.7233162],[-44.8666622,-3.7233209],[-44.8667047,-3.7233341],[-44.8667292,-3.7233464],[-44.8667529,-3.7233568],[-44.8667727,-3.7233681],[-44.8667868,-3.7233785],[-44.8668152,-3.7234068],[-44.8668378,-3.7234323],[-44.866852,-3.723455],[-44.8668766,-3.7234909],[-44.8668945,-3.7235173],[-44.8669172,-3.7235381],[-44.8669455,-3.7235617],[-44.8669691,-3.7235853],[-44.8669899,-3.7236146],[-44.867022,-3.7236523],[-44.8670503,-3.7236797],[-44.8670796,-3.723709],[-44.867106,-3.7237411],[-44.8671249,-3.7237713],[-44.8671532,-3.7238063],[-44.867175,-3.7238346],[-44.8671976,-3.7238667],[-44.8672241,-3.7238997],[-44.8672486,-3.723929],[-44.8672817,-3.723964],[-44.8673223,-3.7239961],[-44.8673515,-3.7240225],[-44.8673903,-3.7240546],[-44.8674186,-3.7240697],[-44.8674431,-3.7240867],[-44.86748,-3.7241113],[-44.8675064,-3.7241349],[-44.8675244,-3.7241604],[-44.8675334,-3.7241775],[-44.867548,-3.7241963],[-44.8675687,-3.7242132],[-44.8675914,-3.7242236],[-44.8676122,-3.7242321],[-44.8676339,-3.7242359],[-44.8676622,-3.7242371],[-44.8676839,-3.7242435],[-44.8677113,-3.7242567],[-44.8677293,-3.7242642],[-44.867751,-3.7242756],[-44.8677718,-3.7242869],[-44.8677973,-3.724302],[-44.8678294,-3.7243209],[-44.8678605,-3.7243407],[-44.8678983,-3.7243662],[-44.8679351,-3.7243908],[-44.8679757,-3.7244134],[-44.8680078,-3.7244323],[-44.8680381,-3.724455],[-44.8680588,-3.7244739],[-44.8680704,-3.7244934],[-44.8680881,-3.7245201],[-44.8681108,-3.7245523],[-44.8681259,-3.724573],[-44.8681476,-3.7246089],[-44.868175,-3.7246401],[-44.8681967,-3.7246712],[-44.8682307,-3.7247128],[-44.8682571,-3.7247515],[-44.8682892,-3.7248252],[-44.8683511,-3.7249852],[-44.8683634,-3.725005],[-44.8683837,-3.7250296],[-44.8684007,-3.7250485],[-44.8684148,-3.7250693],[-44.8684276,-3.7250957],[-44.8684361,-3.725124],[-44.8684399,-3.7251476],[-44.8684417,-3.725192],[-44.8684417,-3.7252071],[-44.8684455,-3.7252562],[-44.8684455,-3.7252883],[-44.8684455,-3.7253148],[-44.8684417,-3.7253497],[-44.8684361,-3.7253724],[-44.8684295,-3.7254111],[-44.8684219,-3.7254413],[-44.8684115,-3.725463],[-44.8683955,-3.7254885],[-44.8683756,-3.7255093],[-44.8683501,-3.7255272],[-44.8683209,-3.7255433],[-44.8682907,-3.7255556],[-44.8682623,-3.7255622],[-44.8682179,-3.7255669],[-44.8681783,-3.7255669],[-44.8681471,-3.7255669],[-44.868115,-3.7255716],[-44.8680772,-3.7255754],[-44.8680527,-3.7255754],[-44.8680215,-3.7255745],[-44.8679904,-3.7255735],[-44.867962,-3.7255697],[-44.8679262,-3.725565],[-44.8678903,-3.7255575],[-44.867844,-3.7255537],[-44.8678128,-3.725549],[-44.8677883,-3.7255433],[-44.8677595,-3.7255381],[-44.8677335,-3.7255324],[-44.8677113,-3.7255287],[-44.867682,-3.7255258],[-44.8676556,-3.7255249],[-44.8676202,-3.7255244],[-44.8675933,-3.7255244],[-44.8675744,-3.7255254],[-44.8675494,-3.7255258],[-44.8675125,-3.7255277],[-44.8674804,-3.7255324],[-44.8674616,-3.7255376],[-44.8674342,-3.7255457],[-44.8674082,-3.7255537],[-44.867377,-3.725565],[-44.8673478,-3.7255778],[-44.8673223,-3.7255915],[-44.8673043,-3.7256042],[-44.867285,-3.7256217],[-44.8672614,-3.72565],[-44.8672391,-3.7256852],[-44.8672343,-3.7256976],[-44.8672295,-3.7257144],[-44.8672235,-3.725728],[-44.8672209,-3.7257392],[-44.8672194,-3.7257508],[-44.8672191,-3.7257615],[-44.8672193,-3.7257736],[-44.8672202,-3.7257864],[-44.8672217,-3.7257997],[-44.867224,-3.7258137],[-44.8672272,-3.7258284],[-44.8672314,-3.7258443],[-44.8672353,-3.7258572],[-44.8672394,-3.7258701],[-44.8672435,-3.7258831],[-44.8672476,-3.7258958],[-44.8672526,-3.7259111],[-44.8672571,-3.7259247],[-44.8672623,-3.7259378],[-44.867268,-3.7259506],[-44.8672737,-3.725962],[-44.8672793,-3.7259721],[-44.8672858,-3.7259832],[-44.8672964,-3.726],[-44.8673076,-3.7260149],[-44.8673158,-3.726025],[-44.8673235,-3.7260336],[-44.8673312,-3.7260417],[-44.8673402,-3.7260501],[-44.8673522,-3.7260602],[-44.8673632,-3.7260684],[-44.8673753,-3.7260769],[-44.8673877,-3.7260857],[-44.8673999,-3.7260943],[-44.867411,-3.7261029],[-44.8674221,-3.7261112],[-44.8674307,-3.7261171],[-44.8674398,-3.7261227],[-44.8674525,-3.7261298],[-44.8674626,-3.7261348],[-44.867473,-3.7261393],[-44.8674869,-3.7261448],[-44.867501,-3.7261496],[-44.8675147,-3.7261538],[-44.8675291,-3.7261577],[-44.8675451,-3.7261616],[-44.8675616,-3.7261654],[-44.8675775,-3.7261693],[-44.8675936,-3.7261736],[-44.867611,-3.7261786],[-44.8676286,-3.7261841],[-44.8676454,-3.72619],[-44.8676613,-3.7261961],[-44.8676765,-3.7262019],[-44.8676917,-3.7262082],[-44.8677036,-3.7262135],[-44.8677157,-3.7262191],[-44.8677308,-3.7262269],[-44.8677868,-3.7262504],[-44.8678171,-3.726268],[-44.8678783,-3.7262957],[-44.8679228,-3.726315],[-44.8679921,-3.7263477],[-44.8680424,-3.7263708],[-44.8680941,-3.7263914],[-44.8681297,-3.7264111],[-44.8681553,-3.7264254],[-44.8681792,-3.7264413],[-44.8681956,-3.7264468],[-44.8682342,-3.7264627],[-44.8682594,-3.7264736],[-44.8682854,-3.7264829],[-44.8683173,-3.7264904],[-44.86834,-3.7264955],[-44.8683727,-3.7265047],[-44.8684004,-3.7265106],[-44.868434,-3.7265198],[-44.8684617,-3.7265332],[-44.8685138,-3.7265408],[-44.8685465,-3.726545],[-44.868591,-3.7265609],[-44.8686506,-3.7265786],[-44.8686838,-3.7265847],[-44.8687093,-3.7265928],[-44.8687337,-3.7266063],[-44.8687505,-3.7266231],[-44.8687706,-3.7266508],[-44.8687915,-3.7266832],[-44.8687993,-3.7266933],[-44.868808,-3.7267076],[-44.8688136,-3.7267194],[-44.8688216,-3.7267406],[-44.8688287,-3.7267595],[-44.8688325,-3.7267756],[-44.8688379,-3.7268103],[-44.8688391,-3.7268294],[-44.8688363,-3.7268461],[-44.8688323,-3.7268572],[-44.8688211,-3.7268726],[-44.8688035,-3.726886],[-44.868779,-3.7269101],[-44.8687555,-3.7269307],[-44.8687404,-3.7269454],[-44.8687234,-3.7269636],[-44.8686957,-3.7269972],[-44.8686621,-3.727035],[-44.8686147,-3.727083],[-44.8685918,-3.7271034],[-44.8685729,-3.727117],[-44.8685545,-3.7271347],[-44.8685301,-3.7271548],[-44.8685016,-3.7271758],[-44.8684688,-3.7271984],[-44.8684076,-3.7272329],[-44.868358,-3.7272648],[-44.8682859,-3.7273042],[-44.8682296,-3.7273336],[-44.8681935,-3.7273521],[-44.8681524,-3.7273722],[-44.8680995,-3.7273915],[-44.8680609,-3.7274058],[-44.8680164,-3.7274326],[-44.8679862,-3.7274536],[-44.8679434,-3.7274855],[-44.8678628,-3.7275392],[-44.8677822,-3.727593],[-44.8676874,-3.7276492],[-44.8676337,-3.7276794],[-44.8676051,-3.7276966],[-44.8675619,-3.7277197],[-44.8675191,-3.7277461],[-44.8674843,-3.727765],[-44.8674545,-3.7277835],[-44.8674289,-3.7278028],[-44.8673991,-3.727829],[-44.8673883,-3.7278381],[-44.8673758,-3.7278491],[-44.8673637,-3.7278608],[-44.8673521,-3.7278737],[-44.8673439,-3.7278842],[-44.867337,-3.727894],[-44.8673301,-3.7279059],[-44.8673251,-3.7279169],[-44.8673218,-3.7279276],[-44.8673195,-3.7279385],[-44.8673177,-3.7279513],[-44.8673154,-3.7279673],[-44.8673147,-3.72798],[-44.867313,-3.7280044],[-44.8673122,-3.728035],[-44.8673107,-3.7280595],[-44.8673101,-3.7280982],[-44.8673109,-3.7281359],[-44.8673109,-3.7281628],[-44.867321,-3.7282257],[-44.8673411,-3.7282795],[-44.867368,-3.7283265],[-44.8673965,-3.7283617],[-44.8674284,-3.7284121],[-44.8674838,-3.7284759],[-44.8675258,-3.7285229],[-44.8675627,-3.7285581],[-44.867593,-3.72858],[-44.8676282,-3.7286068],[-44.867687,-3.7286387],[-44.8677524,-3.7286689],[-44.8677994,-3.7286891],[-44.8678414,-3.7287008],[-44.8678918,-3.7287109],[-44.8679321,-3.7287143],[-44.8679724,-3.7287109],[-44.8680143,-3.7287092],[-44.8680513,-3.7287008],[-44.868105,-3.7286908],[-44.8681436,-3.7286824],[-44.8681772,-3.7286773],[-44.8682376,-3.7286689],[-44.8683081,-3.7286521],[-44.8683652,-3.7286387],[-44.8684189,-3.7286387],[-44.8684659,-3.7286454],[-44.8685112,-3.7286555],[-44.8685549,-3.7286706],[-44.8686388,-3.7286941],[-44.8686741,-3.7287042],[-44.8687244,-3.7287059],[-44.8687681,-3.7287042],[-44.8688352,-3.7286958],[-44.8688923,-3.7286924],[-44.8689209,-3.7286908],[-44.8689511,-3.7286958],[-44.8689947,-3.7287092],[-44.8690451,-3.7287176],[-44.8691156,-3.7287176],[-44.8691727,-3.7287227],[-44.8692247,-3.7287327],[-44.8692835,-3.7287428],[-44.8693523,-3.7287562],[-44.869406,-3.7287646],[-44.8694564,-3.7287764],[-44.8694933,-3.7287881],[-44.8695139,-3.728794],[-44.8695361,-3.7288024],[-44.8695546,-3.7288129],[-44.8695714,-3.7288242],[-44.8696003,-3.7288439],[-44.8696188,-3.7288565],[-44.8696448,-3.7288733],[-44.8696759,-3.7288935],[-44.8696952,-3.7289044],[-44.8697153,-3.7289161],[-44.8697355,-3.7289254],[-44.869769,-3.7289371],[-44.8697925,-3.7289489],[-44.8698152,-3.7289631],[-44.8698379,-3.7289808],[-44.8698765,-3.7290001],[-44.8699201,-3.7290202],[-44.8699478,-3.7290345],[-44.8699789,-3.7290521],[-44.8700083,-3.7290739],[-44.8700376,-3.7290907],[-44.8700838,-3.7291134],[-44.8701065,-3.7291251],[-44.8701367,-3.7291428],[-44.8701812,-3.7291705],[-44.8702299,-3.7292066],[-44.8702886,-3.7292351],[-44.8703306,-3.7292594],[-44.8703591,-3.7292855],[-44.8703851,-3.7293064],[-44.8704128,-3.7293232],[-44.8704389,-3.7293392],[-44.8704682,-3.7293618],[-44.8704901,-3.7293786],[-44.8705236,-3.7293979],[-44.8705681,-3.7294223],[-44.8706,-3.7294424],[-44.8706294,-3.7294643],[-44.8706655,-3.7294827],[-44.8706982,-3.7294987],[-44.8707352,-3.729518],[-44.8707721,-3.7295364],[-44.8707948,-3.7295482],[-44.8708309,-3.7295675],[-44.8708737,-3.7296011],[-44.8709165,-3.7296271],[-44.8709568,-3.7296548],[-44.870992,-3.7296791],[-44.8710457,-3.7297253],[-44.8710827,-3.7297631],[-44.8711121,-3.7298034],[-44.8711305,-3.7298386],[-44.8711381,-3.7298638],[-44.8711456,-3.7298865],[-44.8711574,-3.7299083],[-44.8711633,-3.7299276],[-44.87117,-3.7299503],[-44.8711733,-3.7299662],[-44.8711792,-3.729983],[-44.8711834,-3.7299989],[-44.8711901,-3.7300199],[-44.8711943,-3.7300501],[-44.8711977,-3.7300812],[-44.8711993,-3.7301047],[-44.8711993,-3.7301475],[-44.871201,-3.7301861],[-44.8712035,-3.7302155],[-44.8712035,-3.730244],[-44.8712069,-3.7302784],[-44.8712128,-3.7303229],[-44.871217,-3.730359],[-44.8712161,-3.730396],[-44.8712161,-3.7304253],[-44.8712119,-3.7304514],[-44.8712035,-3.7304841],[-44.871191,-3.7305143],[-44.8711767,-3.730542],[-44.8711612,-3.7305706],[-44.8711528,-3.7305857],[-44.8711351,-3.7306087],[-44.8711146,-3.7306339],[-44.8710982,-3.7306511],[-44.8710697,-3.7306746],[-44.8710483,-3.7306914],[-44.8710285,-3.7307057],[-44.8710008,-3.7307246],[-44.8709782,-3.7307384],[-44.8709429,-3.7307552],[-44.8709018,-3.7307762],[-44.8708783,-3.730788],[-44.8708539,-3.730798],[-44.8708162,-3.7308106],[-44.8707876,-3.7308199],[-44.8707272,-3.7308425],[-44.8706449,-3.7308677],[-44.8705744,-3.7308862],[-44.8705048,-3.7309013],[-44.8704334,-3.7309181],[-44.8703965,-3.7309273],[-44.8703707,-3.7309381],[-44.8703602,-3.7309451],[-44.8703491,-3.7309529],[-44.8703386,-3.7309606],[-44.8703288,-3.7309684],[-44.8703195,-3.7309762],[-44.8703105,-3.7309839],[-44.8703016,-3.7309914],[-44.8702929,-3.7309988],[-44.8702844,-3.7310061],[-44.8702743,-3.7310155],[-44.8702538,-3.7310398],[-44.870242,-3.7310608],[-44.8702378,-3.7310775],[-44.8702336,-3.7311027],[-44.8702294,-3.7311355],[-44.8702269,-3.7311665],[-44.8702261,-3.7312026],[-44.8702269,-3.7312295],[-44.8702328,-3.7312614],[-44.8702412,-3.7312823],[-44.8702546,-3.7313117],[-44.8702706,-3.7313386],[-44.8702857,-3.7313587],[-44.8703201,-3.7313839],[-44.8703554,-3.7314057],[-44.8703914,-3.7314276],[-44.8704111,-3.7314427],[-44.8704234,-3.7314463],[-44.8704356,-3.7314497],[-44.8704479,-3.7314529],[-44.8704604,-3.731456],[-44.8704731,-3.7314589],[-44.8704848,-3.7314615],[-44.8704957,-3.7314638],[-44.8705102,-3.7314666],[-44.8705284,-3.7314701],[-44.8705465,-3.7314737],[-44.8705646,-3.7314772],[-44.870583,-3.7314805],[-44.8706018,-3.7314833],[-44.8706212,-3.7314854],[-44.8706362,-3.7314866],[-44.8706464,-3.7314872],[-44.8706568,-3.7314877],[-44.8706674,-3.731488],[-44.8706819,-3.7314885],[-44.8706993,-3.731489],[-44.870713,-3.7314894],[-44.8707242,-3.7314896],[-44.8707371,-3.7314897],[-44.8707516,-3.7314899],[-44.8707657,-3.73149],[-44.8707794,-3.7314903],[-44.8707928,-3.7314906],[-44.8708058,-3.7314909],[-44.8708187,-3.7314913],[-44.8708315,-3.7314917],[-44.8708441,-3.731492],[-44.8708567,-3.7314924],[-44.8708682,-3.7314929],[-44.8708788,-3.7314935],[-44.8708927,-3.7314946],[-44.8709108,-3.7314965],[-44.8709253,-3.7314982],[-44.8709355,-3.7314994],[-44.8709507,-3.7315012],[-44.8709706,-3.7315039],[-44.8709857,-3.7315058],[-44.8709961,-3.731507],[-44.8710069,-3.731508],[-44.871018,-3.731509],[-44.8710289,-3.7315099],[-44.8710397,-3.7315107],[-44.8710504,-3.7315114],[-44.871061,-3.731512],[-44.8710764,-3.7315127],[-44.8710959,-3.7315134],[-44.8711106,-3.7315139],[-44.8711211,-3.7315145],[-44.871132,-3.7315152],[-44.8711434,-3.731516],[-44.8711542,-3.7315169],[-44.8711644,-3.7315179],[-44.8711784,-3.7315194],[-44.8711966,-3.7315218],[-44.871216,-3.7315243],[-44.871231,-3.7315264],[-44.8712441,-3.7315278],[-44.8713001,-3.7315325],[-44.8713362,-3.7315388],[-44.8713618,-3.7315434],[-44.8714012,-3.7315551],[-44.8714298,-3.7315665],[-44.8714638,-3.7315791],[-44.8715019,-3.7315933],[-44.871549,-3.7316126],[-44.8715859,-3.7316252],[-44.8716069,-3.731634],[-44.8716388,-3.7316487],[-44.871674,-3.7316638],[-44.8717089,-3.7316773],[-44.8717399,-3.7316894],[-44.871771,-3.7317033],[-44.8718146,-3.7317201],[-44.8718667,-3.7317461],[-44.8719388,-3.7317772],[-44.8719993,-3.7317923],[-44.8720698,-3.7318133],[-44.8721445,-3.7318376],[-44.8721881,-3.7318502],[-44.8722259,-3.7318611],[-44.872267,-3.7318762],[-44.8723115,-3.7318972],[-44.8723468,-3.7319157],[-44.8723904,-3.7319576],[-44.8724156,-3.7320004],[-44.8724358,-3.7320449],[-44.8724517,-3.7321037],[-44.8724643,-3.7321666],[-44.8724651,-3.732212],[-44.8724626,-3.7322455],[-44.8724534,-3.7323152],[-44.872445,-3.7323614],[-44.8724324,-3.7324176],[-44.8724165,-3.7324789],[-44.8723997,-3.7325393],[-44.8723787,-3.7326098],[-44.8723652,-3.7326594],[-44.8723443,-3.7327189],[-44.8723023,-3.7327895],[-44.8722578,-3.7328759],[-44.8722351,-3.7329405],[-44.8722066,-3.7329968],[-44.8721515,-3.733067],[-44.8721375,-3.7330849],[-44.8721151,-3.7331129],[-44.872081,-3.7331526],[-44.8720396,-3.733198],[-44.8720004,-3.7332382],[-44.871936,-3.7332942],[-44.8718348,-3.7333793],[-44.8717872,-3.7334162],[-44.8717651,-3.7334275],[-44.8717542,-3.7334436],[-44.8717363,-3.7334604],[-44.8717228,-3.7334738],[-44.871696,-3.7335029],[-44.8716792,-3.7335208],[-44.8716557,-3.7335578],[-44.8716456,-3.7335869],[-44.8716389,-3.7336249],[-44.87163,-3.7336697],[-44.87163,-3.7337245],[-44.8716467,-3.7337872],[-44.8716669,-3.733842],[-44.8717049,-3.7338902],[-44.8717284,-3.7339249],[-44.8717553,-3.7339685],[-44.8717978,-3.7340099],[-44.8718493,-3.734058],[-44.8718762,-3.7340827],[-44.8718918,-3.7341028],[-44.8719249,-3.7341291],[-44.8719752,-3.7341705],[-44.8720306,-3.7342136],[-44.8720776,-3.7342472],[-44.8720946,-3.734261],[-44.8721047,-3.7342662],[-44.8721178,-3.7342729],[-44.8721312,-3.7342794],[-44.872144,-3.7342856],[-44.8721561,-3.7342913],[-44.8721677,-3.7342966],[-44.8721786,-3.7343014],[-44.8721911,-3.7343072],[-44.8722053,-3.7343137],[-44.872221,-3.7343212],[-44.8722382,-3.7343294],[-44.8722546,-3.7343371],[-44.8722702,-3.7343441],[-44.8722849,-3.7343506],[-44.8722988,-3.7343564],[-44.8723156,-3.7343634],[-44.8723353,-3.7343716],[-44.8723579,-3.7343809],[-44.8723835,-3.7343913],[-44.8724057,-3.7344004],[-44.8724247,-3.7344081],[-44.8724404,-3.7344143],[-44.8724528,-3.7344192],[-44.8724647,-3.7344238],[-44.872476,-3.7344282],[-44.8724867,-3.7344323],[-44.872497,-3.7344362],[-44.8725084,-3.7344408],[-44.872521,-3.734446],[-44.8725349,-3.7344519],[-44.8725539,-3.7344602],[-44.8725768,-3.7344654],[-44.872598,-3.734471],[-44.8726255,-3.7344794],[-44.8726674,-3.7344968],[-44.8727245,-3.7345253],[-44.8727659,-3.734551],[-44.8727961,-3.7345717],[-44.8728202,-3.7345936],[-44.8728538,-3.7346232],[-44.8728929,-3.7346624],[-44.8729209,-3.7346943],[-44.8729433,-3.73472],[-44.8729925,-3.7347771],[-44.8730272,-3.7348465],[-44.8730675,-3.7349416],[-44.873081,-3.7350278],[-44.8730922,-3.7351173],[-44.8731145,-3.7351923],[-44.8731274,-3.7352572],[-44.8731319,-3.7353126],[-44.8731319,-3.7353703],[-44.8731282,-3.7354066],[-44.8731294,-3.7354172],[-44.8731306,-3.7354322],[-44.8731312,-3.7354507],[-44.873131,-3.7354653],[-44.8731305,-3.7354768],[-44.8731297,-3.7354898],[-44.8731288,-3.7355041],[-44.873128,-3.7355184],[-44.8731274,-3.7355327],[-44.8731269,-3.7355468],[-44.8731267,-3.7355609],[-44.8731263,-3.7355754],[-44.8731257,-3.7355903],[-44.8731249,-3.7356055],[-44.8731239,-3.735621],[-44.8731231,-3.7356361],[-44.8731225,-3.7356505],[-44.8731221,-3.7356645],[-44.8731218,-3.7356778],[-44.8731216,-3.7356915],[-44.8731214,-3.7357055],[-44.8731211,-3.7357198],[-44.8731209,-3.7357344],[-44.8731206,-3.7357481],[-44.8731204,-3.7357609],[-44.8731201,-3.7357727],[-44.8731199,-3.7357837],[-44.8731197,-3.7357984],[-44.8731195,-3.7358151],[-44.8731191,-3.7358303],[-44.8731176,-3.7358456],[-44.8731154,-3.7358601],[-44.8731125,-3.7358728],[-44.8731091,-3.7358844],[-44.8731052,-3.7358954],[-44.8731005,-3.7359058],[-44.8730947,-3.7359154],[-44.8730882,-3.735925],[-44.8730813,-3.7359353],[-44.8730748,-3.7359461],[-44.8730694,-3.7359573],[-44.8730646,-3.7359688],[-44.8730602,-3.7359811],[-44.8730558,-3.7359936],[-44.8730514,-3.7360059],[-44.8730463,-3.7360185],[-44.8730398,-3.7360319],[-44.8730322,-3.7360459],[-44.8730239,-3.7360599],[-44.8730155,-3.7360733],[-44.8730074,-3.7360852],[-44.8729992,-3.7360963],[-44.8729906,-3.7361073],[-44.8729811,-3.7361191],[-44.8729699,-3.7361324],[-44.8729571,-3.7361463],[-44.8729463,-3.7361564],[-44.8729385,-3.736163],[-44.8729305,-3.7361696],[-44.8729222,-3.7361765],[-44.8729137,-3.7361834],[-44.8729049,-3.7361904],[-44.8728963,-3.7361973],[-44.8728876,-3.7362041],[-44.872879,-3.7362107],[-44.8728705,-3.7362171],[-44.872862,-3.7362234],[-44.8728536,-3.7362296],[-44.8728452,-3.7362356],[-44.8728368,-3.7362414],[-44.8728279,-3.7362475],[-44.8728186,-3.7362537],[-44.8728089,-3.7362602],[-44.8727986,-3.7362669],[-44.8727885,-3.7362735],[-44.8727786,-3.7362801],[-44.8727687,-3.7362866],[-44.872759,-3.736293],[-44.8727495,-3.7362994],[-44.8727403,-3.7363057],[-44.8727314,-3.7363118],[-44.8727228,-3.7363179],[-44.8727143,-3.7363242],[-44.8727059,-3.7363307],[-44.8726976,-3.7363374],[-44.8726895,-3.7363444],[-44.872678,-3.7363544],[-44.8726644,-3.7363672],[-44.8726541,-3.736377],[-44.8726466,-3.7363842],[-44.8726385,-3.736392],[-44.8726299,-3.7364003],[-44.8726211,-3.7364085],[-44.8726123,-3.7364165],[-44.8726034,-3.7364245],[-44.8725944,-3.7364325],[-44.8725859,-3.7364398],[-44.8725779,-3.7364466],[-44.872567,-3.7364557],[-44.8725525,-3.7364673],[-44.8725408,-3.7364763],[-44.8725325,-3.7364824],[-44.8725205,-3.7364911],[-44.872505,-3.736502],[-44.8724932,-3.7365105],[-44.8724848,-3.736517],[-44.8724759,-3.7365241],[-44.8724665,-3.7365319],[-44.8724575,-3.7365396],[-44.8724488,-3.7365473],[-44.8724406,-3.7365549],[-44.8724327,-3.7365624],[-44.8724223,-3.7365726],[-44.8724111,-3.7365842],[-44.8724008,-3.7365949],[-44.8723924,-3.7366032],[-44.8723835,-3.7366118],[-44.8723746,-3.7366206],[-44.8723658,-3.7366294],[-44.8723548,-3.7366412],[-44.8723451,-3.7366526],[-44.8723364,-3.7366644],[-44.8723281,-3.7366778],[-44.8723211,-3.7366913],[-44.8723157,-3.7367036],[-44.872311,-3.7367163],[-44.872307,-3.736727],[-44.8723026,-3.7367387],[-44.8722975,-3.7367544],[-44.8722928,-3.7367701],[-44.8722888,-3.7367857],[-44.8722854,-3.7368011],[-44.8722826,-3.7368165],[-44.8722804,-3.736832],[-44.8722784,-3.7368467],[-44.8722767,-3.7368606],[-44.8722753,-3.7368744],[-44.8722741,-3.7368881],[-44.8722736,-3.7369021],[-44.872274,-3.7369168],[-44.8722761,-3.7369344],[-44.8722787,-3.7369497],[-44.8722821,-3.7369636],[-44.872287,-3.736979],[-44.8722937,-3.7369934],[-44.8723031,-3.7370092],[-44.8723142,-3.7370251],[-44.8723259,-3.7370398],[-44.8723393,-3.7370538],[-44.8723509,-3.7370642],[-44.8723594,-3.737071],[-44.8723709,-3.7370794],[-44.8723843,-3.7370878],[-44.8723976,-3.7370946],[-44.8724087,-3.7371],[-44.8724209,-3.7371056],[-44.8724371,-3.7371128],[-44.8724533,-3.7371196],[-44.8724707,-3.7371263],[-44.8724846,-3.7371313],[-44.8724987,-3.7371362],[-44.8725129,-3.7371411],[-44.872527,-3.7371458],[-44.8725446,-3.7371505],[-44.8725611,-3.7371537],[-44.8725775,-3.7371562],[-44.8725947,-3.7371583],[-44.8726104,-3.7371592],[-44.8726226,-3.7371594],[-44.8726361,-3.7371593],[-44.8726501,-3.737159],[-44.8726648,-3.7371586],[-44.87268,-3.737158],[-44.8726958,-3.7371573],[-44.8727113,-3.7371563],[-44.8727264,-3.7371553],[-44.8727411,-3.737154],[-44.8727555,-3.7371525],[-44.8727698,-3.7371507],[-44.8727842,-3.7371485],[-44.8727985,-3.7371459],[-44.8728129,-3.737143],[-44.8728276,-3.7371404],[-44.8728427,-3.7371381],[-44.8728581,-3.7371361],[-44.8728739,-3.7371344],[-44.8728894,-3.7371327],[-44.8729046,-3.7371312],[-44.8729195,-3.7371296],[-44.8729341,-3.7371282],[-44.8729484,-3.7371269],[-44.8729624,-3.7371256],[-44.8729761,-3.7371245],[-44.8729895,-3.7371236],[-44.8730016,-3.7371228],[-44.8730124,-3.7371223],[-44.8730261,-3.7371221],[-44.8730434,-3.7371229],[-44.8730621,-3.7371255],[-44.8730779,-3.7371282],[-44.8730899,-3.7371303],[-44.8731031,-3.7371326],[-44.8731175,-3.737135],[-44.8731312,-3.7371374],[-44.8731443,-3.7371399],[-44.8731569,-3.7371423],[-44.8731688,-3.7371447],[-44.8731813,-3.7371473],[-44.8731945,-3.7371501],[-44.8732082,-3.7371531],[-44.8732226,-3.7371563],[-44.8732368,-3.7371593],[-44.8732509,-3.7371621],[-44.8732649,-3.7371647],[-44.8732788,-3.7371671],[-44.8732917,-3.7371694],[-44.8733038,-3.7371714],[-44.8733149,-3.7371733],[-44.8733251,-3.737175],[-44.8733356,-3.7371764],[-44.8733463,-3.7371775],[-44.8733572,-3.7371783],[-44.8733684,-3.7371788],[-44.87338,-3.7371791],[-44.8733921,-3.7371792],[-44.8734045,-3.7371792],[-44.8734174,-3.7371789],[-44.8734308,-3.7371786],[-44.8734445,-3.7371782],[-44.8734587,-3.7371778],[-44.8734733,-3.7371773],[-44.8734879,-3.737177],[-44.8735026,-3.7371767],[-44.8735174,-3.7371766],[-44.8735323,-3.7371766],[-44.8735461,-3.7371769],[-44.873559,-3.7371775],[-44.8735709,-3.7371784],[-44.8735819,-3.7371796],[-44.8735938,-3.7371813],[-44.8736065,-3.7371834],[-44.8736202,-3.7371858],[-44.8736348,-3.7371888],[-44.8736507,-3.7371923],[-44.8736678,-3.7371964],[-44.8736863,-3.7372012],[-44.873706,-3.7372065],[-44.8737246,-3.7372119],[-44.8737423,-3.7372174],[-44.8737589,-3.7372229],[-44.8737745,-3.7372285],[-44.8737892,-3.7372338],[-44.873803,-3.7372386],[-44.8738161,-3.7372431],[-44.8738282,-3.7372473],[-44.8738411,-3.7372514],[-44.8738547,-3.7372555],[-44.8738691,-3.7372597],[-44.8738842,-3.7372638],[-44.8738999,-3.7372683],[-44.8739164,-3.737273],[-44.8739334,-3.7372781],[-44.8739512,-3.7372834],[-44.8739687,-3.7372891],[-44.8739858,-3.7372952],[-44.8740027,-3.7373017],[-44.8740192,-3.7373085],[-44.8740353,-3.7373153],[-44.8740508,-3.7373221],[-44.8740659,-3.7373289],[-44.8740805,-3.7373357],[-44.874095,-3.7373429],[-44.8741095,-3.7373504],[-44.8741239,-3.7373583],[-44.8741383,-3.7373666],[-44.8741526,-3.7373756],[-44.874167,-3.7373853],[-44.8741814,-3.7373958],[-44.8741957,-3.737407],[-44.8742076,-3.7374166],[-44.8742544,-3.7374368],[-44.8742969,-3.7374603],[-44.8743507,-3.737485],[-44.8743977,-3.7375085],[-44.874429,-3.7375297],[-44.8744626,-3.7375555],[-44.8745029,-3.7375879],[-44.8745364,-3.7376148],[-44.8745577,-3.7376349],[-44.8745902,-3.7376618],[-44.8746163,-3.7376892],[-44.8746298,-3.7377008],[-44.874641,-3.7377111],[-44.8746517,-3.7377218],[-44.874662,-3.7377329],[-44.8746717,-3.7377443],[-44.8746806,-3.7377556],[-44.8746888,-3.7377666],[-44.8746961,-3.7377775],[-44.8747027,-3.7377882],[-44.8747086,-3.7377985],[-44.8747138,-3.7378084],[-44.8747204,-3.7378223],[-44.8747261,-3.7378362],[-44.8747299,-3.7378461],[-44.8747336,-3.7378563],[-44.8747373,-3.737867],[-44.8747407,-3.7378774],[-44.874744,-3.7378875],[-44.8747485,-3.737902],[-44.8747541,-3.7379209],[-44.8747593,-3.7379395],[-44.8747639,-3.7379584],[-44.874768,-3.737978],[-44.8747716,-3.7379972],[-44.8747744,-3.7380149],[-44.8747762,-3.7380311],[-44.8747768,-3.7380456],[-44.8747763,-3.7380607],[-44.8747748,-3.7380787],[-44.8747733,-3.7380935],[-44.874772,-3.7381038],[-44.8747707,-3.7381142],[-44.8747693,-3.7381249],[-44.8747675,-3.7381364],[-44.8747654,-3.7381485],[-44.874763,-3.7381614],[-44.8747604,-3.738175],[-44.8747576,-3.7381889],[-44.8747547,-3.7382028],[-44.8747516,-3.738217],[-44.8747484,-3.7382314],[-44.8747453,-3.7382451],[-44.8747423,-3.7382581],[-44.8747393,-3.7382704],[-44.8747364,-3.7382821],[-44.8747326,-3.7382962],[-44.8747278,-3.7383127],[-44.8747222,-3.7383317],[-44.8747156,-3.7383531],[-44.8747126,-3.7383647],[-44.8747102,-3.7383789],[-44.8747054,-3.7383943],[-44.8747018,-3.7384077],[-44.8746976,-3.7384186],[-44.8746937,-3.7384357],[-44.8746875,-3.7384547],[-44.8746719,-3.7384872],[-44.8746472,-3.7385196],[-44.8746226,-3.738551],[-44.8745969,-3.7385789],[-44.8745605,-3.7386198],[-44.8745331,-3.738645],[-44.8744962,-3.7386746],[-44.8744704,-3.738697],[-44.8744436,-3.7387166],[-44.8743982,-3.7387412],[-44.8743697,-3.7387636],[-44.8743378,-3.7387877],[-44.8743003,-3.7388201],[-44.8742779,-3.7388369],[-44.8742393,-3.738861],[-44.8741951,-3.7388856],[-44.8741453,-3.738913],[-44.8741028,-3.7389287],[-44.8740873,-3.7389334],[-44.8740636,-3.7389449],[-44.8740289,-3.7389595],[-44.8740037,-3.7389729],[-44.8739785,-3.7389964],[-44.8739528,-3.7390261],[-44.8739293,-3.739049],[-44.873894,-3.7390719],[-44.8738532,-3.7391078],[-44.8738319,-3.7391335],[-44.8738163,-3.7391626],[-44.8738045,-3.7391962],[-44.873795,-3.7392331],[-44.8737905,-3.7392583],[-44.8737944,-3.7392874],[-44.8737984,-3.7393142],[-44.8738067,-3.7393473],[-44.8738191,-3.7393853],[-44.8738409,-3.7394077],[-44.8738929,-3.7394385],[-44.873941,-3.7394737],[-44.8740121,-3.7395039],[-44.874091,-3.7395358],[-44.8741335,-3.7395521],[-44.8741873,-3.7395756],[-44.8742561,-3.7396063],[-44.8743171,-3.7396276],[-44.8743697,-3.7396382],[-44.874443,-3.7396438],[-44.8744778,-3.7396433],[-44.8745499,-3.7396422],[-44.8746204,-3.739636],[-44.874664,-3.7396338],[-44.8747301,-3.7396215],[-44.8747916,-3.7396108],[-44.8748677,-3.7396024],[-44.8749399,-3.7395968],[-44.8750272,-3.7395851],[-44.8750647,-3.7395793],[-44.8750921,-3.739575],[-44.8751458,-3.7395677],[-44.8751817,-3.7395616],[-44.8752163,-3.7395565],[-44.875274,-3.739547],[-44.8753199,-3.7395398],[-44.8753725,-3.739533],[-44.8754553,-3.7395196],[-44.8755057,-3.7395028],[-44.8755347,-3.7394939],[-44.8755728,-3.7394849],[-44.8755946,-3.7394782],[-44.8756327,-3.7394609],[-44.8756763,-3.7394362],[-44.8757149,-3.7394189],[-44.875767,-3.7393937],[-44.8758084,-3.7393741],[-44.8758352,-3.7393624],[-44.8758731,-3.7393524],[-44.8758862,-3.7393549],[-44.875898,-3.7393593],[-44.8759101,-3.7393654],[-44.8759221,-3.7393733],[-44.8759308,-3.7393803],[-44.8759391,-3.7393881],[-44.8759485,-3.7393982],[-44.8759559,-3.739408],[-44.875962,-3.7394181],[-44.8759668,-3.7394292],[-44.8759708,-3.7394449],[-44.875973,-3.73946],[-44.8759742,-3.7394708],[-44.875975,-3.739482],[-44.8759756,-3.7394935],[-44.8759758,-3.7395055],[-44.875976,-3.7395172],[-44.8759761,-3.7395288],[-44.8759762,-3.7395401],[-44.8759762,-3.7395513],[-44.8759764,-3.7395667],[-44.8759767,-3.7395851],[-44.8759767,-3.739603],[-44.8759761,-3.7396175],[-44.8759753,-3.7396277],[-44.8759745,-3.73964],[-44.8759735,-3.7396543],[-44.8759724,-3.7396708],[-44.8759712,-3.7396893],[-44.8759702,-3.7397061],[-44.8759693,-3.7397213],[-44.8759687,-3.7397349],[-44.8759682,-3.7397468],[-44.8759677,-3.7397585],[-44.8759674,-3.7397699],[-44.8759671,-3.7397811],[-44.8759668,-3.739792],[-44.8759666,-3.7398041],[-44.8759665,-3.7398172],[-44.8759665,-3.7398315],[-44.8759665,-3.7398468],[-44.8759666,-3.7398619],[-44.8759668,-3.7398767],[-44.8759672,-3.7398913],[-44.8759677,-3.7399057],[-44.8759681,-3.7399197],[-44.8759685,-3.7399335],[-44.8759688,-3.7399469],[-44.875969,-3.73996],[-44.8759693,-3.7399735],[-44.8759695,-3.7399874],[-44.8759697,-3.7400016],[-44.87597,-3.7400162],[-44.8759701,-3.7400292],[-44.8759699,-3.7400405],[-44.8759693,-3.7400542],[-44.8759686,-3.740071],[-44.8759684,-3.7400892],[-44.8759688,-3.7401045],[-44.8759695,-3.740116],[-44.8759706,-3.7401286],[-44.8759721,-3.7401423],[-44.8759735,-3.7401568],[-44.875975,-3.7401722],[-44.8759764,-3.7401886],[-44.8759779,-3.7402059],[-44.8759792,-3.7402213],[-44.8759804,-3.7402348],[-44.8759818,-3.7402512],[-44.8759837,-3.7402702],[-44.8759859,-3.7402884],[-44.8759888,-3.7403064],[-44.8759927,-3.740325],[-44.8759975,-3.7403442],[-44.8760017,-3.7403592],[-44.8760047,-3.7403695],[-44.8760078,-3.7403799],[-44.8760109,-3.7403901],[-44.876014,-3.7404004],[-44.8760172,-3.7404106],[-44.8760205,-3.7404214],[-44.8760241,-3.7404329],[-44.8760278,-3.7404449],[-44.8760317,-3.7404576],[-44.8760357,-3.740471],[-44.8760398,-3.7404852],[-44.8760441,-3.7405003],[-44.8760484,-3.7405161],[-44.8760528,-3.7405315],[-44.876057,-3.7405466],[-44.8760612,-3.7405613],[-44.8760654,-3.7405757],[-44.8760693,-3.7405888],[-44.8760729,-3.7406007],[-44.8760779,-3.7406161],[-44.8760842,-3.7406343],[-44.8760906,-3.7406507],[-44.8760963,-3.7406632],[-44.8761014,-3.7406726],[-44.8761074,-3.7406827],[-44.8761145,-3.7406937],[-44.8761219,-3.7407048],[-44.8761297,-3.7407161],[-44.8761379,-3.7407276],[-44.8761464,-3.7407393],[-44.8761551,-3.7407508],[-44.8761639,-3.7407623],[-44.876173,-3.7407736],[-44.8761823,-3.7407848],[-44.8761922,-3.7407972],[-44.8762028,-3.740811],[-44.876214,-3.740826],[-44.8762259,-3.7408423],[-44.876237,-3.7408579],[-44.8762472,-3.7408727],[-44.8762566,-3.7408868],[-44.8762651,-3.7409002],[-44.8762739,-3.7409137],[-44.8762829,-3.7409273],[-44.8762921,-3.7409411],[-44.8763016,-3.740955],[-44.8763105,-3.7409678],[-44.8763187,-3.7409796],[-44.8763264,-3.7409904],[-44.8763335,-3.7410001],[-44.8763409,-3.7410104],[-44.8763488,-3.7410214],[-44.8763572,-3.7410329],[-44.8763659,-3.7410451],[-44.8763746,-3.7410573],[-44.8763831,-3.7410696],[-44.8763915,-3.741082],[-44.8763998,-3.7410944],[-44.8764078,-3.741107],[-44.8764156,-3.7411199],[-44.8764231,-3.741133],[-44.8764304,-3.7411464],[-44.8764375,-3.7411595],[-44.8764445,-3.7411724],[-44.8764512,-3.7411849],[-44.8764578,-3.7411972],[-44.8764635,-3.7412083],[-44.8764683,-3.7412181],[-44.8764737,-3.7412305],[-44.8764802,-3.7412458],[-44.8764873,-3.7412623],[-44.8764951,-3.741279],[-44.8765032,-3.7412949],[-44.8765094,-3.7413067],[-44.8765157,-3.7413188],[-44.8765242,-3.7413355],[-44.8765309,-3.7413488],[-44.8765354,-3.7413582],[-44.87654,-3.7413679],[-44.8765446,-3.7413775],[-44.8765493,-3.7413868],[-44.8765562,-3.7414003],[-44.8765648,-3.741417],[-44.8765722,-3.7414319],[-44.8765774,-3.7414423],[-44.8765826,-3.7414524],[-44.8765898,-3.7414661],[-44.876598,-3.7414814],[-44.8766047,-3.7414941],[-44.8766116,-3.7415068],[-44.8766206,-3.7415231],[-44.8766293,-3.7415376],[-44.876637,-3.7415492],[-44.8766465,-3.7415606],[-44.8766563,-3.7415712],[-44.8766643,-3.7415792],[-44.8766725,-3.7415873],[-44.8766807,-3.7415955],[-44.8766891,-3.7416037],[-44.8766977,-3.741612],[-44.8767059,-3.7416205],[-44.8767138,-3.7416292],[-44.8767214,-3.7416382],[-44.8767287,-3.7416475],[-44.8767355,-3.741657],[-44.8767418,-3.7416667],[-44.8767477,-3.7416767],[-44.876753,-3.7416869],[-44.8767581,-3.7416977],[-44.8768386,-3.7417501],[-44.8768834,-3.7417882],[-44.8769125,-3.741824],[-44.8769707,-3.7418643],[-44.8770221,-3.7418889],[-44.8770759,-3.7419202],[-44.8771699,-3.7419695],[-44.877246,-3.742012],[-44.877331,-3.7420613],[-44.8774228,-3.742106],[-44.877519,-3.7421508],[-44.8776175,-3.7422023],[-44.8777093,-3.742247],[-44.8778033,-3.7422829],[-44.8778787,-3.7423258],[-44.877894,-3.7423317],[-44.8779113,-3.7423367],[-44.8779285,-3.7423432],[-44.8779427,-3.7423497],[-44.8779529,-3.7423548],[-44.877964,-3.742361],[-44.8779761,-3.7423683],[-44.877989,-3.7423767],[-44.8780029,-3.7423862],[-44.8780151,-3.7423949],[-44.8780257,-3.7424028],[-44.8780383,-3.7424131],[-44.8780498,-3.7424232],[-44.8780583,-3.7424308],[-44.8780673,-3.7424391],[-44.8780769,-3.7424479],[-44.8780857,-3.7424565],[-44.8780937,-3.7424647],[-44.878104,-3.7424763],[-44.8781136,-3.7424881],[-44.8781202,-3.7424967],[-44.8781268,-3.7425057],[-44.8781337,-3.7425152],[-44.878142,-3.7425281],[-44.8781498,-3.7425435],[-44.8781553,-3.7425572],[-44.8781604,-3.7425702],[-44.8781647,-3.7425842],[-44.8781677,-3.7426009],[-44.8781702,-3.7426193],[-44.8781726,-3.7426383],[-44.8781743,-3.7426532],[-44.8781754,-3.7426634],[-44.8781765,-3.7426739],[-44.8781774,-3.7426846],[-44.8781785,-3.7427],[-44.8781794,-3.7427196],[-44.8781798,-3.7427372],[-44.8781799,-3.7427522],[-44.8781793,-3.7427668],[-44.8781775,-3.7427834],[-44.8781746,-3.7428015],[-44.8781721,-3.7428159],[-44.8781692,-3.7428307],[-44.8781653,-3.7428502],[-44.8781614,-3.742869],[-44.8781579,-3.7428863],[-44.8781548,-3.7429021],[-44.8781521,-3.7429178],[-44.8781504,-3.7429296],[-44.8781488,-3.7429416],[-44.878147,-3.7429578],[-44.8781452,-3.7429744],[-44.8781434,-3.7429918],[-44.8781414,-3.7430092],[-44.878139,-3.7430259],[-44.878137,-3.7430392],[-44.8781353,-3.7430494],[-44.8781335,-3.7430607],[-44.8781314,-3.7430729],[-44.8781289,-3.7430859],[-44.8781261,-3.7430994],[-44.8781228,-3.7431136],[-44.8781192,-3.7431285],[-44.8781152,-3.7431429],[-44.878111,-3.7431569],[-44.8781064,-3.7431704],[-44.8781015,-3.7431836],[-44.8780966,-3.7431969],[-44.8780916,-3.7432104],[-44.8780866,-3.7432241],[-44.8780815,-3.743238],[-44.8780772,-3.7432508],[-44.8780736,-3.7432626],[-44.8780699,-3.7432782],[-44.8780666,-3.7432949],[-44.878064,-3.7433087],[-44.8780609,-3.7433247],[-44.8780575,-3.7433427],[-44.8780543,-3.7433593],[-44.8780512,-3.7433745],[-44.8780484,-3.7433883],[-44.8780457,-3.7434007],[-44.8780428,-3.7434129],[-44.8780398,-3.743425],[-44.8780366,-3.7434368],[-44.8780332,-3.7434485],[-44.8780295,-3.7434601],[-44.8780256,-3.7434715],[-44.8780215,-3.7434828],[-44.8780171,-3.743494],[-44.8780123,-3.7435051],[-44.8780069,-3.7435162],[-44.8780011,-3.7435272],[-44.8779947,-3.7435382],[-44.8779887,-3.7435486],[-44.877983,-3.7435584],[-44.8779751,-3.7435721],[-44.8779668,-3.7435863],[-44.8779606,-3.7435973],[-44.8779539,-3.7436093],[-44.8779466,-3.7436225],[-44.8779398,-3.7436344],[-44.8779335,-3.7436453],[-44.8779252,-3.7436592],[-44.8779166,-3.7436735],[-44.87791,-3.7436851],[-44.8779027,-3.7436983],[-44.8778946,-3.743713],[-44.8778865,-3.7437285],[-44.8778784,-3.7437448],[-44.8778702,-3.7437619],[-44.8778619,-3.7437798],[-44.8778541,-3.7437966],[-44.8778468,-3.7438122],[-44.87784,-3.7438267],[-44.8778337,-3.7438401],[-44.8778269,-3.7438538],[-44.8778198,-3.7438679],[-44.8778122,-3.7438824],[-44.8778041,-3.7438973],[-44.8777962,-3.7439119],[-44.8777882,-3.7439262],[-44.8777804,-3.7439403],[-44.8777726,-3.7439542],[-44.8777648,-3.7439684],[-44.877757,-3.7439828],[-44.8777493,-3.7439976],[-44.8777415,-3.7440127],[-44.8777344,-3.744027],[-44.8777279,-3.7440405],[-44.8777221,-3.7440532],[-44.877717,-3.7440651],[-44.8777117,-3.7440787],[-44.8777061,-3.7440939],[-44.8777002,-3.7441107],[-44.8776942,-3.7441292],[-44.8776884,-3.7441469],[-44.8776831,-3.7441637],[-44.8776781,-3.7441796],[-44.8776735,-3.7441947],[-44.8776682,-3.7442107],[-44.8776622,-3.7442276],[-44.8776556,-3.7442454],[-44.8776483,-3.7442641],[-44.8776421,-3.7442812],[-44.877637,-3.7442965],[-44.877633,-3.7443101],[-44.8776301,-3.744322],[-44.8776276,-3.7443333],[-44.8776255,-3.7443441],[-44.8776232,-3.7443588],[-44.8776217,-3.7443736],[-44.8776211,-3.7443841],[-44.8776208,-3.744395],[-44.8776208,-3.7444065],[-44.8776211,-3.7444218],[-44.8776217,-3.7444392],[-44.8776237,-3.7444551],[-44.8776276,-3.7444717],[-44.877633,-3.7444889],[-44.8776393,-3.7445063],[-44.8776457,-3.7445207],[-44.8776516,-3.7445321],[-44.8776589,-3.7445446],[-44.8776674,-3.7445585],[-44.8776754,-3.7445708],[-44.8776828,-3.7445815],[-44.8776929,-3.7445944],[-44.8777029,-3.7446057],[-44.8777105,-3.7446132],[-44.8777186,-3.7446208],[-44.8777274,-3.7446283],[-44.8777367,-3.7446365],[-44.8777467,-3.7446454],[-44.8777573,-3.744655],[-44.8777685,-3.7446652],[-44.8777791,-3.7446751],[-44.877789,-3.7446847],[-44.8777984,-3.744694],[-44.8778072,-3.744703],[-44.8778153,-3.7447114],[-44.8778264,-3.7447225],[-44.8778353,-3.7447362],[-44.8778615,-3.7447495],[-44.8779018,-3.7447831],[-44.8779913,-3.7448099],[-44.8780607,-3.7448211],[-44.878101,-3.7448346],[-44.8781659,-3.744857],[-44.8782644,-3.7448995],[-44.8783428,-3.7449375],[-44.8785151,-3.7450293],[-44.8786807,-3.7451435],[-44.8787636,-3.7452173],[-44.8788173,-3.7452778],[-44.878833,-3.7453337],[-44.8788397,-3.7454322],[-44.8788374,-3.7455285],[-44.8788621,-3.7456331],[-44.8788665,-3.7456488],[-44.8788738,-3.7456756],[-44.8788749,-3.7456941],[-44.87888,-3.745717],[-44.8788812,-3.7457473],[-44.8788811,-3.7457713],[-44.878879,-3.7457951],[-44.8788772,-3.7458222],[-44.8788744,-3.7458547],[-44.878871,-3.7458832],[-44.878866,-3.7459151],[-44.8788621,-3.7459353],[-44.8788525,-3.7459924],[-44.8788397,-3.7460478],[-44.8788337,-3.7460769],[-44.8788247,-3.7461164],[-44.8788128,-3.7461619],[-44.8788045,-3.7461989],[-44.8787949,-3.7462276],[-44.8787868,-3.7462678],[-44.8787809,-3.7463014],[-44.8787733,-3.7463283],[-44.8787743,-3.7463625],[-44.8787748,-3.7463925],[-44.8787807,-3.7464283],[-44.8787863,-3.7464572],[-44.8787964,-3.746488],[-44.8787998,-3.7465018],[-44.8788069,-3.7465241],[-44.8788158,-3.7465529],[-44.8788244,-3.7465876],[-44.878827,-3.7466055],[-44.8788321,-3.7466207],[-44.878837,-3.7466386],[-44.8788415,-3.7466529],[-44.878846,-3.7466659],[-44.8788508,-3.7466771],[-44.8788569,-3.7466889],[-44.8788628,-3.7466973],[-44.8788697,-3.7467058],[-44.8788777,-3.7467143],[-44.8788862,-3.7467222],[-44.8788951,-3.7467295],[-44.8789044,-3.7467362],[-44.8789141,-3.7467422],[-44.8789282,-3.7467511],[-44.8789498,-3.7467573],[-44.8789656,-3.746761],[-44.878978,-3.7467627],[-44.8789915,-3.7467638],[-44.8790061,-3.7467643],[-44.8790201,-3.7467641],[-44.8790336,-3.7467632],[-44.8790466,-3.7467617],[-44.879059,-3.7467595],[-44.8790715,-3.746757],[-44.8790842,-3.7467542],[-44.8790969,-3.7467511],[-44.8791098,-3.7467477],[-44.8791219,-3.7467444],[-44.8791331,-3.7467411],[-44.8791481,-3.7467363],[-44.8791635,-3.7467307],[-44.8791753,-3.7467258],[-44.8791883,-3.7467201],[-44.8792024,-3.7467135],[-44.8792171,-3.7467061],[-44.8792325,-3.7466977],[-44.8792484,-3.7466884],[-44.8792649,-3.7466781],[-44.8792818,-3.7466674],[-44.8792991,-3.7466561],[-44.8793168,-3.7466442],[-44.8793348,-3.7466318],[-44.8793524,-3.7466194],[-44.8793697,-3.746607],[-44.8793866,-3.7465946],[-44.8794054,-3.7465804],[-44.8794194,-3.7465697],[-44.8794355,-3.7465572],[-44.8794513,-3.7465446],[-44.8794669,-3.7465319],[-44.8794834,-3.7465178],[-44.8795009,-3.7465022],[-44.8795194,-3.7464852],[-44.8795389,-3.7464667],[-44.8795576,-3.7464477],[-44.8795756,-3.7464283],[-44.8795929,-3.7464083],[-44.8796094,-3.7463879],[-44.8796249,-3.7463681],[-44.8796392,-3.7463489],[-44.8796525,-3.7463302],[-44.8796647,-3.7463122],[-44.8796763,-3.7462936],[-44.8796875,-3.7462744],[-44.8796982,-3.7462546],[-44.8797084,-3.7462341],[-44.87972,-3.7462118],[-44.8797329,-3.7461874],[-44.8797471,-3.7461612],[-44.8797627,-3.7461329],[-44.8797786,-3.7461053],[-44.8797949,-3.7460783],[-44.8798116,-3.7460519],[-44.8798286,-3.7460261],[-44.8798465,-3.746],[-44.8798652,-3.7459735],[-44.8798848,-3.7459466],[-44.8799053,-3.7459193],[-44.8799262,-3.7458912],[-44.8799476,-3.7458623],[-44.8799695,-3.7458325],[-44.8799919,-3.7458018],[-44.8800144,-3.7457712],[-44.880037,-3.7457405],[-44.8800597,-3.7457099],[-44.8800826,-3.7456792],[-44.8801055,-3.7456482],[-44.8801284,-3.7456168],[-44.8801512,-3.7455851],[-44.8801741,-3.7455529],[-44.8801957,-3.7455222],[-44.880216,-3.7454929],[-44.880235,-3.745465],[-44.8802528,-3.7454385],[-44.8802699,-3.7454126],[-44.8802863,-3.7453874],[-44.8803021,-3.7453629],[-44.8803171,-3.7453391],[-44.8803337,-3.7453134],[-44.8803517,-3.7452859],[-44.8803712,-3.7452566],[-44.8803921,-3.7452255],[-44.8804119,-3.7451964],[-44.8804249,-3.7451438],[-44.8804702,-3.7450566],[-44.8805205,-3.7449929],[-44.8805909,-3.7449074],[-44.8806596,-3.7448236],[-44.8807166,-3.7447548],[-44.8808038,-3.7446609],[-44.8808614,-3.7445939],[-44.8809128,-3.7445514],[-44.8809732,-3.7444865],[-44.8810179,-3.7444575],[-44.8810827,-3.7444217],[-44.8811699,-3.7443859],[-44.8812303,-3.7443748],[-44.8813085,-3.7443725],[-44.8813443,-3.7443764],[-44.8813773,-3.7443837],[-44.8814175,-3.7443938],[-44.8814468,-3.7444046],[-44.8814676,-3.7444088],[-44.8814871,-3.7444131],[-44.881508,-3.7444179],[-44.8815304,-3.744423],[-44.8815543,-3.7444285],[-44.8815796,-3.7444343],[-44.8816056,-3.7444405],[-44.8816324,-3.7444471],[-44.8816598,-3.744454],[-44.8816881,-3.7444613],[-44.8817174,-3.7444696],[-44.8817478,-3.7444788],[-44.8817793,-3.7444891],[-44.8818119,-3.7445002],[-44.8818428,-3.7445111],[-44.881872,-3.7445215],[-44.8818995,-3.7445316],[-44.8819253,-3.7445414],[-44.8819526,-3.7445521],[-44.8819816,-3.7445637],[-44.8820121,-3.7445764],[-44.8820442,-3.74459],[-44.8820767,-3.7446038],[-44.8821096,-3.7446176],[-44.8821428,-3.7446316],[-44.8821763,-3.7446457],[-44.8822095,-3.7446598],[-44.8822422,-3.7446739],[-44.8822745,-3.7446881],[-44.8823064,-3.7447022],[-44.8823345,-3.7447148],[-44.882359,-3.744726],[-44.8823797,-3.7447357],[-44.8823968,-3.744744],[-44.8824139,-3.744752],[-44.8824312,-3.7447598],[-44.8824486,-3.7447674],[-44.8824661,-3.7447747],[-44.8824834,-3.7447815],[-44.8825006,-3.744788],[-44.8825175,-3.744794],[-44.8825343,-3.7447996],[-44.8825444,-3.7448031],[-44.8825778,-3.7448252],[-44.8826684,-3.7448789],[-44.8827237,-3.7449376],[-44.8827841,-3.7449879],[-44.8828344,-3.7450231],[-44.8828746,-3.7450499],[-44.8829316,-3.7450835],[-44.8830105,-3.7451388],[-44.8830809,-3.7452042],[-44.8831446,-3.7452461],[-44.8831865,-3.7452763],[-44.8832418,-3.7453182],[-44.8832754,-3.7453434],[-44.8832901,-3.7453413],[-44.8833089,-3.7453508],[-44.8835756,-3.7454855],[-44.8835934,-3.7454875],[-44.883614,-3.745498],[-44.8836297,-3.7455059],[-44.8836447,-3.7455134],[-44.883659,-3.7455205],[-44.8836739,-3.7455273],[-44.8836892,-3.7455338],[-44.883705,-3.7455402],[-44.8837213,-3.7455463],[-44.8837374,-3.745552],[-44.8837532,-3.7455573],[-44.8837688,-3.7455623],[-44.8837841,-3.7455669],[-44.8838,-3.7455715],[-44.8838164,-3.745576],[-44.8838334,-3.7455804],[-44.8838509,-3.7455848],[-44.8838691,-3.7455887],[-44.8838879,-3.7455921],[-44.8839074,-3.745595],[-44.8839276,-3.7455975],[-44.8839467,-3.7455993],[-44.8839646,-3.7456005],[-44.8839813,-3.7456011],[-44.8839968,-3.7456011],[-44.8840127,-3.7456007],[-44.8840287,-3.7456],[-44.884045,-3.7455989],[-44.8840616,-3.7455975],[-44.8840784,-3.7455956],[-44.8840956,-3.7455933],[-44.884113,-3.7455905],[-44.8841308,-3.7455874],[-44.8841494,-3.7455837],[-44.884169,-3.7455794],[-44.8841895,-3.7455746],[-44.8842109,-3.7455692],[-44.8842301,-3.7455641],[-44.884247,-3.7455593],[-44.8842617,-3.7455546],[-44.8842741,-3.7455503],[-44.8842871,-3.7455455],[-44.8843008,-3.7455403],[-44.8843151,-3.7455348],[-44.8843301,-3.7455288],[-44.8843442,-3.745523],[-44.8843574,-3.7455174],[-44.8843697,-3.745512],[-44.8843811,-3.7455068],[-44.8843932,-3.7455012],[-44.884406,-3.7454951],[-44.8844194,-3.7454887],[-44.8844335,-3.7454819],[-44.8844473,-3.7454751],[-44.8844607,-3.7454683],[-44.8844737,-3.7454615],[-44.8844863,-3.7454547],[-44.8844995,-3.7454472],[-44.8845133,-3.745439],[-44.8845276,-3.7454302],[-44.8845424,-3.7454207],[-44.8845562,-3.7454115],[-44.8845688,-3.7454025],[-44.8845804,-3.7453937],[-44.8845908,-3.7453852],[-44.884601,-3.7453764],[-44.8846108,-3.7453673],[-44.8846204,-3.7453578],[-44.8846296,-3.7453481],[-44.8846386,-3.745338],[-44.8846472,-3.7453275],[-44.8846555,-3.7453167],[-44.8846636,-3.7453055],[-44.8846709,-3.745294],[-44.8846774,-3.745282],[-44.8846833,-3.7452698],[-44.8846884,-3.7452571],[-44.8846937,-3.7452414],[-44.8846992,-3.7452227],[-44.8847048,-3.7452009],[-44.8847106,-3.7451761],[-44.8847153,-3.7451509],[-44.8847187,-3.7451254],[-44.8847209,-3.7450995],[-44.8847218,-3.7450732],[-44.8847216,-3.7450484],[-44.8847201,-3.745025],[-44.8847175,-3.7450031],[-44.8847136,-3.7449827],[-44.8847092,-3.7449625],[-44.8847043,-3.7449425],[-44.884699,-3.7449228],[-44.8846931,-3.7449034],[-44.8846863,-3.7448834],[-44.8846785,-3.744863],[-44.8846698,-3.7448421],[-44.88466,-3.7448207],[-44.8846491,-3.7447995],[-44.8846369,-3.7447786],[-44.8846236,-3.7447579],[-44.884609,-3.7447374],[-44.8845942,-3.7447183],[-44.8845794,-3.7447006],[-44.8845644,-3.7446842],[-44.8845494,-3.7446691],[-44.8845323,-3.7446528],[-44.8845133,-3.7446353],[-44.8844924,-3.7446165],[-44.8844696,-3.7445966],[-44.8844468,-3.744577],[-44.8844242,-3.7445578],[-44.8844017,-3.7445389],[-44.8843793,-3.7445204],[-44.884357,-3.7445027],[-44.8843349,-3.7444856],[-44.8843129,-3.7444693],[-44.884291,-3.7444538],[-44.8842698,-3.7444389],[-44.8842494,-3.7444248],[-44.8842297,-3.7444114],[-44.8842107,-3.7443988],[-44.8841915,-3.7443864],[-44.8841722,-3.7443744],[-44.8841527,-3.7443627],[-44.884133,-3.7443512],[-44.8841126,-3.7443394],[-44.8840915,-3.7443273],[-44.8840698,-3.7443147],[-44.8840475,-3.7443018],[-44.8840249,-3.7442886],[-44.8840023,-3.7442751],[-44.8839796,-3.7442613],[-44.8839567,-3.7442472],[-44.8839348,-3.7442341],[-44.8839139,-3.7442219],[-44.8838939,-3.7442107],[-44.883875,-3.7442005],[-44.8838556,-3.7441903],[-44.8838357,-3.7441801],[-44.8838155,-3.7441699],[-44.8837948,-3.7441596],[-44.8837747,-3.7441501],[-44.8837551,-3.7441412],[-44.883736,-3.744133],[-44.8837176,-3.7441255],[-44.8836999,-3.744118],[-44.8836831,-3.7441107],[-44.8836672,-3.7441036],[-44.8836521,-3.7440965],[-44.8836372,-3.7440895],[-44.8836223,-3.7440824],[-44.8836076,-3.7440753],[-44.8835937,-3.7440686],[-44.8835796,-3.7440617],[-44.8835674,-3.7440555],[-44.8835565,-3.7440497],[-44.8835468,-3.7440443],[-44.8835367,-3.7440387],[-44.8835262,-3.7440329],[-44.8835154,-3.7440268],[-44.8835042,-3.7440205],[-44.8834928,-3.7440142],[-44.8834813,-3.7440078],[-44.8834695,-3.7440015],[-44.8834576,-3.7439952],[-44.8834459,-3.7439891],[-44.8834345,-3.7439833],[-44.8834233,-3.7439777],[-44.8834124,-3.7439723],[-44.8834004,-3.7439666],[-44.8833874,-3.7439605],[-44.8833733,-3.7439541],[-44.8833582,-3.7439473],[-44.8833432,-3.7439405],[-44.8833282,-3.7439338],[-44.8833133,-3.7439272],[-44.8832985,-3.7439206],[-44.8832849,-3.7439146],[-44.8832725,-3.7439091],[-44.8832613,-3.7439042],[-44.8832513,-3.7438998],[-44.8832416,-3.7438954],[-44.8832322,-3.7438909],[-44.8832186,-3.743884],[-44.8832014,-3.7438748],[-44.8831852,-3.743866],[-44.8831695,-3.7438567],[-44.8831534,-3.7438463],[-44.8831379,-3.7438359],[-44.8831242,-3.7438266],[-44.8831132,-3.7438185],[-44.8831042,-3.7438112],[-44.883094,-3.7438023],[-44.8830824,-3.743792],[-44.8830708,-3.7437811],[-44.8830592,-3.7437696],[-44.8830475,-3.7437575],[-44.8830359,-3.7437448],[-44.8830254,-3.7437332],[-44.8830162,-3.7437225],[-44.8830081,-3.7437127],[-44.8830013,-3.743704],[-44.8829948,-3.7436953],[-44.8829884,-3.7436868],[-44.8829794,-3.7436743],[-44.8829683,-3.7436575],[-44.882958,-3.7436402],[-44.8829508,-3.7436265],[-44.8829462,-3.7436165],[-44.8829417,-3.7436059],[-44.8829373,-3.7435947],[-44.8829336,-3.7435838],[-44.8829304,-3.7435733],[-44.8829268,-3.743558],[-44.8829235,-3.7435394],[-44.882921,-3.7435234],[-44.8829195,-3.7435078],[-44.8829191,-3.7434898],[-44.8829196,-3.7434752],[-44.8829206,-3.7434649],[-44.882922,-3.7434541],[-44.882924,-3.7434429],[-44.8829259,-3.7434312],[-44.8829278,-3.7434189],[-44.8829298,-3.7434061],[-44.8829317,-3.7433927],[-44.8829339,-3.7433799],[-44.8829364,-3.7433677],[-44.882939,-3.7433562],[-44.882942,-3.7433452],[-44.8829451,-3.7433338],[-44.8829485,-3.7433219],[-44.8829522,-3.7433095],[-44.8829561,-3.7432966],[-44.8829604,-3.7432838],[-44.8829651,-3.7432712],[-44.8829703,-3.7432586],[-44.8829759,-3.7432462],[-44.8829816,-3.7432342],[-44.8829875,-3.7432225],[-44.8829934,-3.7432112],[-44.8829995,-3.7432002],[-44.8830064,-3.7431887],[-44.883014,-3.7431767],[-44.8830225,-3.7431641],[-44.8830317,-3.743151],[-44.883041,-3.7431376],[-44.8830504,-3.743124],[-44.8830598,-3.7431101],[-44.8830693,-3.743096],[-44.8830792,-3.7430815],[-44.8830896,-3.7430665],[-44.8831003,-3.7430511],[-44.8831115,-3.7430353],[-44.8831224,-3.7430195],[-44.883133,-3.7430039],[-44.8831433,-3.7429882],[-44.8831533,-3.7429726],[-44.8831634,-3.7429571],[-44.8831738,-3.7429415],[-44.8831843,-3.7429259],[-44.883195,-3.7429104],[-44.8832056,-3.7428954],[-44.8832162,-3.7428811],[-44.8832267,-3.7428673],[-44.8832372,-3.7428542],[-44.883249,-3.74284],[-44.8832623,-3.7428248],[-44.883277,-3.7428086],[-44.883293,-3.7427913],[-44.8833084,-3.7427749],[-44.8833231,-3.7427595],[-44.8833372,-3.7427449],[-44.8833506,-3.7427313],[-44.8833635,-3.7427185],[-44.883376,-3.7427064],[-44.8833881,-3.7426952],[-44.8833998,-3.7426847],[-44.8834121,-3.7426731],[-44.883425,-3.7426603],[-44.8834385,-3.7426464],[-44.8834526,-3.7426313],[-44.8834676,-3.7426159],[-44.8834834,-3.7426002],[-44.8835001,-3.7425842],[-44.8835176,-3.7425679],[-44.883535,-3.7425523],[-44.8835522,-3.7425374],[-44.8835694,-3.7425231],[-44.8835864,-3.7425094],[-44.8836036,-3.7424958],[-44.8836208,-3.7424822],[-44.8836382,-3.7424686],[-44.8836558,-3.7424549],[-44.8836733,-3.7424418],[-44.883691,-3.7424291],[-44.8837087,-3.742417],[-44.8837264,-3.7424053],[-44.8837442,-3.7423939],[-44.883762,-3.7423829],[-44.8837797,-3.7423721],[-44.8837975,-3.7423616],[-44.8838147,-3.7423516],[-44.8838314,-3.742342],[-44.8838475,-3.7423328],[-44.883863,-3.742324],[-44.8838789,-3.7423152],[-44.8838949,-3.7423063],[-44.8839112,-3.7422974],[-44.8839278,-3.7422884],[-44.8839442,-3.7422795],[-44.8839605,-3.7422706],[-44.8839767,-3.7422618],[-44.8839927,-3.742253],[-44.8840095,-3.7422438],[-44.8840312,-3.7422316],[-44.8840453,-3.7422238],[-44.8840642,-3.7422131],[-44.884083,-3.7422023],[-44.8841016,-3.7421915],[-44.8841201,-3.7421806],[-44.8841383,-3.7421697],[-44.8841558,-3.7421592],[-44.8841741,-3.7421483],[-44.8841887,-3.7421398],[-44.884204,-3.7421308],[-44.8842192,-3.7421218],[-44.8842341,-3.7421129],[-44.8842489,-3.7421041],[-44.8842635,-3.7420954],[-44.8842786,-3.7420864],[-44.8842943,-3.7420771],[-44.8843106,-3.7420676],[-44.8843274,-3.7420579],[-44.8843447,-3.7420477],[-44.8843626,-3.742037],[-44.884381,-3.7420258],[-44.8844,-3.7420141],[-44.8844191,-3.7420017],[-44.8844383,-3.7419886],[-44.8844576,-3.7419747],[-44.8844771,-3.7419601],[-44.8844951,-3.7419462],[-44.8845116,-3.7419329],[-44.8845267,-3.7419203],[-44.8845403,-3.7419084],[-44.8845536,-3.7418965],[-44.8845665,-3.7418847],[-44.884579,-3.741873],[-44.8845912,-3.7418613],[-44.8846039,-3.7418492],[-44.8846172,-3.7418367],[-44.884631,-3.7418237],[-44.8846453,-3.7418104],[-44.8846596,-3.7417974],[-44.8846737,-3.7417849],[-44.8846877,-3.7417728],[-44.8847015,-3.7417611],[-44.884716,-3.7417494],[-44.8847311,-3.7417377],[-44.8847468,-3.7417261],[-44.8847631,-3.7417144],[-44.8847783,-3.7417031],[-44.8847926,-3.7416923],[-44.8848058,-3.7416819],[-44.8848179,-3.7416719],[-44.8848292,-3.7416626],[-44.8848395,-3.7416538],[-44.884849,-3.7416456],[-44.8848575,-3.7416381],[-44.8848691,-3.7416275],[-44.8848771,-3.7416201],[-44.8848881,-3.7416096],[-44.8849,-3.7415982],[-44.8849114,-3.7415869],[-44.8849221,-3.7415757],[-44.8849322,-3.7415646],[-44.8849417,-3.7415537],[-44.8849507,-3.7415429],[-44.8849619,-3.7415285],[-44.8850092,-3.7415002],[-44.8850852,-3.7414421],[-44.8851567,-3.7413415],[-44.8852327,-3.7412319],[-44.885311,-3.741109],[-44.8853467,-3.7410397],[-44.8853825,-3.7409368],[-44.8854116,-3.7408698],[-44.8854339,-3.7407982],[-44.8854317,-3.7407334],[-44.8854451,-3.7406797],[-44.8854573,-3.7406409],[-44.8854502,-3.7405976],[-44.8854591,-3.7405372],[-44.8854848,-3.7404444],[-44.885506,-3.7403416],[-44.8855262,-3.740251],[-44.8855597,-3.7401862],[-44.8855865,-3.740137],[-44.8856234,-3.7400901],[-44.8856581,-3.740023],[-44.8856815,-3.7399805],[-44.8857106,-3.7399414],[-44.8857676,-3.7399034],[-44.8858056,-3.7398855],[-44.8858649,-3.7398732],[-44.8859521,-3.7398654],[-44.8860169,-3.739862],[-44.8860773,-3.7398665],[-44.886132,-3.7398765],[-44.8861935,-3.7398888],[-44.8862427,-3.7399034],[-44.8862709,-3.7399146],[-44.8863022,-3.7399291],[-44.8863425,-3.7399637],[-44.8863794,-3.740004],[-44.8864185,-3.7400487],[-44.886452,-3.7401001],[-44.8864733,-3.7401426],[-44.8864911,-3.7401996],[-44.8865135,-3.7402739],[-44.8865174,-3.7402944],[-44.8865248,-3.7403137],[-44.8865312,-3.7403309],[-44.8865374,-3.7403487],[-44.8865434,-3.7403671],[-44.8865494,-3.740386],[-44.8865552,-3.7404055],[-44.8865607,-3.7404247],[-44.8865658,-3.7404437],[-44.8865706,-3.7404624],[-44.886575,-3.7404809],[-44.886579,-3.7404984],[-44.8865817,-3.7405103],[-44.8865744,-3.7405338],[-44.8865722,-3.7405808],[-44.8865744,-3.7406199],[-44.8865834,-3.7406814],[-44.8865912,-3.7407473],[-44.8865979,-3.7407865],[-44.8866001,-3.7408245],[-44.8865979,-3.7408647],[-44.886599,-3.7409016],[-44.8866035,-3.7409642],[-44.8866068,-3.7410179],[-44.8866102,-3.7410682],[-44.8866124,-3.7411252],[-44.8866203,-3.7411844],[-44.8866314,-3.741237],[-44.8866359,-3.7412828],[-44.8866426,-3.7413163],[-44.8866571,-3.7413499],[-44.886675,-3.7413923],[-44.8866873,-3.7414259],[-44.8866963,-3.7414695],[-44.8867111,-3.7415067],[-44.886713,-3.7415175],[-44.8867209,-3.7415421],[-44.8867387,-3.7415868],[-44.8867656,-3.7416249],[-44.8867969,-3.7416707],[-44.8868293,-3.7417065],[-44.8868718,-3.7417366],[-44.886912,-3.7417601],[-44.8869478,-3.7417869],[-44.8870059,-3.7418194],[-44.8870685,-3.7418574],[-44.8871054,-3.7418753],[-44.8871333,-3.7418875],[-44.8871568,-3.7418972],[-44.8871759,-3.7419114],[-44.8871908,-3.741922],[-44.8872042,-3.741931],[-44.8872184,-3.7419404],[-44.8872335,-3.7419503],[-44.8872495,-3.7419606],[-44.8872662,-3.7419713],[-44.8872823,-3.7419816],[-44.8872976,-3.7419914],[-44.8873122,-3.7420008],[-44.8873261,-3.7420098],[-44.88734,-3.7420192],[-44.8873538,-3.7420288],[-44.8873677,-3.7420387],[-44.8873816,-3.7420489],[-44.8873955,-3.7420595],[-44.8874095,-3.7420706],[-44.8874235,-3.7420821],[-44.8874376,-3.742094],[-44.8874515,-3.7421058],[-44.887465,-3.7421175],[-44.8874782,-3.7421291],[-44.887491,-3.7421405],[-44.8875044,-3.742153],[-44.8875183,-3.7421665],[-44.8875326,-3.742181],[-44.8875475,-3.7421966],[-44.8875614,-3.7422113],[-44.8875744,-3.7422253],[-44.8875865,-3.7422385],[-44.8875977,-3.7422509],[-44.8876089,-3.7422633],[-44.8876199,-3.7422758],[-44.8876309,-3.7422882],[-44.8876419,-3.7423006],[-44.8876535,-3.7423136],[-44.8876658,-3.7423272],[-44.8876787,-3.7423414],[-44.8876924,-3.7423563],[-44.8877053,-3.7423705],[-44.8877176,-3.742384],[-44.8877292,-3.7423968],[-44.8877402,-3.742409],[-44.8877519,-3.7424226],[-44.8877644,-3.7424377],[-44.8877778,-3.7424542],[-44.8877919,-3.7424722],[-44.8878056,-3.74249],[-44.8878188,-3.7425077],[-44.8878316,-3.7425251],[-44.8878441,-3.7425424],[-44.8878567,-3.7425597],[-44.8878696,-3.7425771],[-44.8878827,-3.7425946],[-44.8878961,-3.7426121],[-44.8879097,-3.7426297],[-44.8879236,-3.7426475],[-44.8879377,-3.7426654],[-44.8879521,-3.7426834],[-44.8879653,-3.7427004],[-44.8879773,-3.7427163],[-44.8879882,-3.7427312],[-44.8879979,-3.7427451],[-44.8880072,-3.7427589],[-44.8880161,-3.7427728],[-44.8880246,-3.7427867],[-44.8880326,-3.7428005],[-44.8880407,-3.7428151],[-44.888049,-3.7428304],[-44.8880574,-3.7428465],[-44.8880659,-3.7428633],[-44.8880738,-3.7428793],[-44.8880811,-3.7428947],[-44.8880878,-3.7429093],[-44.8880939,-3.7429231],[-44.8881002,-3.7429368],[-44.8881066,-3.7429503],[-44.8881132,-3.7429636],[-44.8881201,-3.7429768],[-44.8881275,-3.7429909],[-44.8881357,-3.743006],[-44.8881445,-3.743022],[-44.888154,-3.7430391],[-44.8881637,-3.7430552],[-44.8881735,-3.7430704],[-44.8881836,-3.7430847],[-44.8881938,-3.7430981],[-44.8882047,-3.7431113],[-44.8882164,-3.7431245],[-44.8882288,-3.7431375],[-44.8882419,-3.7431504],[-44.8882542,-3.7431623],[-44.8882657,-3.7431732],[-44.8882763,-3.7431832],[-44.888286,-3.7431922],[-44.888296,-3.7432013],[-44.8883062,-3.7432104],[-44.8883166,-3.7432196],[-44.8883273,-3.7432288],[-44.8883382,-3.7432376],[-44.8883493,-3.743246],[-44.8883605,-3.743254],[-44.888372,-3.7432616],[-44.888383,-3.7432685],[-44.8883936,-3.743275],[-44.8884037,-3.7432809],[-44.8884135,-3.7432862],[-44.888424,-3.7432912],[-44.8884355,-3.7432959],[-44.8884478,-3.7433001],[-44.8884609,-3.743304],[-44.8884749,-3.7433074],[-44.8884897,-3.7433103],[-44.8885054,-3.7433128],[-44.888522,-3.7433147],[-44.8885391,-3.7433164],[-44.8885569,-3.7433179],[-44.8885752,-3.7433191],[-44.8885942,-3.7433201],[-44.8886144,-3.743321],[-44.8886358,-3.743322],[-44.8886585,-3.743323],[-44.8886823,-3.743324],[-44.8887054,-3.743325],[-44.8887278,-3.7433263],[-44.8887494,-3.7433276],[-44.8887704,-3.7433291],[-44.8887911,-3.7433309],[-44.8888117,-3.7433331],[-44.888832,-3.7433356],[-44.8888522,-3.7433386],[-44.8888722,-3.7433415],[-44.8888921,-3.7433446],[-44.8889117,-3.7433477],[-44.8889312,-3.7433508],[-44.8889514,-3.7433541],[-44.8889723,-3.7433573],[-44.8889939,-3.7433607],[-44.8890163,-3.7433641],[-44.8890388,-3.743367],[-44.8890615,-3.7433694],[-44.8890842,-3.7433714],[-44.8891071,-3.7433729],[-44.8891313,-3.7433743],[-44.889157,-3.7433758],[-44.8891841,-3.7433772],[-44.8892125,-3.7433787],[-44.8892401,-3.7433802],[-44.8892667,-3.7433816],[-44.8892786,-3.7433823],[-44.8892925,-3.7433831],[-44.8893173,-3.7433845],[-44.8893413,-3.7433863],[-44.8893645,-3.7433884],[-44.889387,-3.7433907],[-44.8894086,-3.7433934],[-44.88943,-3.7433961],[-44.889451,-3.7433988],[-44.8894718,-3.7434014],[-44.8894922,-3.7434041],[-44.8895141,-3.743407],[-44.889526,-3.7434081],[-44.889542,-3.7434093],[-44.8896996,-3.7434439],[-44.8898137,-3.7434658],[-44.8898319,-3.7434687],[-44.8898498,-3.7434715],[-44.8898673,-3.7434742],[-44.8898848,-3.7434769],[-44.8899022,-3.7434795],[-44.8899195,-3.7434822],[-44.8899368,-3.7434849],[-44.8899549,-3.7434876],[-44.8899737,-3.7434902],[-44.8899934,-3.7434929],[-44.8900138,-3.7434956],[-44.8900331,-3.7434981],[-44.8900512,-3.7435006],[-44.8900682,-3.7435029],[-44.890084,-3.7435051],[-44.890099,-3.7435067],[-44.8901131,-3.7435078],[-44.8901263,-3.7435084],[-44.8901387,-3.7435084],[-44.8901529,-3.7435079],[-44.8901688,-3.7435069],[-44.8901865,-3.7435054],[-44.890206,-3.7435035],[-44.8902243,-3.7435012],[-44.8902415,-3.7434987],[-44.8902575,-3.7434958],[-44.8902723,-3.7434927],[-44.8902882,-3.7434885],[-44.8903053,-3.7434834],[-44.8903234,-3.7434773],[-44.8903426,-3.7434703],[-44.890362,-3.7434629],[-44.8903816,-3.7434551],[-44.8904014,-3.7434469],[-44.8904213,-3.7434384],[-44.8904405,-3.74343],[-44.890459,-3.7434216],[-44.8904768,-3.7434132],[-44.8904938,-3.743405],[-44.8905122,-3.7433956],[-44.8905321,-3.7433851],[-44.8905533,-3.7433736],[-44.8905759,-3.7433609],[-44.8905981,-3.7433483],[-44.8906199,-3.7433356],[-44.8906412,-3.743323],[-44.8906622,-3.7433103],[-44.8906824,-3.743298],[-44.8907018,-3.7432859],[-44.8907205,-3.7432742],[-44.8907385,-3.7432628],[-44.8907576,-3.7432504],[-44.8907778,-3.7432372],[-44.8907991,-3.743223],[-44.8908215,-3.7432079],[-44.8908435,-3.7431928],[-44.8908652,-3.7431776],[-44.8908865,-3.7431623],[-44.8909074,-3.743147],[-44.8909279,-3.7431312],[-44.8909481,-3.743115],[-44.890968,-3.7430984],[-44.8909874,-3.7430814],[-44.8910059,-3.7430644],[-44.8910234,-3.7430473],[-44.89104,-3.7430303],[-44.8910556,-3.7430133],[-44.8910709,-3.7429959],[-44.891086,-3.7429781],[-44.8911008,-3.74296],[-44.8911154,-3.7429415],[-44.8911301,-3.742922],[-44.891145,-3.7429016],[-44.8911599,-3.7428802],[-44.891175,-3.7428578],[-44.8911901,-3.7428353],[-44.8912052,-3.7428127],[-44.8912203,-3.7427899],[-44.8912353,-3.7427671],[-44.8912502,-3.7427452],[-44.8912648,-3.7427243],[-44.8912791,-3.7427043],[-44.8912932,-3.7426853],[-44.8913069,-3.7426669],[-44.8913202,-3.742649],[-44.891333,-3.7426317],[-44.8913454,-3.7426149],[-44.8913578,-3.7425984],[-44.8913701,-3.7425821],[-44.8913823,-3.742566],[-44.8913944,-3.7425502],[-44.8914066,-3.7425347],[-44.8914188,-3.7425197],[-44.8914309,-3.7425049],[-44.8914431,-3.7424906],[-44.8914557,-3.7424765],[-44.8914687,-3.7424626],[-44.8914822,-3.742449],[-44.891496,-3.7424356],[-44.8915099,-3.7424228],[-44.8915238,-3.7424107],[-44.8915376,-3.7423991],[-44.8915515,-3.7423882],[-44.8915653,-3.7423776],[-44.891579,-3.7423674],[-44.8915927,-3.7423575],[-44.8916064,-3.742348],[-44.8916199,-3.7423388],[-44.8916334,-3.7423299],[-44.8916469,-3.7423214],[-44.8916602,-3.7423131],[-44.8916753,-3.7423042],[-44.8916919,-3.7422947],[-44.8917102,-3.7422846],[-44.8917302,-3.7422739],[-44.8917513,-3.7422627],[-44.8917735,-3.7422511],[-44.891797,-3.7422389],[-44.8918215,-3.7422262],[-44.8918451,-3.7422144],[-44.8918676,-3.7422033],[-44.891889,-3.742193],[-44.8919095,-3.7421836],[-44.8919303,-3.742174],[-44.8919515,-3.7421644],[-44.891973,-3.7421547],[-44.8919949,-3.742145],[-44.892017,-3.7421353],[-44.8920394,-3.7421257],[-44.892062,-3.7421162],[-44.8920849,-3.7421067],[-44.8921073,-3.7420975],[-44.8921292,-3.7420886],[-44.8921506,-3.74208],[-44.8921715,-3.7420718],[-44.8921927,-3.7420635],[-44.8922143,-3.7420552],[-44.8922361,-3.7420469],[-44.8922582,-3.7420387],[-44.8922808,-3.7420305],[-44.8923038,-3.7420223],[-44.8923272,-3.7420142],[-44.892351,-3.7420062],[-44.8923739,-3.7419982],[-44.8923958,-3.7419903],[-44.8924167,-3.7419825],[-44.8924367,-3.7419747],[-44.8924569,-3.7419668],[-44.8924775,-3.7419589],[-44.8924984,-3.741951],[-44.8925195,-3.7419429],[-44.8925418,-3.7419343],[-44.8925653,-3.7419251],[-44.89259,-3.7419152],[-44.8926157,-3.7419047],[-44.8926395,-3.7418953],[-44.8926611,-3.7418867],[-44.8926807,-3.7418792],[-44.8926982,-3.7418726],[-44.8927166,-3.7418658],[-44.8927358,-3.7418588],[-44.8927559,-3.7418515],[-44.8927768,-3.7418439],[-44.8927973,-3.7418366],[-44.8928174,-3.7418294],[-44.892837,-3.7418224],[-44.8928562,-3.7418156],[-44.8928753,-3.7418086],[-44.8928943,-3.7418016],[-44.8929132,-3.7417944],[-44.8929319,-3.7417871],[-44.8929525,-3.7417788],[-44.892975,-3.7417696],[-44.8929994,-3.7417594],[-44.8930257,-3.7417482],[-44.8930519,-3.7417368],[-44.893078,-3.7417251],[-44.8931041,-3.7417132],[-44.8931302,-3.741701],[-44.8931561,-3.7416889],[-44.8931821,-3.7416768],[-44.8932079,-3.7416649],[-44.8932337,-3.7416529],[-44.893258,-3.7416414],[-44.8932809,-3.7416304],[-44.8933023,-3.7416197],[-44.8933222,-3.7416095],[-44.893342,-3.7415992],[-44.8933616,-3.7415889],[-44.893381,-3.7415785],[-44.8934002,-3.741568],[-44.8934207,-3.7415566],[-44.8934423,-3.7415442],[-44.8934652,-3.7415308],[-44.8934893,-3.7415165],[-44.8935121,-3.7415027],[-44.8935336,-3.7414896],[-44.8935539,-3.741477],[-44.8935728,-3.7414651],[-44.8935919,-3.741453],[-44.893611,-3.7414407],[-44.8936301,-3.7414283],[-44.8936493,-3.7414156],[-44.8936675,-3.7414037],[-44.8936847,-3.7413925],[-44.8937008,-3.741382],[-44.8937159,-3.7413723],[-44.893734,-3.74136],[-44.8937552,-3.7413452],[-44.8937794,-3.7413278],[-44.8938066,-3.7413078],[-44.8938358,-3.7412863],[-44.893867,-3.7412632],[-44.8939001,-3.7412385],[-44.8939351,-3.7412122],[-44.8939691,-3.7411862],[-44.8940022,-3.7411604],[-44.8940343,-3.7411349],[-44.8940655,-3.7411096],[-44.8940971,-3.7410837],[-44.8941292,-3.7410571],[-44.8941618,-3.74103],[-44.8941949,-3.7410023],[-44.8942281,-3.7409741],[-44.8942615,-3.7409453],[-44.8942949,-3.7409162],[-44.8943285,-3.7408865],[-44.8943611,-3.7408573],[-44.8943927,-3.7408286],[-44.8944234,-3.7408003],[-44.894453,-3.7407726],[-44.8944841,-3.7407434],[-44.8945166,-3.7407128],[-44.8945505,-3.7406807],[-44.8945858,-3.7406471],[-44.8946167,-3.7406181],[-44.8946434,-3.7405938],[-44.8946657,-3.7405741],[-44.8946837,-3.740559],[-44.8947017,-3.7405442],[-44.8947199,-3.7405298],[-44.8947381,-3.7405156],[-44.8947563,-3.7405017],[-44.8947739,-3.7404888],[-44.8947908,-3.7404767],[-44.894807,-3.7404656],[-44.8948226,-3.7404554],[-44.8948379,-3.7404455],[-44.894853,-3.740436],[-44.8948678,-3.7404269],[-44.8948824,-3.7404181],[-44.8948992,-3.7404082],[-44.8949182,-3.740397],[-44.8949394,-3.7403846],[-44.8949627,-3.7403709],[-44.8949855,-3.7403577],[-44.8950076,-3.7403448],[-44.8950291,-3.7403323],[-44.8950501,-3.7403201],[-44.8950713,-3.7403081],[-44.8950928,-3.7402961],[-44.8951147,-3.7402843],[-44.8951368,-3.7402727],[-44.8951588,-3.7402612],[-44.8951805,-3.7402499],[-44.8952021,-3.7402387],[-44.8952235,-3.7402278],[-44.8952458,-3.7402165],[-44.8952691,-3.740205],[-44.8952932,-3.7401931],[-44.8953183,-3.7401809],[-44.8953429,-3.7401696],[-44.8953669,-3.740159],[-44.8953905,-3.7401492],[-44.8954137,-3.7401402],[-44.8954366,-3.7401314],[-44.8954593,-3.7401229],[-44.8954819,-3.7401146],[-44.8955043,-3.7401066],[-44.8955261,-3.7400993],[-44.8955474,-3.7400928],[-44.8955681,-3.7400869],[-44.8955883,-3.7400818],[-44.895609,-3.7400769],[-44.8956302,-3.7400723],[-44.8956518,-3.7400679],[-44.895674,-3.7400638],[-44.8956971,-3.7400598],[-44.8957212,-3.7400559],[-44.8957462,-3.7400521],[-44.8957723,-3.7400485],[-44.895798,-3.7400448],[-44.8958236,-3.7400412],[-44.8958489,-3.7400375],[-44.895874,-3.7400339],[-44.8958986,-3.7400303],[-44.8959228,-3.7400268],[-44.8959466,-3.7400233],[-44.8959699,-3.7400199],[-44.895994,-3.7400166],[-44.8960186,-3.7400134],[-44.896044,-3.7400104],[-44.89607,-3.7400075],[-44.8960961,-3.7400047],[-44.8961223,-3.7400022],[-44.8961485,-3.7399998],[-44.8961748,-3.7399976],[-44.8962004,-3.7399958],[-44.8962253,-3.7399943],[-44.8962496,-3.7399932],[-44.8962732,-3.7399925],[-44.8962968,-3.7399917],[-44.8963204,-3.7399907],[-44.896344,-3.7399896],[-44.8963676,-3.7399884],[-44.8963913,-3.739987],[-44.8964151,-3.7399854],[-44.8964391,-3.7399836],[-44.8964632,-3.7399817],[-44.8964866,-3.7399795],[-44.8965094,-3.7399771],[-44.8965314,-3.7399744],[-44.8965528,-3.7399715],[-44.8965749,-3.7399682],[-44.8965977,-3.7399645],[-44.8966211,-3.7399605],[-44.8966452,-3.7399561],[-44.8966689,-3.7399516],[-44.8966922,-3.7399468],[-44.8967152,-3.7399419],[-44.8967379,-3.7399368],[-44.8967622,-3.7399315],[-44.8967882,-3.739926],[-44.896816,-3.7399204],[-44.8968454,-3.7399145],[-44.896874,-3.7399094],[-44.8969017,-3.7399049],[-44.8969286,-3.739901],[-44.8969546,-3.7398979],[-44.8969805,-3.7398952],[-44.8970063,-3.739893],[-44.897032,-3.7398913],[-44.8970575,-3.7398901],[-44.8970844,-3.7398894],[-44.8971125,-3.7398893],[-44.8971418,-3.7398897],[-44.8971725,-3.7398907],[-44.8972029,-3.7398925],[-44.8972331,-3.7398952],[-44.897263,-3.7398987],[-44.8972927,-3.7399031],[-44.8973231,-3.7399082],[-44.8973542,-3.7399141],[-44.8973861,-3.7399206],[-44.8974187,-3.7399279],[-44.8974502,-3.7399355],[-44.8974806,-3.7399433],[-44.8975099,-3.7399513],[-44.8975382,-3.7399596],[-44.8975663,-3.7399683],[-44.8975942,-3.7399776],[-44.8976221,-3.7399873],[-44.8976498,-3.7399975],[-44.8976765,-3.740008],[-44.897702,-3.7400187],[-44.8977265,-3.7400296],[-44.8977498,-3.7400408],[-44.8977729,-3.7400535],[-44.8977958,-3.7400676],[-44.8978184,-3.7400831],[-44.8978408,-3.7401002],[-44.8978645,-3.7401196],[-44.8978896,-3.7401415],[-44.897916,-3.7401659],[-44.8979437,-3.7401926],[-44.8979703,-3.7402191],[-44.8979959,-3.7402454],[-44.8980203,-3.7402714],[-44.8980437,-3.7402972],[-44.8980673,-3.7403239],[-44.8980911,-3.7403514],[-44.8981152,-3.7403797],[-44.8981396,-3.7404089],[-44.8981627,-3.7404379],[-44.8981846,-3.7404666],[-44.8982052,-3.740495],[-44.8982247,-3.7405232],[-44.8982439,-3.7405517],[-44.8982629,-3.7405804],[-44.8982816,-3.7406094],[-44.8983001,-3.7406386],[-44.8983184,-3.7406678],[-44.8983364,-3.740697],[-44.8983541,-3.7407261],[-44.8983716,-3.7407553],[-44.8983893,-3.7407851],[-44.898407,-3.7408156],[-44.8984249,-3.7408466],[-44.8984429,-3.7408782],[-44.8984594,-3.7409087],[-44.8984742,-3.7409382],[-44.8984875,-3.7409665],[-44.8984991,-3.7409938],[-44.8985119,-3.7410225],[-44.8985258,-3.7410526],[-44.8985407,-3.7410843],[-44.8985568,-3.7411174],[-44.8985722,-3.7411493],[-44.8985871,-3.7411802],[-44.8986013,-3.74121],[-44.8986149,-3.7412387],[-44.8986284,-3.7412676],[-44.8986418,-3.7412965],[-44.8986551,-3.7413256],[-44.8986682,-3.7413548],[-44.8986816,-3.7413841],[-44.8986952,-3.7414136],[-44.8987091,-3.7414431],[-44.8987232,-3.7414728],[-44.8987374,-3.7415028],[-44.8987518,-3.7415332],[-44.8987663,-3.741564],[-44.8987809,-3.7415952],[-44.8987958,-3.741627],[-44.8988111,-3.7416596],[-44.8988268,-3.741693],[-44.8988429,-3.741727],[-44.8988576,-3.7417585],[-44.898871,-3.7417875],[-44.898883,-3.7418139],[-44.8988937,-3.7418377],[-44.8989041,-3.7418618],[-44.8989141,-3.7418861],[-44.8989237,-3.7419107],[-44.8989329,-3.7419355],[-44.8989409,-3.741959],[-44.8989478,-3.7419811],[-44.8989533,-3.7420019],[-44.8989577,-3.7420214],[-44.8989631,-3.7420433],[-44.8989694,-3.7420676],[-44.8989767,-3.7420944],[-44.8989854,-3.742125],[-44.898993,-3.7421514],[-44.8990008,-3.742178],[-44.8990083,-3.7422031],[-44.8990156,-3.742227],[-44.8990227,-3.7422503],[-44.8990295,-3.7422732],[-44.8990361,-3.7422956],[-44.8990424,-3.7423175],[-44.8990484,-3.7423394],[-44.8990539,-3.7423613],[-44.8990592,-3.7423832],[-44.899064,-3.7424051],[-44.8990689,-3.7424301],[-44.8990738,-3.7424583],[-44.8990786,-3.7424897],[-44.8990835,-3.7425243],[-44.8990884,-3.7425602],[-44.8990932,-3.7425974],[-44.8990981,-3.7426359],[-44.899103,-3.7426758],[-44.8991078,-3.7427135],[-44.8991127,-3.7427491],[-44.8991176,-3.7427824],[-44.8991224,-3.7428135],[-44.8991275,-3.742847],[-44.8991329,-3.7428828],[-44.8991385,-3.7429208],[-44.8991443,-3.7429612],[-44.8991511,-3.743008],[-44.8991588,-3.7430613],[-44.8991675,-3.7431211],[-44.8991771,-3.7431872],[-44.8991874,-3.7432523],[-44.8991982,-3.7433163],[-44.8992098,-3.7433792],[-44.8992219,-3.743441],[-44.8992326,-3.7434962],[-44.8992419,-3.7435449],[-44.8992497,-3.7435869],[-44.899256,-3.7436225],[-44.8992618,-3.743656],[-44.8992672,-3.7436877],[-44.8992721,-3.7437173],[-44.8992764,-3.7437451],[-44.8992806,-3.7437725],[-44.8992845,-3.7437995],[-44.8992881,-3.7438261],[-44.8992915,-3.7438524],[-44.899295,-3.7438801],[-44.8992987,-3.7439093],[-44.8993025,-3.74394],[-44.8993064,-3.7439721],[-44.8993102,-3.7440049],[-44.8993141,-3.7440385],[-44.899318,-3.7440728],[-44.8993219,-3.7441078],[-44.8993255,-3.7441404],[-44.8993286,-3.7441706],[-44.8993314,-3.7441983],[-44.8993338,-3.7442236],[-44.8993359,-3.7442504],[-44.8993376,-3.7442786],[-44.899339,-3.7443083],[-44.8993399,-3.7443394],[-44.8993408,-3.7443691],[-44.8993415,-3.7443973],[-44.8993421,-3.7444241],[-44.8993426,-3.7444494],[-44.8993432,-3.7444749],[-44.8993439,-3.7445007],[-44.8993448,-3.7445268],[-44.8993458,-3.744553],[-44.8993465,-3.7445789],[-44.899347,-3.7446045],[-44.8993472,-3.7446297],[-44.8993472,-3.7446545],[-44.899347,-3.7446794],[-44.8993465,-3.7447045],[-44.8993458,-3.7447297],[-44.8993448,-3.744755],[-44.8993441,-3.7447798],[-44.8993438,-3.7448043],[-44.8993437,-3.7448283],[-44.8993439,-3.7448519],[-44.8993444,-3.7448741],[-44.899345,-3.7448949],[-44.8993458,-3.7449143],[-44.8993467,-3.7449323],[-44.8993477,-3.7449486],[-44.8993487,-3.7449633],[-44.8993497,-3.7449763],[-44.8993506,-3.7449876],[-44.8993515,-3.7449997],[-44.8993522,-3.7450126],[-44.8993528,-3.7450263],[-44.8993533,-3.7450408],[-44.8993536,-3.7450566],[-44.8993537,-3.7450738],[-44.8993537,-3.7450924],[-44.8993534,-3.7451124],[-44.8993531,-3.7451313],[-44.8993528,-3.7451491],[-44.8993523,-3.745166],[-44.8993518,-3.7451818],[-44.8993515,-3.745197],[-44.8993512,-3.7452114],[-44.8993511,-3.7452252],[-44.8993511,-3.7452384],[-44.8993515,-3.7452513],[-44.8993522,-3.7452639],[-44.8993533,-3.7452763],[-44.8993548,-3.7452885],[-44.8993567,-3.7453007],[-44.899359,-3.7453128],[-44.8993617,-3.745325],[-44.8993649,-3.7453371],[-44.8993683,-3.7453492],[-44.8993721,-3.7453611],[-44.8993762,-3.7453729],[-44.8993806,-3.7453846],[-44.8993854,-3.7453966],[-44.8993906,-3.7454089],[-44.8993962,-3.7454214],[-44.8994023,-3.7454343],[-44.8994082,-3.745447],[-44.8994138,-3.7454594],[-44.8994191,-3.7454716],[-44.8994242,-3.7454835],[-44.8994297,-3.745496],[-44.8994355,-3.7455092],[-44.8994417,-3.7455229],[-44.8994483,-3.7455372],[-44.8994545,-3.7455511],[-44.8994604,-3.7455643],[-44.8994658,-3.745577],[-44.8994709,-3.7455892],[-44.8994761,-3.7456018],[-44.8994813,-3.7456148],[-44.8994866,-3.7456282],[-44.899492,-3.7456421],[-44.8994975,-3.7456556],[-44.8995031,-3.7456687],[-44.8995088,-3.7456815],[-44.8995146,-3.7456939],[-44.8995204,-3.7457057],[-44.8995263,-3.7457169],[-44.8995321,-3.7457275],[-44.899538,-3.7457375],[-44.8995446,-3.7457478],[-44.899552,-3.7457583],[-44.8995602,-3.7457692],[-44.8995692,-3.7457804],[-44.8995791,-3.745792],[-44.8995898,-3.7458041],[-44.8996013,-3.7458165],[-44.8996137,-3.7458294],[-44.8996272,-3.7458431],[-44.8996417,-3.7458574],[-44.8996572,-3.7458725],[-44.8996737,-3.7458883],[-44.8996908,-3.7459042],[-44.8997084,-3.7459201],[-44.8997264,-3.7459361],[-44.8997451,-3.7459522],[-44.8997634,-3.7459675],[-44.8997816,-3.7459822],[-44.8997994,-3.7459961],[-44.8998171,-3.7460094],[-44.8998347,-3.7460226],[-44.8998523,-3.7460358],[-44.8998698,-3.746049],[-44.8998873,-3.7460621],[-44.8999068,-3.7460769],[-44.8999202,-3.7460871],[-44.8999355,-3.746099],[-44.8999501,-3.7461104],[-44.8999644,-3.7461216],[-44.8999784,-3.7461324],[-44.8999921,-3.7461429],[-44.9000054,-3.7461531],[-44.9000193,-3.7461637],[-44.9000337,-3.7461747],[-44.9000485,-3.746186],[-44.9000638,-3.7461976],[-44.9000789,-3.7462095],[-44.9000938,-3.7462216],[-44.9001083,-3.7462338],[-44.9001227,-3.7462462],[-44.900137,-3.746259],[-44.9001512,-3.7462721],[-44.9001654,-3.7462856],[-44.9001795,-3.7462995],[-44.9001939,-3.7463134],[-44.9002086,-3.7463274],[-44.9002237,-3.7463414],[-44.900239,-3.7463555],[-44.900255,-3.74637],[-44.9002718,-3.7463847],[-44.9002894,-3.7463997],[-44.9003076,-3.746415],[-44.900326,-3.74643],[-44.9003446,-3.7464448],[-44.9003634,-3.7464592],[-44.9003824,-3.7464733],[-44.9004011,-3.7464873],[-44.9004194,-3.7465011],[-44.9004375,-3.7465149],[-44.900457,-3.7465298],[-44.9005172,-3.7465775],[-44.9005863,-3.7466339],[-44.9005977,-3.7466434],[-44.9006094,-3.7466531],[-44.9006224,-3.7466638],[-44.9006366,-3.7466755],[-44.9006521,-3.7466881],[-44.9006689,-3.7467017],[-44.9006844,-3.7467141],[-44.9006986,-3.7467253],[-44.9007116,-3.7467353],[-44.9007233,-3.7467441],[-44.900736,-3.7467532],[-44.9007499,-3.7467627],[-44.9007649,-3.7467725],[-44.9007809,-3.7467828],[-44.9007969,-3.7467926],[-44.9008128,-3.7468021],[-44.9008287,-3.7468112],[-44.9008445,-3.74682],[-44.9008606,-3.7468288],[-44.9008771,-3.7468377],[-44.9008938,-3.7468466],[-44.9009108,-3.7468556],[-44.9009277,-3.7468643],[-44.9009443,-3.7468725],[-44.9009608,-3.7468804],[-44.9009771,-3.746888],[-44.9009939,-3.7468956],[-44.9010112,-3.7469032],[-44.9010289,-3.746911],[-44.9010472,-3.7469187],[-44.9010659,-3.7469266],[-44.9010851,-3.7469345],[-44.9011048,-3.7469425],[-44.901125,-3.7469505],[-44.9011455,-3.7469585],[-44.9011663,-3.7469664],[-44.9011874,-3.7469742],[-44.9012089,-3.746982],[-44.9012298,-3.7469892],[-44.9012504,-3.7469959],[-44.9012705,-3.7470021],[-44.9012902,-3.7470077],[-44.9013102,-3.747013],[-44.9013306,-3.7470179],[-44.9013512,-3.7470226],[-44.9013721,-3.747027],[-44.901392,-3.7470309],[-44.9014108,-3.7470343],[-44.9014287,-3.7470372],[-44.9014454,-3.7470397],[-44.9014622,-3.7470417],[-44.9014788,-3.7470433],[-44.9014954,-3.7470444],[-44.901512,-3.7470451],[-44.90153,-3.7470456],[-44.9015495,-3.7470457],[-44.9015704,-3.7470455],[-44.9015928,-3.747045],[-44.9016154,-3.7470442],[-44.9016383,-3.7470429],[-44.9016614,-3.7470414],[-44.9016847,-3.7470394],[-44.9017099,-3.747037],[-44.9017369,-3.7470341],[-44.9017657,-3.7470307],[-44.9017964,-3.7470268],[-44.9018284,-3.7470221],[-44.9018617,-3.7470168],[-44.9018964,-3.7470107],[-44.9019324,-3.7470039],[-44.9019658,-3.7469973],[-44.9019967,-3.746991],[-44.9020251,-3.7469849],[-44.9020509,-3.7469791],[-44.9020767,-3.7469736],[-44.9021024,-3.7469685],[-44.9021282,-3.7469638],[-44.902154,-3.7469594],[-44.9021807,-3.7469551],[-44.9022081,-3.746951],[-44.9022365,-3.746947],[-44.9022657,-3.7469431],[-44.9022934,-3.7469394],[-44.9023197,-3.746936],[-44.9023445,-3.7469329],[-44.9023679,-3.7469299],[-44.9023915,-3.7469271],[-44.9024153,-3.7469245],[-44.9024394,-3.7469219],[-44.9024637,-3.7469195],[-44.9024893,-3.7469166],[-44.902516,-3.7469132],[-44.902544,-3.7469093],[-44.9025732,-3.7469049],[-44.9026025,-3.7469004],[-44.902632,-3.7468958],[-44.9026615,-3.746891],[-44.9026912,-3.7468861],[-44.9027204,-3.7468815],[-44.9027491,-3.7468771],[-44.9027773,-3.746873],[-44.9028051,-3.7468691],[-44.9028347,-3.746865],[-44.9028664,-3.7468606],[-44.9028999,-3.746856],[-44.9029355,-3.7468511],[-44.9029762,-3.7468461],[-44.9030222,-3.7468408],[-44.9030734,-3.7468354],[-44.9031298,-3.7468298],[-44.9031773,-3.7468256],[-44.9032159,-3.7468228],[-44.9032455,-3.7468214],[-44.9032662,-3.7468214],[-44.9032855,-3.7468214],[-44.9033035,-3.7468213],[-44.9033202,-3.7468211],[-44.9033355,-3.7468208],[-44.9033521,-3.7468209],[-44.9033698,-3.7468213],[-44.9033888,-3.7468219],[-44.903409,-3.7468229],[-44.9034275,-3.7468243],[-44.9034443,-3.7468261],[-44.9034594,-3.7468284],[-44.9034728,-3.746831],[-44.9034861,-3.7468341],[-44.9034995,-3.7468375],[-44.9035129,-3.7468413],[-44.9035263,-3.7468454],[-44.9035398,-3.7468501],[-44.9035534,-3.7468553],[-44.9035671,-3.7468611],[-44.903581,-3.7468674],[-44.9035939,-3.7468735],[-44.9036058,-3.7468793],[-44.9036168,-3.7468849],[-44.9036268,-3.7468903],[-44.9036376,-3.7468965],[-44.9036494,-3.7469035],[-44.9036621,-3.7469115],[-44.9036758,-3.7469202],[-44.9036914,-3.746931],[-44.903709,-3.7469439],[-44.9037287,-3.7469589],[-44.9037503,-3.7469759],[-44.9037712,-3.7469924],[-44.9037914,-3.7470084],[-44.9038107,-3.7470239],[-44.9038293,-3.7470389],[-44.9038463,-3.7470523],[-44.9038616,-3.7470641],[-44.9038751,-3.7470745],[-44.9038871,-3.7470832],[-44.9038994,-3.7470922],[-44.903912,-3.7471015],[-44.903925,-3.7471109],[-44.9039384,-3.7471207],[-44.9039521,-3.7471307],[-44.9039661,-3.7471411],[-44.9039804,-3.7471517],[-44.903995,-3.7471626],[-44.9040096,-3.7471737],[-44.9040242,-3.7471849],[-44.9040388,-3.7471962],[-44.9040534,-3.7472077],[-44.9040678,-3.7472193],[-44.904082,-3.7472313],[-44.904096,-3.7472434],[-44.9041099,-3.7472558],[-44.9041225,-3.7472674],[-44.9041338,-3.7472781],[-44.9041439,-3.7472879],[-44.9041526,-3.7472969],[-44.9041613,-3.7473057],[-44.9041698,-3.7473142],[-44.9041782,-3.7473225],[-44.9041864,-3.7473305],[-44.9041946,-3.7473381],[-44.9042028,-3.7473453],[-44.9042109,-3.747352],[-44.9042189,-3.7473584],[-44.9042275,-3.7473649],[-44.9042368,-3.7473716],[-44.9042466,-3.7473784],[-44.9042571,-3.7473855],[-44.9042675,-3.7473923],[-44.9042778,-3.7473989],[-44.9042881,-3.7474052],[-44.9042983,-3.7474113],[-44.904309,-3.7474174],[-44.9043202,-3.7474236],[-44.9043319,-3.7474299],[-44.9043441,-3.7474362],[-44.9043555,-3.7474422],[-44.9043662,-3.747448],[-44.9043762,-3.7474534],[-44.9043854,-3.7474585],[-44.9043951,-3.7474638],[-44.9044052,-3.7474694],[-44.9044157,-3.7474753],[-44.9044267,-3.7474813],[-44.9044376,-3.747488],[-44.9044486,-3.7474952],[-44.9044595,-3.7475029],[-44.9044705,-3.7475112],[-44.9044818,-3.7475202],[-44.9044935,-3.7475301],[-44.9045055,-3.7475407],[-44.9045179,-3.7475521],[-44.9045304,-3.7475639],[-44.9045429,-3.7475759],[-44.9045555,-3.7475883],[-44.9045681,-3.7476009],[-44.9045816,-3.7476145],[-44.9045958,-3.747629],[-44.9046108,-3.7476444],[-44.9046267,-3.7476607],[-44.904641,-3.7476756],[-44.9046539,-3.7476892],[-44.9046653,-3.7477015],[-44.9046753,-3.7477125],[-44.9046859,-3.7477243],[-44.9046971,-3.7477371],[-44.9047089,-3.7477508],[-44.9047213,-3.7477654],[-44.9047332,-3.7477789],[-44.9047445,-3.7477915],[-44.9047552,-3.747803],[-44.9047655,-3.7478134],[-44.9047755,-3.7478232],[-44.9047855,-3.7478322],[-44.9047954,-3.7478404],[-44.9048051,-3.747848],[-44.9048147,-3.7478551],[-44.9048242,-3.7478618],[-44.9048336,-3.7478681],[-44.9048428,-3.7478739],[-44.904853,-3.7478799],[-44.9048642,-3.7478859],[-44.9048764,-3.7478921],[-44.9048895,-3.7478985],[-44.9049032,-3.7479046],[-44.9049174,-3.7479106],[-44.9049322,-3.7479163],[-44.9049476,-3.7479219],[-44.9049625,-3.7479272],[-44.9049769,-3.7479322],[-44.904991,-3.7479369],[-44.9050046,-3.7479413],[-44.905018,-3.7479453],[-44.9050311,-3.7479489],[-44.905044,-3.7479522],[-44.9050567,-3.7479551],[-44.9050698,-3.7479576],[-44.9050834,-3.7479595],[-44.9050975,-3.747961],[-44.9051121,-3.747962],[-44.9051259,-3.7479626],[-44.9051388,-3.7479628],[-44.9051508,-3.7479627],[-44.905162,-3.7479622],[-44.9051737,-3.7479612],[-44.905186,-3.7479598],[-44.9051989,-3.7479578],[-44.9052122,-3.7479554],[-44.9052271,-3.7479528],[-44.9052436,-3.74795],[-44.9052615,-3.747947],[-44.905281,-3.7479438],[-44.9053012,-3.7479404],[-44.9053223,-3.7479368],[-44.9053441,-3.7479329],[-44.9053667,-3.7479288],[-44.9053891,-3.7479243],[-44.9054113,-3.7479194],[-44.9054331,-3.7479142],[-44.9054548,-3.7479086],[-44.9054758,-3.7479031],[-44.9054963,-3.7478977],[-44.9055161,-3.7478925],[-44.9055353,-3.7478874],[-44.9055544,-3.747882],[-44.9055732,-3.7478763],[-44.9055919,-3.7478702],[-44.9056104,-3.7478639],[-44.9056286,-3.7478573],[-44.9056465,-3.7478505],[-44.905664,-3.7478435],[-44.9056813,-3.7478362],[-44.905701,-3.7478275],[-44.9057231,-3.7478176],[-44.9057477,-3.7478063],[-44.9057747,-3.7477936],[-44.9058013,-3.7477816],[-44.9058275,-3.7477701],[-44.9058532,-3.7477593],[-44.9058785,-3.7477491],[-44.9059062,-3.7477377],[-44.9059364,-3.747725],[-44.905969,-3.7477111],[-44.906004,-3.747696],[-44.9060361,-3.7476823],[-44.9060653,-3.7476699],[-44.9060916,-3.7476588],[-44.906115,-3.7476491],[-44.9061415,-3.7476383],[-44.9061712,-3.7476263],[-44.906204,-3.7476133],[-44.90624,-3.7475992],[-44.9062761,-3.7475847],[-44.9063124,-3.7475699],[-44.9063488,-3.7475547],[-44.9063853,-3.7475391],[-44.906422,-3.7475237],[-44.906459,-3.7475084],[-44.9064962,-3.7474931],[-44.9065337,-3.7474781],[-44.906571,-3.747463],[-44.9066082,-3.7474479],[-44.9066453,-3.7474328],[-44.9066823,-3.7474177],[-44.9067176,-3.7474041],[-44.9067512,-3.7473919],[-44.906783,-3.7473812],[-44.9068132,-3.747372],[-44.9068441,-3.7473631],[-44.9068757,-3.7473546],[-44.9069081,-3.7473464],[-44.9069412,-3.7473387],[-44.9069739,-3.7473305],[-44.9070062,-3.747322],[-44.9070382,-3.7473131],[-44.9070699,-3.7473039],[-44.907106,-3.7472941],[-44.9071466,-3.7472839],[-44.9071917,-3.7472732],[-44.9072414,-3.747262],[-44.9072888,-3.7472522],[-44.9073341,-3.7472437],[-44.9073771,-3.7472365],[-44.907418,-3.7472306],[-44.907459,-3.7472255],[-44.9075001,-3.7472212],[-44.9075413,-3.7472175],[-44.9075827,-3.7472146],[-44.907623,-3.747213],[-44.9076621,-3.7472128],[-44.9077002,-3.7472139],[-44.9077372,-3.7472163],[-44.9077733,-3.7472195],[-44.9078086,-3.7472233],[-44.907843,-3.747228],[-44.9078766,-3.7472333],[-44.9079094,-3.747239],[-44.9079416,-3.7472451],[-44.9079729,-3.7472516],[-44.9080036,-3.7472584],[-44.9080346,-3.7472656],[-44.908066,-3.7472731],[-44.9080977,-3.747281],[-44.9081299,-3.7472893],[-44.9081627,-3.7472973],[-44.9081963,-3.7473051],[-44.9082306,-3.7473126],[-44.9082656,-3.7473199],[-44.9082999,-3.7473266],[-44.9083335,-3.7473327],[-44.9083663,-3.7473382],[-44.9083984,-3.747343],[-44.9084303,-3.747348],[-44.9084619,-3.7473531],[-44.9084933,-3.7473584],[-44.9085245,-3.7473637],[-44.9085554,-3.7473697],[-44.908586,-3.7473762],[-44.9086164,-3.7473834],[-44.9086466,-3.7473912],[-44.9086781,-3.7474001],[-44.9087109,-3.7474101],[-44.9087451,-3.7474211],[-44.9087806,-3.7474333],[-44.9088149,-3.7474457],[-44.908848,-3.7474584],[-44.9088799,-3.7474713],[-44.9089106,-3.7474844],[-44.9089418,-3.7474981],[-44.9089737,-3.7475125],[-44.9090062,-3.7475275],[-44.9090393,-3.747543],[-44.9090695,-3.7475574],[-44.909097,-3.7475705],[-44.9091217,-3.7475824],[-44.9091436,-3.7475931],[-44.9091666,-3.7476045],[-44.9091907,-3.7476164],[-44.9092159,-3.7476289],[-44.9092417,-3.7476418],[-44.9092891,-3.7476499],[-44.909284,-3.7476634],[-44.9092965,-3.7476698],[-44.9093246,-3.7476844],[-44.9093533,-3.7476995],[-44.9093813,-3.7477139],[-44.9094086,-3.7477278],[-44.9094351,-3.7477411],[-44.9094609,-3.7477537],[-44.9094858,-3.7477653],[-44.9095099,-3.7477757],[-44.9095331,-3.7477851],[-44.9095555,-3.7477934],[-44.9095794,-3.7478015],[-44.9096047,-3.7478095],[-44.9096314,-3.7478174],[-44.9096596,-3.7478252],[-44.9096888,-3.7478327],[-44.909719,-3.7478397],[-44.9097501,-3.7478464],[-44.9097823,-3.7478527],[-44.9098152,-3.7478588],[-44.909849,-3.7478646],[-44.9098837,-3.7478702],[-44.9099192,-3.7478756],[-44.9099518,-3.7478802],[-44.9099815,-3.7478841],[-44.9100083,-3.7478873],[-44.9100321,-3.7478897],[-44.910057,-3.747892],[-44.9100831,-3.7478942],[-44.9101102,-3.7478963],[-44.9101384,-3.7478982],[-44.9101665,-3.7478999],[-44.9101945,-3.7479014],[-44.9102224,-3.7479026],[-44.9102501,-3.7479036],[-44.9102781,-3.7479038],[-44.9103063,-3.7479033],[-44.9103348,-3.7479021],[-44.9103635,-3.7479002],[-44.9103931,-3.7478976],[-44.9104238,-3.7478944],[-44.9104554,-3.7478907],[-44.910488,-3.7478863],[-44.9105215,-3.7478817],[-44.9105558,-3.7478768],[-44.910589,-3.747872],[-44.9106269,-3.7478663],[-44.9106627,-3.7478609],[-44.9106982,-3.7478553],[-44.9107335,-3.7478496],[-44.9107685,-3.7478437],[-44.9108047,-3.7478373],[-44.9108419,-3.7478302],[-44.9108802,-3.7478226],[-44.9109196,-3.7478143],[-44.9109596,-3.7478053],[-44.9110003,-3.7477956],[-44.9110415,-3.7477851],[-44.9110833,-3.7477739],[-44.9111229,-3.7477632],[-44.9111601,-3.747753],[-44.911195,-3.7477432],[-44.9112276,-3.747734],[-44.9112609,-3.747725],[-44.911295,-3.7477162],[-44.9113298,-3.7477077],[-44.9113653,-3.7476995],[-44.9114017,-3.7476919],[-44.9114389,-3.7476851],[-44.911477,-3.747679],[-44.9115159,-3.7476737],[-44.911554,-3.7476692],[-44.9115912,-3.7476655],[-44.9116276,-3.7476627],[-44.9116631,-3.7476608],[-44.9116978,-3.7476589],[-44.9117316,-3.7476572],[-44.9117645,-3.7476557],[-44.9117967,-3.7476542],[-44.911828,-3.7476534],[-44.9118587,-3.7476531],[-44.9118886,-3.7476535],[-44.9119178,-3.7476544],[-44.9119493,-3.7476561],[-44.9119831,-3.7476586],[-44.9120193,-3.7476617],[-44.9120577,-3.7476656],[-44.9120953,-3.7476698],[-44.912132,-3.7476742],[-44.9121679,-3.7476788],[-44.912203,-3.7476836],[-44.9122374,-3.7476893],[-44.9122712,-3.7476957],[-44.9123044,-3.747703],[-44.912337,-3.747711],[-44.9123663,-3.7477187],[-44.9123922,-3.7477262],[-44.9124147,-3.7477333],[-44.912434,-3.7477401],[-44.912453,-3.7477471],[-44.9124718,-3.7477544],[-44.9124905,-3.747762],[-44.912509,-3.7477698],[-44.912526,-3.7477773],[-44.9125416,-3.7477846],[-44.9125557,-3.7477917],[-44.9125684,-3.7477985],[-44.9125808,-3.7478054],[-44.9125929,-3.7478125],[-44.9126049,-3.7478196],[-44.9126165,-3.7478269],[-44.9126288,-3.747835],[-44.9126417,-3.7478439],[-44.9126552,-3.7478536],[-44.9126693,-3.747864],[-44.9126828,-3.7478745],[-44.9126957,-3.747885],[-44.912708,-3.7478954],[-44.9127197,-3.7479059],[-44.9127315,-3.7479173],[-44.9127436,-3.7479295],[-44.9127558,-3.7479427],[-44.9127682,-3.7479569],[-44.9127807,-3.7479716],[-44.9127932,-3.7479869],[-44.9128058,-3.7480028],[-44.9128185,-3.7480194],[-44.9128322,-3.7480376],[-44.912847,-3.7480576],[-44.912863,-3.7480792],[-44.91288,-3.7481026],[-44.9128966,-3.7481264],[-44.9129126,-3.7481508],[-44.9129282,-3.7481756],[-44.9129433,-3.7482009],[-44.912958,-3.7482264],[-44.9129723,-3.7482522],[-44.9129863,-3.7482782],[-44.913,-3.7483045],[-44.9130135,-3.748332],[-44.9130268,-3.7483607],[-44.9130401,-3.7483906],[-44.9130532,-3.7484218],[-44.9130583,-3.7484347],[-44.9130696,-3.7484661],[-44.913077,-3.7484841],[-44.9130875,-3.7485152],[-44.9130973,-3.7485463],[-44.9131068,-3.748577],[-44.913116,-3.7486072],[-44.913125,-3.7486368],[-44.9131338,-3.748666],[-44.913142,-3.7486945],[-44.9131498,-3.7487222],[-44.9131571,-3.7487492],[-44.9131639,-3.7487755],[-44.9131705,-3.7488023],[-44.9131768,-3.7488295],[-44.9131829,-3.7488573],[-44.9131887,-3.7488855],[-44.9131943,-3.7489122],[-44.9131997,-3.7489375],[-44.9132048,-3.7489614],[-44.9132097,-3.7489838],[-44.9132149,-3.7490064],[-44.9132205,-3.7490293],[-44.9132265,-3.7490524],[-44.9132328,-3.7490757],[-44.9132403,-3.7491026],[-44.9132491,-3.749133],[-44.9132591,-3.749167],[-44.9132702,-3.7492044],[-44.9132801,-3.7492393],[-44.9132886,-3.7492717],[-44.9132958,-3.7493015],[-44.9133016,-3.7493287],[-44.9133072,-3.7493578],[-44.9133126,-3.7493887],[-44.9133177,-3.7494214],[-44.9133226,-3.749456],[-44.9133267,-3.7494896],[-44.9133301,-3.7495222],[-44.9133328,-3.7495538],[-44.9133347,-3.7495844],[-44.9133362,-3.7496136],[-44.9133371,-3.7496414],[-44.9133376,-3.7496676],[-44.9133376,-3.7496925],[-44.9133371,-3.7497182],[-44.9133362,-3.749745],[-44.9133347,-3.7497727],[-44.9133328,-3.7498014],[-44.9133301,-3.7498294],[-44.9133267,-3.7498567],[-44.9133226,-3.7498832],[-44.9133177,-3.749909],[-44.9133126,-3.7499339],[-44.9133072,-3.749958],[-44.9133016,-3.7499812],[-44.9132958,-3.7500036],[-44.9132898,-3.7500279],[-44.9132837,-3.7500542],[-44.9132775,-3.7500824],[-44.9132712,-3.7501126],[-44.9132656,-3.7501413],[-44.9132608,-3.7501686],[-44.9132566,-3.7501944],[-44.9132532,-3.7502187],[-44.9132502,-3.7502428],[-44.9132475,-3.7502666],[-44.9132452,-3.7502902],[-44.9132432,-3.7503136],[-44.9132424,-3.7503379],[-44.9132426,-3.7503632],[-44.913244,-3.7503895],[-44.9132464,-3.7504167],[-44.9132494,-3.7504441],[-44.9132531,-3.7504716],[-44.9132574,-3.7504992],[-44.9132622,-3.7505269],[-44.9132683,-3.7505564],[-44.9132756,-3.7505875],[-44.9132841,-3.7506203],[-44.9132938,-3.7506549],[-44.9133042,-3.7506877],[-44.9133151,-3.7507189],[-44.9133267,-3.7507483],[-44.9133389,-3.7507761],[-44.9133509,-3.750802],[-44.9133628,-3.750826],[-44.9133746,-3.7508483],[-44.9133863,-3.7508687],[-44.9133994,-3.7508897],[-44.913414,-3.7509111],[-44.9134301,-3.750933],[-44.9134476,-3.7509554],[-44.9134651,-3.7509764],[-44.9134826,-3.7509961],[-44.9135002,-3.7510145],[-44.9135177,-3.7510315],[-44.9135386,-3.7510511],[-44.9135629,-3.7510732],[-44.9135907,-3.7510979],[-44.9136218,-3.7511252],[-44.9136539,-3.7511544],[-44.913687,-3.7511855],[-44.9137211,-3.7512186],[-44.9137561,-3.7512536],[-44.9137886,-3.7512871],[-44.9138185,-3.7513189],[-44.9138459,-3.7513492],[-44.9138707,-3.7513779],[-44.9138952,-3.751406],[-44.9139196,-3.7514335],[-44.9139437,-3.7514604],[-44.9139675,-3.7514867],[-44.9139927,-3.7515142],[-44.9140192,-3.7515429],[-44.9140471,-3.7515728],[-44.9140763,-3.751604],[-44.914104,-3.7516325],[-44.9141303,-3.7516586],[-44.9141551,-3.751682],[-44.9141784,-3.751703],[-44.9142025,-3.7517234],[-44.9142273,-3.7517434],[-44.9142529,-3.7517628],[-44.9142792,-3.7517818],[-44.9143077,-3.751801],[-44.9143386,-3.7518205],[-44.9143718,-3.7518402],[-44.9144074,-3.7518601],[-44.9144411,-3.7518787],[-44.9144729,-3.751896],[-44.914503,-3.751912],[-44.9145312,-3.7519266],[-44.9145609,-3.7519413],[-44.914592,-3.7519561],[-44.9146246,-3.7519711],[-44.9146587,-3.7519862],[-44.9146933,-3.7520009],[-44.9147286,-3.7520152],[-44.9147645,-3.7520292],[-44.914801,-3.7520428],[-44.9148374,-3.7520566],[-44.9148736,-3.7520705],[-44.9149098,-3.7520844],[-44.9149458,-3.7520986],[-44.9149841,-3.7521132],[-44.9150247,-3.7521282],[-44.9150676,-3.7521438],[-44.9151129,-3.7521599],[-44.9151589,-3.752176],[-44.9152056,-3.7521923],[-44.915253,-3.7522088],[-44.9153012,-3.7522253],[-44.9153458,-3.7522405],[-44.915387,-3.7522544],[-44.9154245,-3.7522669],[-44.9154586,-3.7522781],[-44.9154938,-3.7522894],[-44.91553,-3.7523008],[-44.9155705,-3.7523133],[-44.9156058,-3.7523241],[-44.9156447,-3.7523356],[-44.9156841,-3.7523471],[-44.915724,-3.7523584],[-44.9157644,-3.7523696],[-44.9158035,-3.7523804],[-44.9158412,-3.7523909],[-44.9158775,-3.752401],[-44.9159126,-3.7524107],[-44.9159481,-3.7524209],[-44.9159841,-3.7524316],[-44.9160206,-3.7524428],[-44.9160576,-3.7524545],[-44.9160941,-3.7524668],[-44.9161301,-3.7524797],[-44.9161656,-3.7524932],[-44.9162006,-3.7525073],[-44.916234,-3.7525211],[-44.9162656,-3.7525348],[-44.9162955,-3.7525481],[-44.9163237,-3.7525613],[-44.9163525,-3.7525757],[-44.9163818,-3.7525914],[-44.9164117,-3.7526084],[-44.9164421,-3.7526266],[-44.9164692,-3.7526433],[-44.9164929,-3.7526585],[-44.9165132,-3.7526722],[-44.9165303,-3.7526844],[-44.9165474,-3.7526969],[-44.9165647,-3.7527096],[-44.9165821,-3.7527227],[-44.9165996,-3.7527361],[-44.916617,-3.7527493],[-44.9166343,-3.7527623],[-44.9166514,-3.7527751],[-44.9166685,-3.7527878],[-44.9166845,-3.7527992],[-44.9166996,-3.7528093],[-44.9167137,-3.7528181],[-44.9167269,-3.7528256],[-44.9167419,-3.7528332],[-44.9167588,-3.7528409],[-44.9167776,-3.7528486],[-44.9167983,-3.7528564],[-44.916819,-3.7528633],[-44.9168398,-3.7528692],[-44.9168607,-3.7528743],[-44.9168816,-3.7528784],[-44.9169037,-3.752882],[-44.9169269,-3.752885],[-44.9169513,-3.7528875],[-44.9169768,-3.7528895],[-44.9170094,-3.7528904],[-44.9170489,-3.7528904],[-44.9170954,-3.7528895],[-44.917149,-3.7528875],[-44.9172042,-3.7528846],[-44.9172611,-3.7528807],[-44.9173197,-3.7528759],[-44.9173801,-3.75287],[-44.9174397,-3.7528637],[-44.9174986,-3.7528569],[-44.9175567,-3.7528496],[-44.9176141,-3.7528418],[-44.9176708,-3.7528333],[-44.9177268,-3.752824],[-44.917782,-3.7528141],[-44.9178365,-3.7528034],[-44.9178944,-3.7527914],[-44.9179557,-3.7527783],[-44.9180204,-3.7527639],[-44.9180885,-3.7527484],[-44.9181583,-3.7527326],[-44.9182299,-3.7527165],[-44.9183031,-3.7527002],[-44.918378,-3.7526837],[-44.9184516,-3.7526669],[-44.9185239,-3.7526498],[-44.9185948,-3.7526326],[-44.9186644,-3.7526151],[-44.9187362,-3.7525952],[-44.9188101,-3.7525731],[-44.9188863,-3.7525486],[-44.9189646,-3.7525219],[-44.9190367,-3.7524955],[-44.9191027,-3.7524694],[-44.9191624,-3.7524438],[-44.9192159,-3.7524185],[-44.9192686,-3.7523931],[-44.9193204,-3.7523675],[-44.9193714,-3.7523418],[-44.9194215,-3.7523161],[-44.9194684,-3.7522914],[-44.9195122,-3.7522678],[-44.9195529,-3.7522453],[-44.9195903,-3.7522238],[-44.9196308,-3.7521999],[-44.9196744,-3.7521734],[-44.919721,-3.7521443],[-44.9197706,-3.7521127],[-44.9198155,-3.7520835],[-44.9198556,-3.7520567],[-44.919891,-3.7520324],[-44.9199217,-3.7520105],[-44.9199523,-3.751988],[-44.919983,-3.7519649],[-44.9200136,-3.7519411],[-44.9200443,-3.7519168],[-44.9200757,-3.7518908],[-44.9201078,-3.7518631],[-44.9201406,-3.7518336],[-44.9201742,-3.7518025],[-44.9202086,-3.7517706],[-44.9202439,-3.751738],[-44.92028,-3.7517047],[-44.920317,-3.7516706],[-44.9203521,-3.7516392],[-44.9203851,-3.7516105],[-44.9204163,-3.7515845],[-44.9204455,-3.7515611],[-44.9204761,-3.7515378],[-44.9205083,-3.7515144],[-44.9205418,-3.7514911],[-44.9205769,-3.7514677],[-44.9206104,-3.7514459],[-44.9206425,-3.7514257],[-44.9206732,-3.7514071],[-44.9207024,-3.7513901],[-44.9207328,-3.751374],[-44.9207644,-3.751359],[-44.9207973,-3.7513449],[-44.9208313,-3.7513317],[-44.9208664,-3.7513194],[-44.9209024,-3.751308],[-44.9209394,-3.7512974],[-44.9209773,-3.7512877],[-44.9210137,-3.7512792],[-44.9210485,-3.7512719],[-44.9210817,-3.7512658],[-44.9211133,-3.7512609],[-44.9211453,-3.7512568],[-44.9211777,-3.7512534],[-44.9212104,-3.7512507],[-44.9212435,-3.7512488],[-44.9212769,-3.7512477],[-44.9213107,-3.7512474],[-44.9213449,-3.751248],[-44.9213795,-3.7512495],[-44.9214152,-3.7512514],[-44.9214522,-3.7512539],[-44.9214904,-3.7512568],[-44.9215298,-3.7512602],[-44.921568,-3.7512641],[-44.921605,-3.7512685],[-44.9216407,-3.7512733],[-44.9216753,-3.7512787],[-44.9217107,-3.7512851],[-44.9217469,-3.7512927],[-44.921784,-3.7513013],[-44.921822,-3.751311],[-44.9218614,-3.7513225],[-44.9219023,-3.7513356],[-44.9219446,-3.7513504],[-44.9219884,-3.751367],[-44.9220302,-3.7513838],[-44.9220701,-3.7514008],[-44.9221081,-3.7514181],[-44.9221441,-3.7514356],[-44.9221806,-3.7514541],[-44.9222176,-3.7514736],[-44.922255,-3.751494],[-44.922293,-3.7515154],[-44.9223363,-3.7515395],[-44.922385,-3.7515662],[-44.922439,-3.7515957],[-44.9224983,-3.7516278],[-44.9225587,-3.7516606],[-44.92262,-3.7516942],[-44.9226823,-3.7517285],[-44.9227455,-3.7517635],[-44.9228083,-3.7517986],[-44.9228706,-3.7518336],[-44.9229324,-3.7518686],[-44.9229937,-3.7519037],[-44.9230547,-3.7519394],[-44.9231155,-3.7519759],[-44.9231761,-3.7520132],[-44.9232365,-3.7520511],[-44.9232967,-3.7520897],[-44.9233568,-3.7521288],[-44.9234167,-3.7521686],[-44.9234766,-3.752209],[-44.9235306,-3.7522451],[-44.9235788,-3.752277],[-44.9236211,-3.7523046],[-44.9236576,-3.752328],[-44.9236931,-3.75235],[-44.9237277,-3.7523707],[-44.9237612,-3.75239],[-44.9237938,-3.752408],[-44.9238285,-3.7524265],[-44.9238652,-3.7524455],[-44.923904,-3.7524649],[-44.9239449,-3.7524849],[-44.9239859,-3.7525046],[-44.924027,-3.7525241],[-44.9240683,-3.7525433],[-44.9241096,-3.7525623],[-44.9241489,-3.7525798],[-44.9241861,-3.7525958],[-44.9242213,-3.7526104],[-44.9242544,-3.7526236],[-44.9242878,-3.7526356],[-44.9243216,-3.7526466],[-44.9243558,-3.7526564],[-44.9243904,-3.7526652],[-44.9244259,-3.752673],[-44.9244624,-3.7526798],[-44.9244998,-3.7526856],[-44.9245383,-3.7526905],[-44.9245758,-3.7526948],[-44.9246122,-3.7526987],[-44.9246478,-3.7527021],[-44.9246823,-3.7527051],[-44.9247184,-3.7527075],[-44.9247561,-3.7527094],[-44.9247954,-3.7527109],[-44.9248363,-3.7527119],[-44.9248808,-3.7527127],[-44.924929,-3.7527135],[-44.9249808,-3.7527141],[-44.9250363,-3.7527146],[-44.9250881,-3.7527147],[-44.9251363,-3.7527144],[-44.9251808,-3.7527138],[-44.9252217,-3.7527129],[-44.9252638,-3.7527122],[-44.9253071,-3.752712],[-44.9253516,-3.7527121],[-44.9253973,-3.7527126],[-44.925442,-3.7527137],[-44.9254855,-3.7527154],[-44.925528,-3.7527177],[-44.9255693,-3.7527206],[-44.9256084,-3.7527236],[-44.9256451,-3.7527265],[-44.9256795,-3.7527294],[-44.9257117,-3.7527323],[-44.9257457,-3.7527357],[-44.9257817,-3.7527396],[-44.9258197,-3.752744],[-44.9258596,-3.7527489],[-44.9258983,-3.7527536],[-44.9259357,-3.7527582],[-44.925972,-3.7527627],[-44.926007,-3.7527671],[-44.9260407,-3.752771],[-44.9260731,-3.7527744],[-44.9261041,-3.7527773],[-44.9261338,-3.7527798],[-44.9261636,-3.7527813],[-44.9261935,-3.7527821],[-44.9262235,-3.7527819],[-44.9262537,-3.752781],[-44.9262853,-3.7527791],[-44.9263184,-3.7527765],[-44.926353,-3.7527729],[-44.926389,-3.7527686],[-44.9264255,-3.7527633],[-44.9264624,-3.7527573],[-44.9264999,-3.7527503],[-44.9265379,-3.7527425],[-44.9265762,-3.7527338],[-44.9266149,-3.752724],[-44.9266539,-3.7527133],[-44.9266933,-3.7527017],[-44.9267322,-3.7526895],[-44.9267707,-3.7526768],[-44.9268086,-3.7526637],[-44.9268461,-3.7526501],[-44.9268832,-3.752636],[-44.9269199,-3.7526214],[-44.9269563,-3.7526063],[-44.9269923,-3.7525907],[-44.927028,-3.7525743],[-44.9270632,-3.752557],[-44.9270981,-3.7525389],[-44.9271327,-3.7525199],[-44.9271686,-3.7524994],[-44.9272058,-3.7524772],[-44.9272444,-3.7524535],[-44.9272843,-3.7524282],[-44.9273254,-3.7523997],[-44.9273677,-3.7523681],[-44.9274112,-3.7523333],[-44.927456,-3.7522954],[-44.9274976,-3.7522584],[-44.9275361,-3.7522224],[-44.9275713,-3.7521874],[-44.9276034,-3.7521533],[-44.9276339,-3.7521195],[-44.9276626,-3.7520859],[-44.9276896,-3.7520526],[-44.9277149,-3.7520195],[-44.9277407,-3.7519854],[-44.9277669,-3.7519504],[-44.9277937,-3.7519144],[-44.9278209,-3.7518774],[-44.9278521,-3.7518346],[-44.9278871,-3.7517859],[-44.927926,-3.7517314],[-44.9279689,-3.7516711],[-44.9280071,-3.7516173],[-44.9280406,-3.7515701],[-44.9280696,-3.7515295],[-44.9280939,-3.7514954],[-44.9281178,-3.7514616],[-44.9281411,-3.7514281],[-44.928164,-3.7513947],[-44.9281864,-3.7513616],[-44.9282085,-3.7513273],[-44.9282304,-3.7512918],[-44.928252,-3.7512551],[-44.9282735,-3.7512171],[-44.9282963,-3.751175],[-44.9283207,-3.7511288],[-44.9283464,-3.7510785],[-44.9283737,-3.751024],[-44.9284,-3.7509717],[-44.9284253,-3.7509215],[-44.9284496,-3.7508736],[-44.9284729,-3.7508279],[-44.9284965,-3.7507804],[-44.9285204,-3.7507313],[-44.9285445,-3.7506804],[-44.9285688,-3.7506279],[-44.9285931,-3.7505746],[-44.9286175,-3.7505206],[-44.9286418,-3.7504659],[-44.9286661,-3.7504104],[-44.9286905,-3.7503556],[-44.9287177,-3.7502958],[-44.9287449,-3.7502367],[-44.9287732,-3.7501764],[-44.9287999,-3.7501189],[-44.9288252,-3.7500644],[-44.9288376,-3.7500376],[-44.9289177,-3.7498713],[-44.9290354,-3.7496722],[-44.9290542,-3.7496458],[-44.9290705,-3.7496226],[-44.929096,-3.7495864],[-44.9291198,-3.7495528],[-44.929142,-3.7495219],[-44.9291624,-3.7494937],[-44.9291848,-3.7494645],[-44.9292091,-3.7494343],[-44.9292354,-3.7494032],[-44.9292636,-3.7493711],[-44.9292948,-3.7493375],[-44.9293288,-3.7493025],[-44.9293658,-3.749266],[-44.9294057,-3.749228],[-44.9294454,-3.7491908],[-44.9294848,-3.7491543],[-44.9295239,-3.7491185],[-44.9295629,-3.7490835],[-44.9296037,-3.7490468],[-44.9296466,-3.7490083],[-44.9296913,-3.7489682],[-44.929738,-3.7489263],[-44.9297835,-3.7488833],[-44.9298278,-3.748839],[-44.9298709,-3.7487935],[-44.9299127,-3.7487468],[-44.9299558,-3.7486996],[-44.9300001,-3.7486519],[-44.9300456,-3.7486037],[-44.9300904,-3.748557],[-44.9301164,-3.7485279],[-44.9301277,-3.7485142],[-44.9301381,-3.7485076],[-44.9301459,-3.7484955],[-44.9301813,-3.7484541],[-44.9302236,-3.7484018],[-44.9302645,-3.7483483],[-44.9303015,-3.7482984],[-44.9303346,-3.7482522],[-44.9303638,-3.7482096],[-44.9303891,-3.7481707],[-44.9304136,-3.7481318],[-44.9304375,-3.7480928],[-44.9304606,-3.7480539],[-44.930483,-3.748015],[-44.9305054,-3.7479758],[-44.9305277,-3.7479364],[-44.9305501,-3.7478968],[-44.9305725,-3.7478569],[-44.9305942,-3.7478167],[-44.9306151,-3.7477763],[-44.9306353,-3.7477357],[-44.9306547,-3.7476948],[-44.9306761,-3.7476493],[-44.9306995,-3.7475992],[-44.9307248,-3.7475445],[-44.9307521,-3.7474851],[-44.9307803,-3.7474236],[-44.9308095,-3.7473598],[-44.9308396,-3.7472939],[-44.9308708,-3.7472258],[-44.9308992,-3.7471611],[-44.930925,-3.7470998],[-44.9309388,-3.7470653],[-44.9309481,-3.7470419],[-44.9309686,-3.7469874],[-44.9309871,-3.7469355],[-44.9310036,-3.7468864],[-44.9310182,-3.7468399],[-44.9310309,-3.7467961],[-44.9310421,-3.746756],[-44.9310518,-3.7467195],[-44.9310601,-3.7466867],[-44.9310669,-3.7466575],[-44.9310722,-3.7466285],[-44.9310761,-3.7465998],[-44.9310785,-3.7465713],[-44.9310795,-3.7465431],[-44.9310793,-3.7465151],[-44.9310778,-3.7464874],[-44.9310751,-3.7464599],[-44.9310712,-3.7464327],[-44.9310659,-3.746406],[-44.9310591,-3.74638],[-44.9310508,-3.7463546],[-44.9310411,-3.7463298],[-44.9310277,-3.746299],[-44.9310107,-3.7462622],[-44.93099,-3.7462195],[-44.9309657,-3.7461709],[-44.9309411,-3.7461269],[-44.9309163,-3.7460874],[-44.9308912,-3.7460527],[-44.9308659,-3.7460225],[-44.9308394,-3.7459933],[-44.9308117,-3.7459651],[-44.9307827,-3.7459378],[-44.9307525,-3.7459115],[-44.9307219,-3.7458867],[-44.9306907,-3.7458634],[-44.9306591,-3.7458415],[-44.930627,-3.745821],[-44.9305932,-3.7458016],[-44.9305577,-3.7457831],[-44.9305204,-3.7457656],[-44.9304815,-3.745749],[-44.9304436,-3.7457344],[-44.9304066,-3.7457218],[-44.9303706,-3.7457111],[-44.9303355,-3.7457023],[-44.9303003,-3.7456953],[-44.9302648,-3.7456899],[-44.930229,-3.7456863],[-44.930193,-3.7456843],[-44.9301572,-3.7456831],[-44.9301217,-3.7456826],[-44.9300864,-3.7456829],[-44.9300514,-3.7456838],[-44.9300117,-3.745686],[-44.9299675,-3.7456894],[-44.9299186,-3.745694],[-44.929865,-3.7456999],[-44.9298118,-3.7457069],[-44.9297587,-3.7457152],[-44.9297059,-3.7457247],[-44.9296534,-3.7457354],[-44.9295991,-3.7457481],[-44.9295432,-3.7457627],[-44.9294855,-3.7457792],[-44.9294261,-3.7457977],[-44.929369,-3.7458159],[-44.929314,-3.7458339],[-44.9292612,-3.7458517],[-44.9292106,-3.7458692],[-44.9291593,-3.7458875],[-44.9291072,-3.7459064],[-44.9290544,-3.7459261],[-44.9290009,-3.7459466],[-44.9289471,-3.7459675],[-44.9288931,-3.7459889],[-44.9288389,-3.7460108],[-44.9287844,-3.7460332],[-44.9287294,-3.7460563],[-44.9286739,-3.7460801],[-44.9286179,-3.7461047],[-44.9285615,-3.74613],[-44.9285063,-3.7461551],[-44.9284523,-3.7461799],[-44.9283995,-3.7462045],[-44.9283479,-3.7462288],[-44.928299,-3.7462529],[-44.9282528,-3.7462767],[-44.9282092,-3.7463003],[-44.9281684,-3.7463237],[-44.9281289,-3.7463468],[-44.928091,-3.7463697],[-44.9280545,-3.7463923],[-44.9280195,-3.7464147],[-44.9279835,-3.7464375],[-44.9279465,-3.7464609],[-44.9279085,-3.7464847],[-44.9278696,-3.7465091],[-44.9278295,-3.7465336],[-44.9277881,-3.7465584],[-44.9277455,-3.7465835],[-44.9277017,-3.7466088],[-44.9276571,-3.746633],[-44.9276116,-3.7466561],[-44.9275652,-3.7466781],[-44.9275181,-3.7466991],[-44.9274727,-3.7467183],[-44.9274291,-3.7467358],[-44.9273874,-3.7467516],[-44.9273475,-3.7467657],[-44.9273074,-3.7467791],[-44.927267,-3.7467918],[-44.9272264,-3.7468037],[-44.9271855,-3.7468149],[-44.9271464,-3.7468258],[-44.9271092,-3.7468365],[-44.9270738,-3.746847],[-44.9270402,-3.7468572],[-44.9270072,-3.7468671],[-44.9269746,-3.7468765],[-44.9269424,-3.7468857],[-44.9269108,-3.7468944],[-44.9268782,-3.7469032],[-44.9268446,-3.7469119],[-44.9268101,-3.7469207],[-44.9267746,-3.7469295],[-44.9267387,-3.7469378],[-44.9267024,-3.7469459],[-44.9266658,-3.7469535],[-44.9266288,-3.7469608],[-44.9265926,-3.7469674],[-44.9265571,-3.7469732],[-44.9265223,-3.7469784],[-44.9264882,-3.7469827],[-44.9264516,-3.746986],[-44.9264124,-3.7469882],[-44.9263707,-3.7469893],[-44.9263264,-3.7469893],[-44.9262846,-3.7469885],[-44.9262452,-3.7469867],[-44.9262082,-3.7469842],[-44.9261737,-3.7469808],[-44.9261409,-3.7469771],[-44.92611,-3.7469732],[-44.926081,-3.7469691],[-44.9260537,-3.7469647],[-44.9260274,-3.7469599],[-44.9260021,-3.7469545],[-44.9259778,-3.7469487],[-44.9259545,-3.7469423],[-44.9259294,-3.7469352],[-44.9259026,-3.7469271],[-44.9258742,-3.7469183],[-44.925844,-3.7469085],[-44.9258154,-3.7468984],[-44.9257884,-3.746888],[-44.925763,-3.7468771],[-44.9257391,-3.746866],[-44.9257151,-3.746854],[-44.9256907,-3.7468414],[-44.9256662,-3.746828],[-44.9256413,-3.7468139],[-44.9256171,-3.7467996],[-44.9255826,-3.7467787],[-44.9255487,-3.7467577],[-44.9255117,-3.7467343],[-44.9254762,-3.7467122],[-44.9254421,-3.7466913],[-44.9254296,-3.7466838],[-44.9254095,-3.7466716],[-44.9253784,-3.7466531],[-44.9253454,-3.7466337],[-44.9253106,-3.7466135],[-44.925274,-3.7465925],[-44.9252355,-3.7465706],[-44.9251938,-3.7465473],[-44.9251488,-3.7465224],[-44.9251005,-3.7464962],[-44.9250489,-3.7464684],[-44.924998,-3.7464412],[-44.9249476,-3.7464144],[-44.9248979,-3.7463881],[-44.9248633,-3.74637],[-44.9248487,-3.7463624],[-44.9247996,-3.7463368],[-44.9247504,-3.7463115],[-44.9247013,-3.7462864],[-44.9246521,-3.7462616],[-44.9246031,-3.7462366],[-44.9245542,-3.7462113],[-44.9245054,-3.7461857],[-44.9244568,-3.7461599],[-44.9244062,-3.7461322],[-44.9243536,-3.7461025],[-44.9242991,-3.7460709],[-44.9242427,-3.7460373],[-44.924186,-3.7460024],[-44.9241291,-3.7459662],[-44.9240719,-3.7459286],[-44.9240145,-3.7458896],[-44.9239578,-3.7458505],[-44.9239018,-3.7458111],[-44.9238466,-3.7457714],[-44.9237921,-3.7457315],[-44.9237376,-3.7456923],[-44.9236831,-3.7456539],[-44.9236286,-3.7456162],[-44.9235741,-3.7455792],[-44.9235184,-3.7455415],[-44.9234615,-3.7455031],[-44.9234034,-3.7454639],[-44.923344,-3.745424],[-44.9232839,-3.7453836],[-44.9232231,-3.7453427],[-44.9231615,-3.7453014],[-44.9230992,-3.7452595],[-44.9230426,-3.7452204],[-44.9229915,-3.7451839],[-44.922946,-3.7451501],[-44.9229061,-3.7451189],[-44.9228703,-3.7450902],[-44.9228387,-3.7450639],[-44.9228112,-3.7450401],[-44.9227878,-3.7450187],[-44.9227659,-3.7449985],[-44.9227455,-3.7449795],[-44.9227265,-3.7449618],[-44.922709,-3.7449452],[-44.9226881,-3.7449248],[-44.9226638,-3.7449004],[-44.922636,-3.7448722],[-44.9226049,-3.7448401],[-44.9225769,-3.7448102],[-44.9225521,-3.7447825],[-44.9225304,-3.7447569],[-44.922512,-3.7447336],[-44.9224922,-3.7447068],[-44.9224713,-3.7446766],[-44.9224492,-3.7446431],[-44.9224258,-3.7446061],[-44.922402,-3.7445669],[-44.9223777,-3.7445255],[-44.9223528,-3.744482],[-44.9223275,-3.7444363],[-44.9223022,-3.744391],[-44.9222769,-3.7443462],[-44.9222516,-3.744302],[-44.9222263,-3.7442582],[-44.9222027,-3.7442163],[-44.9221808,-3.7441764],[-44.9221606,-3.7441385],[-44.9221422,-3.7441025],[-44.9221246,-3.7440674],[-44.9221081,-3.7440334],[-44.9220925,-3.7440003],[-44.9220779,-3.7439682],[-44.9220628,-3.7439331],[-44.9220473,-3.7438952],[-44.9220312,-3.7438543],[-44.9220147,-3.7438105],[-44.922,-3.7437694],[-44.9219871,-3.743731],[-44.921976,-3.7436952],[-44.9219668,-3.7436621],[-44.9219569,-3.7436267],[-44.9219464,-3.743589],[-44.9219354,-3.743549],[-44.9219237,-3.7435067],[-44.9219129,-3.7434671],[-44.9219029,-3.7434304],[-44.9218938,-3.7433965],[-44.9218855,-3.7433653],[-44.9218762,-3.7433311],[-44.921866,-3.7432939],[-44.9218548,-3.7432536],[-44.9218427,-3.7432103],[-44.9218309,-3.7431681],[-44.9218194,-3.743127],[-44.9218084,-3.743087],[-44.9217977,-3.7430481],[-44.9217867,-3.7430053],[-44.9217755,-3.7429585],[-44.9217641,-3.7429079],[-44.9217524,-3.7428534],[-44.92174,-3.7428011],[-44.9217269,-3.742751],[-44.921713,-3.7427031],[-44.9216984,-3.7426574],[-44.9216828,-3.742614],[-44.9216663,-3.7425732],[-44.9216488,-3.7425347],[-44.9216303,-3.7424987],[-44.9216111,-3.7424635],[-44.9215911,-3.7424289],[-44.9215704,-3.7423951],[-44.921549,-3.742362],[-44.9215252,-3.7423279],[-44.9214989,-3.7422929],[-44.9214702,-3.7422569],[-44.9214391,-3.7422199],[-44.9214031,-3.74218],[-44.9213622,-3.7421372],[-44.9213164,-3.7420915],[-44.9212658,-3.7420428],[-44.9212167,-3.7419961],[-44.921169,-3.7419513],[-44.9211228,-3.7419085],[-44.921078,-3.7418676],[-44.9210337,-3.7418273],[-44.92099,-3.7417874],[-44.9209467,-3.7417479],[-44.9209038,-3.741709],[-44.9208583,-3.7416681],[-44.9208102,-3.7416253],[-44.9207593,-3.7415806],[-44.9207058,-3.7415339],[-44.920653,-3.7414881],[-44.9206009,-3.7414434],[-44.9205496,-3.7413996],[-44.920499,-3.7413567],[-44.920444,-3.7413105],[-44.9203847,-3.7412609],[-44.9203209,-3.7412079],[-44.9202528,-3.7411514],[-44.920192,-3.7411006],[-44.9201385,-3.7410553],[-44.9200922,-3.7410157],[-44.9200533,-3.7409816],[-44.9200127,-3.7409468],[-44.9199703,-3.7409113],[-44.9199263,-3.740875],[-44.9198806,-3.7408381],[-44.9198326,-3.7408018],[-44.9197825,-3.7407663],[-44.9197302,-3.7407315],[-44.9196757,-3.7406974],[-44.9196198,-3.7406641],[-44.9195624,-3.7406315],[-44.9195035,-3.7405996],[-44.9194431,-3.7405685],[-44.9193838,-3.7405381],[-44.9193254,-3.7405084],[-44.919268,-3.7404795],[-44.9192115,-3.7404512],[-44.9191524,-3.7404203],[-44.9190906,-3.7403868],[-44.9190262,-3.7403505],[-44.918959,-3.7403116],[-44.918894,-3.7402749],[-44.9188313,-3.7402403],[-44.9187707,-3.7402079],[-44.9187123,-3.7401778],[-44.9186542,-3.7401466],[-44.9185963,-3.7401145],[-44.9185386,-3.7400814],[-44.9184812,-3.7400474],[-44.9184299,-3.7400155],[-44.9183846,-3.7399858],[-44.9183454,-3.7399583],[-44.9183124,-3.739933],[-44.9182727,-3.7399034],[-44.9182265,-3.7398693],[-44.9181737,-3.7398309],[-44.9181143,-3.739788],[-44.9180584,-3.7397476],[-44.9180058,-3.7397097],[-44.9179567,-3.7396742],[-44.9179109,-3.7396411],[-44.9178691,-3.7396107],[-44.9178311,-3.7395829],[-44.9177971,-3.7395579],[-44.9177669,-3.7395355],[-44.9177389,-3.7395148],[-44.9177131,-3.7394958],[-44.9176895,-3.7394786],[-44.9176681,-3.739463],[-44.917646,-3.7394452],[-44.9176231,-3.7394253],[-44.9175995,-3.7394032],[-44.9175752,-3.7393788],[-44.9175521,-3.739353],[-44.9175302,-3.7393258],[-44.9175095,-3.7392971],[-44.91749,-3.7392669],[-44.9174728,-3.7392372],[-44.9174577,-3.739208],[-44.9174448,-3.7391793],[-44.9174341,-3.7391511],[-44.9174258,-3.7391244],[-44.91742,-3.739099],[-44.9174166,-3.7390752],[-44.9174156,-3.7390528],[-44.9174156,-3.7390258],[-44.9174166,-3.7389942],[-44.9174185,-3.7389579],[-44.9174214,-3.7389171],[-44.9174253,-3.7388752],[-44.9174302,-3.7388324],[-44.917436,-3.7387886],[-44.9174428,-3.7387439],[-44.9174509,-3.7386979],[-44.9174601,-3.7386507],[-44.9174706,-3.7386023],[-44.9174823,-3.7385526],[-44.9174937,-3.7385052],[-44.9175049,-3.7384599],[-44.9175158,-3.7384169],[-44.9175265,-3.738376],[-44.9175397,-3.7383305],[-44.9175552,-3.7382804],[-44.9175732,-3.7382257],[-44.9175937,-3.7381663],[-44.9176144,-3.738106],[-44.9176353,-3.7380446],[-44.9176565,-3.7379824],[-44.9176779,-3.7379191],[-44.9176988,-3.7378573],[-44.9177192,-3.737797],[-44.9177392,-3.7377381],[-44.9177586,-3.7376807],[-44.9177798,-3.7376208],[-44.9178027,-3.7375586],[-44.9178272,-3.7374938],[-44.9178535,-3.7374267],[-44.9178776,-3.7373627],[-44.9178995,-3.7373019],[-44.9179192,-3.7372442],[-44.9179367,-3.7371897],[-44.917955,-3.7371338],[-44.9179739,-3.7370764],[-44.9179936,-3.7370175],[-44.9180141,-3.7369572],[-44.9180338,-3.736901],[-44.9180528,-3.7368489],[-44.918071,-3.736801],[-44.9180885,-3.7367572],[-44.9181051,-3.7367148],[-44.9181206,-3.736674],[-44.9181352,-3.7366346],[-44.9181489,-3.7365966],[-44.9181637,-3.736556],[-44.9181798,-3.7365127],[-44.918197,-3.7364667],[-44.9182155,-3.736418],[-44.9182343,-3.7363713],[-44.9182532,-3.7363266],[-44.9182725,-3.7362837],[-44.9182919,-3.7362429],[-44.9183102,-3.7362047],[-44.9183272,-3.7361692],[-44.918343,-3.7361363],[-44.9183576,-3.7361061],[-44.9183734,-3.7360748],[-44.9183904,-3.7360422],[-44.9184087,-3.7360083],[-44.9184282,-3.7359733],[-44.9184465,-3.7359408],[-44.9184638,-3.7359109],[-44.91848,-3.7358835],[-44.9184951,-3.7358587],[-44.9185099,-3.7358343],[-44.9185245,-3.7358102],[-44.9185388,-3.7357865],[-44.918553,-3.7357631],[-44.9185693,-3.7357379],[-44.9185877,-3.7357109],[-44.9186084,-3.7356821],[-44.9186313,-3.7356514],[-44.9186534,-3.7356225],[-44.9186748,-3.7355952],[-44.9186955,-3.7355697],[-44.9187155,-3.7355459],[-44.9187386,-3.7355201],[-44.918765,-3.7354925],[-44.9187947,-3.735463],[-44.9188275,-3.7354316],[-44.9188585,-3.7354032],[-44.9188875,-3.7353778],[-44.9189147,-3.7353554],[-44.91894,-3.7353359],[-44.9189678,-3.7353168],[-44.9189979,-3.7352981],[-44.9190305,-3.7352797],[-44.9190656,-3.7352617],[-44.919101,-3.7352448],[-44.9191367,-3.735229],[-44.9191729,-3.7352143],[-44.9192093,-3.7352006],[-44.9192479,-3.7351875],[-44.9192885,-3.7351748],[-44.9193312,-3.7351627],[-44.919376,-3.735151],[-44.919421,-3.7351399],[-44.9194663,-3.7351295],[-44.9195118,-3.7351196],[-44.9195575,-3.7351104],[-44.9196033,-3.7351016],[-44.9196493,-3.7350933],[-44.9196954,-3.7350856],[-44.9197417,-3.7350783],[-44.9197868,-3.7350716],[-44.9198308,-3.7350655],[-44.9198738,-3.73506],[-44.9199156,-3.7350551],[-44.9199581,-3.7350506],[-44.9200011,-3.7350465],[-44.9200448,-3.7350427],[-44.9200891,-3.7350393],[-44.9201363,-3.7350358],[-44.9201864,-3.7350322],[-44.9202394,-3.7350284],[-44.9202954,-3.7350245],[-44.9203487,-3.7350205],[-44.9203993,-3.7350163],[-44.9204472,-3.7350121],[-44.9204924,-3.7350077],[-44.920539,-3.7350032],[-44.920587,-3.7349986],[-44.9206362,-3.7349938],[-44.9206868,-3.734989],[-44.9207361,-3.7349839],[-44.920784,-3.7349785],[-44.9208306,-3.7349729],[-44.9208759,-3.7349671],[-44.9209198,-3.7349603],[-44.9209623,-3.7349525],[-44.9210036,-3.7349437],[-44.9210435,-3.734934],[-44.9210814,-3.7349238],[-44.9211174,-3.7349131],[-44.9211515,-3.7349019],[-44.9211836,-3.7348902],[-44.9212145,-3.7348772],[-44.9212442,-3.7348628],[-44.9212727,-3.7348471],[-44.9212999,-3.7348301],[-44.9213259,-3.7348131],[-44.9213507,-3.734796],[-44.9213743,-3.734779],[-44.9213967,-3.734762],[-44.921419,-3.7347437],[-44.9214411,-3.7347243],[-44.9214631,-3.7347036],[-44.921485,-3.7346817],[-44.9215067,-3.7346583],[-44.9215281,-3.7346335],[-44.9215493,-3.7346073],[-44.9215702,-3.7345795],[-44.9215893,-3.7345522],[-44.9216066,-3.7345251],[-44.921622,-3.7344985],[-44.9216356,-3.7344722],[-44.9216493,-3.7344426],[-44.9216629,-3.7344095],[-44.9216765,-3.734373],[-44.9216901,-3.7343331],[-44.9217033,-3.7342922],[-44.9217159,-3.7342504],[-44.9217281,-3.7342075],[-44.9217398,-3.7341637],[-44.9217497,-3.7341173],[-44.921758,-3.7340681],[-44.9217646,-3.7340163],[-44.9217694,-3.7339618],[-44.9217726,-3.7339078],[-44.9217741,-3.7338543],[-44.9217738,-3.7338013],[-44.9217719,-3.7337487],[-44.9217677,-3.7336969],[-44.9217614,-3.7336458],[-44.9217529,-3.7335954],[-44.9217422,-3.7335458],[-44.9217295,-3.7334935],[-44.9217149,-3.7334385],[-44.9216984,-3.7333809],[-44.9216799,-3.7333205],[-44.9216602,-3.7332599],[-44.9216393,-3.7331991],[-44.9216171,-3.7331381],[-44.9215938,-3.7330767],[-44.92157,-3.7330181],[-44.9215456,-3.7329622],[-44.9215208,-3.7329089],[-44.9214955,-3.7328583],[-44.9214673,-3.732804],[-44.9214361,-3.7327461],[-44.9214021,-3.7326846],[-44.9213651,-3.7326194],[-44.9213291,-3.7325556],[-44.9212941,-3.7324933],[-44.92126,-3.7324325],[-44.9212269,-3.7323732],[-44.9211921,-3.7323102],[-44.9211556,-3.7322435],[-44.9211174,-3.7321732],[-44.9210775,-3.7320992],[-44.9210395,-3.7320306],[-44.9210032,-3.7319674],[-44.9209688,-3.7319095],[-44.9209362,-3.7318569],[-44.9209057,-3.7318075],[-44.9208773,-3.7317612],[-44.9208511,-3.7317181],[-44.9208269,-3.7316781],[-44.9208043,-3.731641],[-44.9207831,-3.7316067],[-44.9207634,-3.7315752],[-44.9207453,-3.7315466],[-44.9207225,-3.7315122],[-44.9206951,-3.7314721],[-44.9206632,-3.7314263],[-44.9206267,-3.7313747],[-44.9205895,-3.7313219],[-44.9205516,-3.7312679],[-44.9205129,-3.7312127],[-44.9204735,-3.7311562],[-44.9204375,-3.7311033],[-44.9204049,-3.7310539],[-44.9203757,-3.7310081],[-44.9203499,-3.7309658],[-44.9203268,-3.7309268],[-44.9203063,-3.7308913],[-44.9202886,-3.7308592],[-44.9202735,-3.7308305],[-44.9202588,-3.7308018],[-44.9202444,-3.7307731],[-44.9202304,-3.7307444],[-44.9202168,-3.7307157],[-44.9202041,-3.7306867],[-44.9201925,-3.7306575],[-44.9201818,-3.7306281],[-44.920172,-3.7305984],[-44.9201625,-3.7305674],[-44.9201533,-3.730535],[-44.9201443,-3.7305013],[-44.9201355,-3.7304663],[-44.9201279,-3.7304327],[-44.9201213,-3.7304006],[-44.9201158,-3.7303699],[-44.9201115,-3.7303407],[-44.9201071,-3.7303106],[-44.9201027,-3.7302794],[-44.9200983,-3.7302473],[-44.9200939,-3.7302142],[-44.9200902,-3.7301814],[-44.920087,-3.7301488],[-44.9200844,-3.7301164],[-44.9200825,-3.7300843],[-44.9200815,-3.7300537],[-44.9200815,-3.7300245],[-44.9200825,-3.7299967],[-44.9200844,-3.7299705],[-44.9200871,-3.7299431],[-44.9200905,-3.7299146],[-44.9200947,-3.7298851],[-44.9200995,-3.7298544],[-44.9201052,-3.729824],[-44.9201118,-3.7297938],[-44.9201192,-3.7297639],[-44.9201275,-3.7297342],[-44.9201368,-3.7297042],[-44.920147,-3.7296738],[-44.9201582,-3.729643],[-44.9201703,-3.7296119],[-44.9201829,-3.7295807],[-44.9201957,-3.7295496],[-44.920209,-3.7295184],[-44.9202226,-3.7294873],[-44.9202382,-3.7294531],[-44.9202557,-3.7294159],[-44.9202752,-3.7293756],[-44.9202966,-3.7293323],[-44.9203165,-3.7292923],[-44.920335,-3.7292556],[-44.9203521,-3.7292221],[-44.9203676,-3.729192],[-44.9203837,-3.7291598],[-44.9204002,-3.7291258],[-44.9204173,-3.7290898],[-44.9204348,-3.7290518],[-44.9204511,-3.729017],[-44.9204662,-3.7289854],[-44.92048,-3.7289569],[-44.9204927,-3.7289316],[-44.9205064,-3.7289058],[-44.9205213,-3.7288796],[-44.9205372,-3.7288528],[-44.9205542,-3.7288256],[-44.9205724,-3.7287964],[-44.9205916,-3.7287652],[-44.9206119,-3.7287321],[-44.9206333,-3.7286971],[-44.920655,-3.7286605],[-44.9206768,-3.7286223],[-44.920699,-3.7285825],[-44.9207214,-3.7285412],[-44.9207438,-3.7284994],[-44.9207661,-3.7284574],[-44.9207885,-3.7284149],[-44.9208109,-3.7283721],[-44.9208323,-3.7283304],[-44.9208527,-3.7282897],[-44.9208722,-3.7282502],[-44.9208907,-3.7282118],[-44.9209089,-3.7281726],[-44.9209269,-3.7281327],[-44.9209447,-3.7280921],[-44.9209622,-3.7280507],[-44.9209788,-3.7280102],[-44.9209943,-3.7279705],[-44.9210089,-3.7279317],[-44.9210226,-3.7278938],[-44.9210364,-3.7278553],[-44.9210505,-3.7278164],[-44.9210649,-3.727777],[-44.9210795,-3.7277371],[-44.9210938,-3.727696],[-44.921108,-3.7276537],[-44.9211218,-3.7276101],[-44.9211354,-3.7275653],[-44.9211487,-3.7275211],[-44.9211616,-3.7274773],[-44.9211741,-3.727434],[-44.9211863,-3.7273911],[-44.9211978,-3.7273492],[-44.9212088,-3.7273081],[-44.9212191,-3.7272678],[-44.9212289,-3.7272284],[-44.9212382,-3.7271882],[-44.9212472,-3.7271474],[-44.9212559,-3.7271058],[-44.9212641,-3.7270634],[-44.9212716,-3.7270228],[-44.9212781,-3.7269839],[-44.9212838,-3.7269467],[-44.9212887,-3.7269111],[-44.9212932,-3.7268749],[-44.9212973,-3.7268379],[-44.9213011,-3.7268002],[-44.9213045,-3.7267618],[-44.9213076,-3.7267248],[-44.9213102,-3.7266893],[-44.9213126,-3.7266552],[-44.9213145,-3.7266226],[-44.9213163,-3.7265884],[-44.921318,-3.7265527],[-44.9213196,-3.7265153],[-44.9213211,-3.7264764],[-44.9213222,-3.726439],[-44.9213229,-3.7264033],[-44.9213233,-3.7263691],[-44.9213233,-3.7263365],[-44.9213235,-3.7263043],[-44.921324,-3.7262724],[-44.9213247,-3.7262409],[-44.9213257,-3.7262098],[-44.9213269,-3.7261757],[-44.9213284,-3.7261387],[-44.9213301,-3.7260988],[-44.921332,-3.726056],[-44.9213335,-3.7260162],[-44.9213344,-3.7259795],[-44.9213349,-3.7259458],[-44.9213349,-3.7259151],[-44.9213354,-3.7258842],[-44.9213364,-3.7258531],[-44.9213379,-3.7258217],[-44.9213398,-3.7257901],[-44.9213419,-3.7257577],[-44.9213441,-3.7257246],[-44.9213464,-3.7256908],[-44.9213488,-3.7256563],[-44.9213521,-3.7256187],[-44.9213562,-3.7255781],[-44.9213612,-3.7255344],[-44.9213671,-3.7254877],[-44.9213741,-3.725441],[-44.9213824,-3.7253943],[-44.9213919,-3.7253475],[-44.9214026,-3.7253008],[-44.921414,-3.7252546],[-44.9214262,-3.7252089],[-44.9214391,-3.7251636],[-44.9214527,-3.7251189],[-44.9214678,-3.7250731],[-44.9214843,-3.7250264],[-44.9215023,-3.7249787],[-44.9215218,-3.7249301],[-44.9215412,-3.7248831],[-44.9215607,-3.7248379],[-44.9215802,-3.7247943],[-44.9215996,-3.7247525],[-44.9216203,-3.7247084],[-44.9216422,-3.7246622],[-44.9216653,-3.7246138],[-44.9216896,-3.7245632],[-44.9217135,-3.7245136],[-44.9217368,-3.7244649],[-44.9217597,-3.7244172],[-44.9217821,-3.7243705],[-44.9218055,-3.7243236],[-44.9218298,-3.7242764],[-44.9218551,-3.7242289],[-44.9218814,-3.7241812],[-44.9219088,-3.7241326],[-44.9219376,-3.7240829],[-44.9219675,-3.7240323],[-44.9219986,-3.7239808],[-44.9220346,-3.7239199],[-44.9220755,-3.7238499],[-44.9221212,-3.7237706],[-44.9221718,-3.723682],[-44.9222156,-3.7236032],[-44.9222526,-3.7235341],[-44.9222828,-3.7234747],[-44.9223061,-3.7234251],[-44.9223314,-3.7233721],[-44.9223587,-3.7233156],[-44.9223879,-3.7232558],[-44.922419,-3.7231925],[-44.9224523,-3.7231251],[-44.9224879,-3.7230536],[-44.9225256,-3.7229779],[-44.9225655,-3.7228981],[-44.9226034,-3.7228198],[-44.9226394,-3.7227429],[-44.9226735,-3.7226675],[-44.9227056,-3.7225935],[-44.9227348,-3.7225228],[-44.9227611,-3.7224551],[-44.9227844,-3.7223906],[-44.9228049,-3.7223293],[-44.9228248,-3.7222678],[-44.9228443,-3.722206],[-44.9228633,-3.722144],[-44.9228817,-3.7220817],[-44.9228983,-3.7220235],[-44.9229129,-3.7219695],[-44.9229255,-3.7219196],[-44.9229362,-3.7218739],[-44.9229477,-3.721824],[-44.9229598,-3.72177],[-44.9229727,-3.7217119],[-44.9229864,-3.7216496],[-44.9229995,-3.7215866],[-44.9230122,-3.7215228],[-44.9230243,-3.7214584],[-44.923036,-3.7213932],[-44.9230467,-3.7213319],[-44.9230564,-3.7212745],[-44.9230652,-3.7212209],[-44.923073,-3.7211713],[-44.9230795,-3.7211187],[-44.9230849,-3.7210633],[-44.923089,-3.7210049],[-44.9230919,-3.7209436],[-44.9230946,-3.7208847],[-44.9230971,-3.7208283],[-44.9230992,-3.7207743],[-44.9231012,-3.7207227],[-44.9231027,-3.7206721],[-44.9231036,-3.7206224],[-44.9231041,-3.7205738],[-44.9231041,-3.7205261],[-44.9231036,-3.7204777],[-44.9231027,-3.7204285],[-44.9231012,-3.7203787],[-44.9230992,-3.7203281],[-44.9230966,-3.720277],[-44.9230932,-3.7202254],[-44.923089,-3.7201733],[-44.9230842,-3.7201208],[-44.9230778,-3.7200692],[-44.9230701,-3.7200186],[-44.9230608,-3.719969],[-44.9230501,-3.7199203],[-44.9230392,-3.7198719],[-44.923028,-3.7198237],[-44.9230165,-3.7197758],[-44.9230049,-3.7197281],[-44.9229932,-3.7196821],[-44.9229815,-3.7196379],[-44.9229698,-3.7195953],[-44.9229581,-3.7195544],[-44.9229462,-3.719514],[-44.9229341,-3.7194741],[-44.9229216,-3.7194347],[-44.922909,-3.7193958],[-44.9228934,-3.719352],[-44.9228749,-3.7193033],[-44.9228535,-3.7192498],[-44.9228292,-3.7191914],[-44.9228063,-3.7191352],[-44.9227849,-3.7190812],[-44.922765,-3.7190294],[-44.9227465,-3.7189798],[-44.9227285,-3.7189314],[-44.922711,-3.7188842],[-44.9226939,-3.7188382],[-44.9226774,-3.7187934],[-44.9226604,-3.7187484],[-44.9226428,-3.7187032],[-44.9226248,-3.7186577],[-44.9226063,-3.7186119],[-44.9225896,-3.7185676],[-44.9225745,-3.7185248],[-44.9225611,-3.7184835],[-44.9225494,-3.7184436],[-44.9225377,-3.7184027],[-44.9225261,-3.7183609],[-44.9225144,-3.718318],[-44.9225027,-3.7182742],[-44.922492,-3.7182288],[-44.9224823,-3.7181816],[-44.9224735,-3.7181327],[-44.9224657,-3.7180821],[-44.9224596,-3.7180312],[-44.9224553,-3.7179801],[-44.9224526,-3.7179288],[-44.9224516,-3.7178772],[-44.9224516,-3.7178251],[-44.9224526,-3.7177726],[-44.9224545,-3.7177196],[-44.9224575,-3.717666],[-44.9224606,-3.7176118],[-44.922464,-3.7175568],[-44.9224677,-3.7175011],[-44.9224716,-3.7174446],[-44.9224759,-3.7173867],[-44.9224808,-3.7173274],[-44.9224862,-3.7172666],[-44.922492,-3.7172043],[-44.9224988,-3.7171422],[-44.9225066,-3.7170804],[-44.9225154,-3.7170189],[-44.9225251,-3.7169576],[-44.9225356,-3.7168951],[-44.9225467,-3.7168313],[-44.9225587,-3.7167664],[-44.9225713,-3.7167002],[-44.9225847,-3.7166364],[-44.9225988,-3.7165751],[-44.9226136,-3.7165163],[-44.9226292,-3.7164598],[-44.9226438,-3.7164046],[-44.9226574,-3.7163506],[-44.9226701,-3.7162978],[-44.9226818,-3.7162462],[-44.9226951,-3.7161861],[-44.9227102,-3.7161175],[-44.922727,-3.7160404],[-44.9227455,-3.7159548],[-44.9227633,-3.7158711],[-44.9227803,-3.7157893],[-44.9227966,-3.7157095],[-44.9228122,-3.7156317],[-44.9228283,-3.715549],[-44.9228451,-3.7154614],[-44.9228625,-3.7153689],[-44.9228805,-3.7152716],[-44.9228962,-3.7151863],[-44.9229096,-3.7151131],[-44.9229207,-3.7150519],[-44.9229294,-3.7150028],[-44.9229386,-3.7149535],[-44.922948,-3.7149041],[-44.9229579,-3.7148546],[-44.9229681,-3.714805],[-44.9229786,-3.7147545],[-44.9229893,-3.7147032],[-44.9230002,-3.714651],[-44.9230114,-3.714598],[-44.9230222,-3.7145469],[-44.9230327,-3.7144977],[-44.9230428,-3.7144505],[-44.9230525,-3.7144053],[-44.9230619,-3.7143615],[-44.9230709,-3.7143191],[-44.9230795,-3.7142783],[-44.9230878,-3.7142389],[-44.9230982,-3.7141884],[-44.9231106,-3.7141268],[-44.9231244,-3.7140576],[-44.9231416,-3.7139705],[-44.9231576,-3.7138924],[-44.9231732,-3.7138199],[-44.9231883,-3.713753],[-44.9232029,-3.7136917],[-44.9232187,-3.7136246],[-44.9232357,-3.7135516],[-44.923254,-3.7134728],[-44.9232683,-3.7134103],[-44.9232753,-3.7133793],[-44.9232804,-3.7133583]]]]}},{"type":"Feature","properties":{"fid":194,"CD_MUN":"2101004","NM_MUN":"Arari","CD_RGI":"210005","NM_RGI":"Viana","CD_RGINT":"2101","NM_RGINT":"São Luís","CD_UF":"21","NM_UF":"Maranhão","SIGLA_UF":"MA","CD_REGIAO":"2","NM_REGIAO":"Nordeste","SIGLA_RG":"NE","CD_CONCURB":null,"NM_CONCURB":null,"AREA_KM2":1099.81},"geometry":{"type":"MultiPolygon","coordinates":[[[[-44.8185451,-3.6733316],[-44.8176291,-3.672332],[-44.8149332,-3.6719564],[-44.8135766,-3.6723988],[-44.8118567,-3.6736653],[-44.8108474,-3.6742996],[-44.80938,-3.6768302],[-44.8092138,-3.6781937],[-44.8082986,-3.6796406],[-44.8068496,-3.6813571],[-44.8052074,-3.6798939],[-44.8045993,-3.678718],[-44.8042383,-3.6769822],[-44.8043558,-3.6754477],[-44.8052634,-3.6728132],[-44.8074326,-3.6711032],[-44.8101882,-3.6657562],[-44.8083792,-3.664844],[-44.8065417,-3.6658253],[-44.8048208,-3.6677293],[-44.8035401,-3.6695358],[-44.8025712,-3.6703474],[-44.7990195,-3.6716076],[-44.7976863,-3.6717806],[-44.7957647,-3.6711351],[-44.7951519,-3.6686736],[-44.7949914,-3.6669497],[-44.7946312,-3.6650443],[-44.7935723,-3.6612301],[-44.7932108,-3.6578694],[-44.7934895,-3.656149],[-44.7943165,-3.6545146],[-44.7965998,-3.6530736],[-44.798402,-3.652716],[-44.8002106,-3.6520915],[-44.8040157,-3.6514783],[-44.8054671,-3.6504841],[-44.8079076,-3.6469552],[-44.8084617,-3.6454162],[-44.8086584,-3.6439628],[-44.8103776,-3.6411569],[-44.8114661,-3.6405242],[-44.8128271,-3.6401745],[-44.8139048,-3.6395416],[-44.8141798,-3.638089],[-44.8138537,-3.6357285],[-44.8141308,-3.6331849],[-44.8151519,-3.6283852],[-44.815157,-3.6262057],[-44.8139044,-3.6246574],[-44.8107384,-3.6225532],[-44.8097675,-3.6215434],[-44.8087668,-3.6208093],[-44.8075186,-3.6196289],[-44.8054311,-3.6168918],[-44.8038187,-3.61434],[-44.8031311,-3.6104331],[-44.803406,-3.6088001],[-44.8048773,-3.6058149],[-44.805875,-3.604182],[-44.8072363,-3.6021966],[-44.8077086,-3.5990218],[-44.8081855,-3.5946703],[-44.809825,-3.5927652],[-44.8136036,-3.5919734],[-44.8149607,-3.5929771],[-44.8156816,-3.5940647],[-44.8174931,-3.5955292],[-44.8181296,-3.5942677],[-44.81877,-3.592174],[-44.8204902,-3.5910955],[-44.8235715,-3.5888466],[-44.8264591,-3.5873154],[-44.8275394,-3.586227],[-44.828204,-3.5854775],[-44.8294632,-3.5840576],[-44.8307533,-3.583808],[-44.8320434,-3.5835585],[-44.8321859,-3.583531],[-44.8330575,-3.5842173],[-44.833325,-3.5844277],[-44.836127,-3.586631],[-44.837404,-3.5872804],[-44.8409414,-3.587553],[-44.8434918,-3.5816795],[-44.8440203,-3.5801399],[-44.8445722,-3.5789649],[-44.8454075,-3.5781516],[-44.8466596,-3.5764326],[-44.8494887,-3.5741764],[-44.8506553,-3.5729092],[-44.8516946,-3.5719505],[-44.853298,-3.5704706],[-44.8537418,-3.5692963],[-44.8529282,-3.5678408],[-44.8514062,-3.5680142],[-44.8499617,-3.5683661],[-44.8481588,-3.5694466],[-44.8470715,-3.5702574],[-44.8454278,-3.5717065],[-44.8435142,-3.5731512],[-44.8421578,-3.57387],[-44.8397087,-3.5739431],[-44.8389069,-3.5731226],[-44.8377641,-3.5694878],[-44.8365986,-3.567127],[-44.8353524,-3.5630331],[-44.835186,-3.5616653],[-44.834295,-3.558942],[-44.8327651,-3.5569348],[-44.8324043,-3.5553883],[-44.831877,-3.5513909],[-44.8320714,-3.5489462],[-44.8320147,-3.5487698],[-44.8314629,-3.5470456],[-44.8314603,-3.5470374],[-44.830105,-3.5458455],[-44.8284858,-3.5448384],[-44.8246266,-3.5408271],[-44.8237678,-3.5393359],[-44.8236285,-3.539094],[-44.8230966,-3.5372754],[-44.8233774,-3.5353682],[-44.8238481,-3.5341969],[-44.8258516,-3.5318387],[-44.8279071,-3.5314927],[-44.8301797,-3.5327739],[-44.832878,-3.5357836],[-44.8338573,-3.5378737],[-44.8352901,-3.5394217],[-44.836911,-3.5401618],[-44.8389073,-3.5395286],[-44.839909,-3.5374498],[-44.840016,-3.5357284],[-44.8394634,-3.5342738],[-44.836963,-3.528723],[-44.8359891,-3.5260793],[-44.8375155,-3.5257281],[-44.839771,-3.5269199],[-44.840959,-3.527744],[-44.8437419,-3.5284855],[-44.845658,-3.5275845],[-44.8465453,-3.5261376],[-44.8476495,-3.5246036],[-44.8482075,-3.5228758],[-44.8494041,-3.5183432],[-44.8503226,-3.5127166],[-44.8515974,-3.5083713],[-44.8519084,-3.5052847],[-44.8522691,-3.5033763],[-44.8527423,-3.501837],[-44.8535209,-3.5004524],[-44.8539383,-3.4983544],[-44.8538541,-3.4968462],[-44.8534864,-3.4956907],[-44.8514603,-3.4927628],[-44.8505985,-3.4919829],[-44.8486236,-3.4905271],[-44.8473801,-3.4897561],[-44.845764,-3.4884368],[-44.8454336,-3.4863263],[-44.8446567,-3.4847731],[-44.8413177,-3.483848],[-44.8399871,-3.4836039],[-44.8377892,-3.4832461],[-44.8333841,-3.4830116],[-44.8315231,-3.4826195],[-44.8308753,-3.4813078],[-44.8311528,-3.4780389],[-44.8310604,-3.4755155],[-44.8310614,-3.47301],[-44.8312464,-3.4701857],[-44.8311548,-3.4675704],[-44.8306905,-3.466448],[-44.830038,-3.4658864],[-44.8291101,-3.4663552],[-44.8241213,-3.4707199],[-44.822509,-3.4716821],[-44.8212085,-3.4723348],[-44.8193489,-3.4735491],[-44.8269573,-3.4540151],[-44.828418,-3.4502649],[-44.8304153,-3.4451369],[-44.8377927,-3.4247039],[-44.8569213,-3.3716994],[-44.863712,-3.3463606],[-44.8620566,-3.3301921],[-44.8622039,-3.3291603],[-44.8623784,-3.3287987],[-44.86629,-3.3206412],[-44.8689152,-3.3147696],[-44.8716866,-3.310212],[-44.8751889,-3.302873],[-44.877673,-3.30008],[-44.8785477,-3.2983153],[-44.8759192,-3.2953757],[-44.8741726,-3.2936166],[-44.8725669,-3.292876],[-44.8711073,-3.2925868],[-44.8725668,-3.2878841],[-44.8727141,-3.2836963],[-44.871686,-3.2834486],[-44.8702675,-3.2820194],[-44.8693507,-3.2809217],[-44.8681531,-3.2789462],[-44.8684344,-3.2778048],[-44.8707145,-3.2774165],[-44.8723213,-3.2778409],[-44.8738783,-3.2768191],[-44.8732126,-3.2749288],[-44.8714933,-3.2740203],[-44.8711303,-3.2722837],[-44.8720202,-3.2704155],[-44.8749031,-3.26795],[-44.8755679,-3.2661976],[-44.8755225,-3.2642593],[-44.8753268,-3.2630243],[-44.8743506,-3.2624181],[-44.8731919,-3.2619987],[-44.8711239,-3.2621292],[-44.8692663,-3.262567],[-44.8636289,-3.2642603],[-44.8623514,-3.2649257],[-44.8603526,-3.2663462],[-44.8596563,-3.2674115],[-44.8589581,-3.2699681],[-44.8588738,-3.2713157],[-44.8586565,-3.2725461],[-44.8581033,-3.2740055],[-44.8567121,-3.2755824],[-44.8553275,-3.2764459],[-44.8532945,-3.2771749],[-44.850818,-3.2774847],[-44.8494866,-3.277553],[-44.847689,-3.2773322],[-44.845186,-3.2767014],[-44.842767,-3.276342],[-44.841238,-3.2763719],[-44.8392394,-3.2774601],[-44.8391817,-3.2796294],[-44.8399103,-3.2808343],[-44.8422955,-3.2824266],[-44.8454593,-3.2839912],[-44.8483493,-3.2857846],[-44.8505188,-3.2867526],[-44.8526557,-3.2890303],[-44.8535197,-3.2901901],[-44.8541854,-3.2921678],[-44.8544337,-3.2934408],[-44.8538222,-3.2954533],[-44.8516843,-3.2960223],[-44.8503206,-3.295592],[-44.8479882,-3.2936411],[-44.8468198,-3.2925044],[-44.8443523,-3.2908666],[-44.8430206,-3.2908554],[-44.8395202,-3.2918397],[-44.8369361,-3.2919152],[-44.8346566,-3.2915543],[-44.8320693,-3.2908976],[-44.8286858,-3.2891515],[-44.8272359,-3.2881115],[-44.8263256,-3.2872924],[-44.8254632,-3.2862649],[-44.8239368,-3.2848322],[-44.8223195,-3.283496],[-44.8212927,-3.2828152],[-44.8171274,-3.2788138],[-44.8163263,-3.2778592],[-44.8155996,-3.276557],[-44.8135718,-3.2721019],[-44.8123784,-3.2700732],[-44.8105467,-3.2693521],[-44.8081306,-3.2698552],[-44.8070468,-3.2702927],[-44.8017913,-3.2732886],[-44.8006269,-3.2758431],[-44.7986567,-3.2796992],[-44.7964309,-3.2837591],[-44.7954008,-3.2860799],[-44.7949095,-3.2877271],[-44.7944293,-3.2888656],[-44.793352,-3.292094],[-44.792378,-3.2938832],[-44.7912375,-3.2954798],[-44.7894569,-3.2964375],[-44.7876231,-3.2971072],[-44.7857383,-3.2976515],[-44.7838229,-3.298483],[-44.7805228,-3.3001749],[-44.7767579,-3.301907],[-44.7701524,-3.3043915],[-44.7680698,-3.3049178],[-44.7660711,-3.3050315],[-44.7625978,-3.3050191],[-44.7614011,-3.3049108],[-44.7601792,-3.3046121],[-44.7579282,-3.3038959],[-44.7559045,-3.3031184],[-44.7540397,-3.3021888],[-44.7525456,-3.3011681],[-44.7493775,-3.299399],[-44.7480186,-3.297876],[-44.7462783,-3.299998],[-44.7182381,-3.3409267],[-44.6919323,-3.3793094],[-44.6336094,-3.4255416],[-44.5974986,-3.4440916],[-44.5951869,-3.4452791],[-44.5940652,-3.4458553],[-44.595901,-3.4482352],[-44.596844,-3.4502468],[-44.5992053,-3.4569856],[-44.6004777,-3.4601775],[-44.6017228,-3.4625803],[-44.6074985,-3.4750078],[-44.6110616,-3.4826762],[-44.6129456,-3.4836398],[-44.615622,-3.483933],[-44.6172398,-3.4849618],[-44.618324,-3.48545],[-44.6195418,-3.486158],[-44.6211008,-3.4868606],[-44.6221835,-3.487495],[-44.6257711,-3.4902719],[-44.6256832,-3.4923102],[-44.623875,-3.5344243],[-44.6238134,-3.5349947],[-44.622856,-3.5438617],[-44.620032,-3.5700154],[-44.6197352,-3.5727643],[-44.6194493,-3.5754123],[-44.6192365,-3.5773833],[-44.6192139,-3.5775925],[-44.619199,-3.5777306],[-44.6191961,-3.5777576],[-44.6191949,-3.5777683],[-44.6191946,-3.5777716],[-44.6191942,-3.5777755],[-44.6191902,-3.5778126],[-44.6191604,-3.5780889],[-44.6191462,-3.5782214],[-44.6191339,-3.5783359],[-44.6191275,-3.5783951],[-44.6191261,-3.5784076],[-44.6191259,-3.5784095],[-44.6191256,-3.5784126],[-44.6191255,-3.5784133],[-44.6191254,-3.5784139],[-44.6104074,-3.6590095],[-44.6104019,-3.6612599],[-44.6103813,-3.6697087],[-44.6102134,-3.7363189],[-44.6101636,-3.7552732],[-44.6099596,-3.8285929],[-44.6099295,-3.8390236],[-44.6119053,-3.83776],[-44.6120915,-3.8362182],[-44.6131854,-3.83541],[-44.6147372,-3.8356937],[-44.6170672,-3.8357895],[-44.622326,-3.8358216],[-44.6238516,-3.8354633],[-44.6252941,-3.8352907],[-44.6274048,-3.8333047],[-44.6284861,-3.8340393],[-44.6327124,-3.83397],[-44.6344331,-3.8328909],[-44.6362598,-3.8312686],[-44.6366308,-3.8295395],[-44.6363776,-3.8270915],[-44.6372085,-3.8228257],[-44.6378457,-3.8212003],[-44.6384067,-3.8185647],[-44.6397641,-3.8187578],[-44.6412925,-3.8181326],[-44.6422967,-3.8160444],[-44.6439303,-3.8156872],[-44.6450089,-3.8174203],[-44.6461002,-3.8181559],[-44.6489903,-3.8189813],[-44.6487134,-3.8204331],[-44.6496027,-3.8223445],[-44.6553797,-3.820836],[-44.6569301,-3.8199334],[-44.6572138,-3.8179462],[-44.6551489,-3.8148432],[-44.6535171,-3.813469],[-44.6523496,-3.8122882],[-44.6524615,-3.8111033],[-44.6536257,-3.8101145],[-44.6549073,-3.8105736],[-44.6574341,-3.8108613],[-44.660407,-3.8097866],[-44.6622364,-3.8079757],[-44.6625143,-3.8064364],[-44.6616317,-3.8048017],[-44.6592676,-3.8037839],[-44.656932,-3.8040471],[-44.6545761,-3.8038514],[-44.6535768,-3.8029393],[-44.6528802,-3.8007532],[-44.6507084,-3.8001133],[-44.6513543,-3.7986663],[-44.653434,-3.7986708],[-44.6545142,-3.7978613],[-44.6555212,-3.7963271],[-44.6563512,-3.7945162],[-44.6576292,-3.7920666],[-44.6575457,-3.7897979],[-44.6568191,-3.7868904],[-44.6570157,-3.785527],[-44.6586542,-3.7855338],[-44.6611779,-3.7851868],[-44.6635188,-3.7860168],[-44.6650414,-3.7867551],[-44.6663198,-3.7867589],[-44.6674889,-3.7852184],[-44.668069,-3.7816804],[-44.671047,-3.7817933],[-44.6695171,-3.7790548],[-44.6697095,-3.7772441],[-44.671518,-3.7774338],[-44.6725185,-3.7780791],[-44.6734051,-3.779355],[-44.6748536,-3.7794498],[-44.6746019,-3.7769034],[-44.6758746,-3.7750069],[-44.6773249,-3.7740155],[-44.6787633,-3.7742075],[-44.6794053,-3.7731183],[-44.6786026,-3.7714845],[-44.6771525,-3.7691128],[-44.6779073,-3.7675758],[-44.6793505,-3.7663147],[-44.6802633,-3.7653158],[-44.6822359,-3.7651412],[-44.684043,-3.7647944],[-44.6851288,-3.7657958],[-44.6862163,-3.7669765],[-44.6877402,-3.7682601],[-44.6876489,-3.7699809],[-44.6884572,-3.7710802],[-44.6897906,-3.770997],[-44.6896319,-3.7690924],[-44.6901028,-3.7679102],[-44.6917134,-3.7689172],[-44.6932637,-3.7688345],[-44.69479,-3.7673868],[-44.696516,-3.769309],[-44.6973218,-3.7680402],[-44.6976884,-3.7666793],[-44.6994081,-3.7665886],[-44.7008467,-3.7676053],[-44.7021012,-3.7682425],[-44.7024939,-3.7668809],[-44.7025212,-3.7658126],[-44.7025267,-3.7655997],[-44.7025331,-3.7653479],[-44.7025681,-3.7639808],[-44.7025111,-3.7609801],[-44.7021555,-3.7597089],[-44.7019921,-3.7580737],[-44.7021815,-3.7563547],[-44.7033482,-3.7550906],[-44.7052664,-3.7541905],[-44.7069877,-3.7530206],[-44.7087098,-3.7493977],[-44.7105428,-3.7481316],[-44.712432,-3.7473294],[-44.7130678,-3.7444261],[-44.7119102,-3.7431464],[-44.7104599,-3.7432285],[-44.7091005,-3.7431348],[-44.7082955,-3.7410358],[-44.7098492,-3.7398667],[-44.7118489,-3.739511],[-44.7138196,-3.7379793],[-44.7147371,-3.7363554],[-44.7164595,-3.7359986],[-44.7180986,-3.7350945],[-44.7195436,-3.7346562],[-44.7207091,-3.7352048],[-44.7224299,-3.7357575],[-44.7244078,-3.7370351],[-44.7252424,-3.7355022],[-44.7257969,-3.7315972],[-44.7265158,-3.729249],[-44.7260971,-3.7281467],[-44.7229303,-3.7278628],[-44.7247387,-3.7252403],[-44.7267358,-3.7246175],[-44.7273506,-3.72607],[-44.7291538,-3.7275269],[-44.7303215,-3.7286281],[-44.7319621,-3.7293585],[-44.7336786,-3.7295549],[-44.7367363,-3.7315695],[-44.7376306,-3.732301],[-44.7389034,-3.7326607],[-44.739987,-3.7315838],[-44.7394618,-3.729401],[-44.7413535,-3.7273229],[-44.7418237,-3.7255067],[-44.7410178,-3.7243288],[-44.7415714,-3.7229679],[-44.7432633,-3.72388],[-44.7439026,-3.7248856],[-44.7449002,-3.7261573],[-44.7456871,-3.7288856],[-44.747567,-3.7298068],[-44.7494878,-3.7303616],[-44.751824,-3.7301011],[-44.7516522,-3.7282871],[-44.749763,-3.7263668],[-44.7491534,-3.7252696],[-44.7487134,-3.723543],[-44.7492346,-3.7219147],[-44.7502373,-3.7208253],[-44.7513502,-3.7202941],[-44.7540135,-3.7194013],[-44.7513536,-3.7190247],[-44.749549,-3.7185587],[-44.7479042,-3.7172757],[-44.7460181,-3.7161751],[-44.7464001,-3.714091],[-44.7467636,-3.7127352],[-44.7456834,-3.7111823],[-44.7442356,-3.7101763],[-44.7428209,-3.7094475],[-44.7409039,-3.710248],[-44.7396279,-3.7108874],[-44.7386581,-3.7098766],[-44.7388525,-3.7085128],[-44.7398513,-3.7076135],[-44.7415759,-3.7062646],[-44.7430987,-3.7052708],[-44.7422919,-3.7042635],[-44.7418508,-3.702544],[-44.7423205,-3.6979184],[-44.7407092,-3.6963646],[-44.7379073,-3.697256],[-44.7366273,-3.6972499],[-44.7353821,-3.6976039],[-44.7334585,-3.6974144],[-44.7318505,-3.6979504],[-44.7306604,-3.6981264],[-44.7286005,-3.697025],[-44.7304037,-3.6951244],[-44.7315958,-3.6945922],[-44.7338548,-3.692241],[-44.7350416,-3.6914311],[-44.736216,-3.692069],[-44.7370139,-3.6930761],[-44.7390119,-3.6922674],[-44.7414575,-3.6909179],[-44.7425415,-3.6904747],[-44.7441863,-3.6900266],[-44.7454338,-3.6903965],[-44.7502413,-3.6894194],[-44.7519582,-3.6887935],[-44.7535709,-3.6878022],[-44.7565779,-3.6870913],[-44.7583778,-3.686101],[-44.7552059,-3.6855416],[-44.7527925,-3.6838921],[-44.7517145,-3.6828017],[-44.7513526,-3.6812518],[-44.7523525,-3.6796301],[-44.7535413,-3.6785434],[-44.7548221,-3.6767345],[-44.7561772,-3.6759271],[-44.7573459,-3.6753856],[-44.758708,-3.6750353],[-44.7610484,-3.6752182],[-44.7641265,-3.676055],[-44.7652883,-3.6768793],[-44.7676321,-3.679162],[-44.7694358,-3.6797144],[-44.7720707,-3.6792781],[-44.7737916,-3.6780994],[-44.7752365,-3.677658],[-44.7768498,-3.679211],[-44.7767405,-3.6819337],[-44.7768216,-3.683746],[-44.7767166,-3.6868331],[-44.7769877,-3.6883813],[-44.7769897,-3.6900062],[-44.7771579,-3.6919194],[-44.7766018,-3.6935483],[-44.7753258,-3.6959984],[-44.7742395,-3.6973523],[-44.7760149,-3.6988972],[-44.7777398,-3.7001854],[-44.7797924,-3.703459],[-44.7812402,-3.704648],[-44.7824906,-3.7045626],[-44.7836043,-3.7042072],[-44.7853196,-3.7034847],[-44.7866041,-3.7033203],[-44.7869295,-3.703279],[-44.7870459,-3.7032641],[-44.7868684,-3.7018814],[-44.7871582,-3.7018424],[-44.7874627,-3.7017993],[-44.7877819,-3.7017521],[-44.7881158,-3.7017008],[-44.7884361,-3.7016446],[-44.7884869,-3.7016323],[-44.7885339,-3.7016251],[-44.7887428,-3.7015835],[-44.7890358,-3.7015174],[-44.7893151,-3.7014465],[-44.7895722,-3.7013799],[-44.7898068,-3.7013177],[-44.790019,-3.7012599],[-44.7902089,-3.7012064],[-44.7903868,-3.7011521],[-44.7905527,-3.701097],[-44.7907066,-3.7010411],[-44.7908484,-3.7009843],[-44.7909971,-3.7009159],[-44.7911526,-3.7008357],[-44.791315,-3.7007437],[-44.7914841,-3.70064],[-44.7916413,-3.7005432],[-44.7917864,-3.7004532],[-44.7919196,-3.7003699],[-44.7920373,-3.7002956],[-44.7921438,-3.7002139],[-44.7922289,-3.7001309],[-44.7922961,-3.7000447],[-44.7923452,-3.6999552],[-44.792385,-3.6998671],[-44.7924155,-3.6997804],[-44.7924368,-3.699695],[-44.7924488,-3.6996109],[-44.7924576,-3.6995343],[-44.792463,-3.699465],[-44.7924652,-3.699403],[-44.7924641,-3.6993485],[-44.792454,-3.6992816],[-44.7924349,-3.6992025],[-44.7924068,-3.6991111],[-44.7923697,-3.6990074],[-44.7923274,-3.6989109],[-44.79228,-3.6988214],[-44.7922273,-3.698739],[-44.7921695,-3.6986637],[-44.792098,-3.6985783],[-44.7920129,-3.6984828],[-44.7919141,-3.6983772],[-44.7918017,-3.6982615],[-44.7916677,-3.6981213],[-44.7915122,-3.6979565],[-44.7913352,-3.6977672],[-44.7911365,-3.6975533],[-44.7909745,-3.6973694],[-44.790849,-3.6972155],[-44.79076,-3.6970917],[-44.7907077,-3.6969978],[-44.7906517,-3.6968788],[-44.7905923,-3.6967348],[-44.7905292,-3.6965656],[-44.7904627,-3.6963714],[-44.7903966,-3.6961594],[-44.7903312,-3.6959297],[-44.7902662,-3.6956822],[-44.7902018,-3.695417],[-44.7901478,-3.6951718],[-44.7901042,-3.6949464],[-44.7900709,-3.694741],[-44.790048,-3.6945555],[-44.7900351,-3.694365],[-44.7900335,-3.6942509],[-44.7900324,-3.6941697],[-44.7900398,-3.6939694],[-44.7900572,-3.6937643],[-44.7900812,-3.6935411],[-44.7901118,-3.6932999],[-44.7901489,-3.6930407],[-44.7901926,-3.6927635],[-44.7902444,-3.6925065],[-44.7903044,-3.6922697],[-44.7903726,-3.6920531],[-44.790449,-3.6918567],[-44.7905325,-3.6916777],[-44.7906231,-3.6915162],[-44.7907208,-3.6913721],[-44.7908255,-3.6912455],[-44.7909439,-3.6911282],[-44.791076,-3.6910202],[-44.7912217,-3.6909214],[-44.791381,-3.6908319],[-44.7915491,-3.6907528],[-44.7917258,-3.6906841],[-44.7919114,-3.6906257],[-44.7921056,-3.6905776],[-44.7923059,-3.6905356],[-44.7925121,-3.6904996],[-44.7927244,-3.6904696],[-44.7929427,-3.6904456],[-44.7931565,-3.6904298],[-44.7933661,-3.6904221],[-44.7935712,-3.6904227],[-44.793772,-3.6904314],[-44.7939647,-3.6904483],[-44.7941491,-3.6904734],[-44.7943253,-3.6905067],[-44.7944934,-3.6905482],[-44.7946664,-3.6905978],[-44.7948443,-3.6906557],[-44.795027,-3.6907217],[-44.7952148,-3.6907959],[-44.7954543,-3.6909018],[-44.7957457,-3.6910393],[-44.7960889,-3.6912084],[-44.7964839,-3.6914092],[-44.7968441,-3.691586],[-44.7971693,-3.6917388],[-44.7974596,-3.6918676],[-44.7977149,-3.6919723],[-44.7979583,-3.6920793],[-44.7981897,-3.6921884],[-44.798409,-3.6922997],[-44.7986164,-3.6924132],[-44.7988046,-3.6925333],[-44.7989738,-3.6926599],[-44.7991238,-3.692793],[-44.7992548,-3.6929327],[-44.7993655,-3.6930576],[-44.7994561,-3.6931679],[-44.7995265,-3.6932634],[-44.7995767,-3.6933441],[-44.7996122,-3.6934429],[-44.7996329,-3.6935596],[-44.7996389,-3.6936944],[-44.7996302,-3.6938472],[-44.7996127,-3.6940082],[-44.7995865,-3.6941773],[-44.7995516,-3.6943547],[-44.7995079,-3.6945402],[-44.799455,-3.6947164],[-44.7993928,-3.6948834],[-44.7993213,-3.6950411],[-44.7992406,-3.6951895],[-44.7991555,-3.6953183],[-44.799066,-3.6954274],[-44.7989721,-3.6955169],[-44.7988739,-3.6955867],[-44.7987309,-3.6956599],[-44.7986635,-3.6956873],[-44.7985432,-3.6957363],[-44.7983108,-3.6958159],[-44.7980336,-3.6958989],[-44.7977673,-3.6959791],[-44.7975119,-3.6960566],[-44.7972675,-3.6961313],[-44.797034,-3.6962033],[-44.7968209,-3.6962855],[-44.7966283,-3.6963777],[-44.7964561,-3.69648],[-44.7963044,-3.6965924],[-44.7961344,-3.6967419],[-44.7959462,-3.6969285],[-44.7957397,-3.6971522],[-44.7956539,-3.6972517],[-44.7955149,-3.697413],[-44.7953146,-3.6976488],[-44.7951389,-3.6978594],[-44.7949878,-3.6980449],[-44.7948612,-3.6982053],[-44.7947357,-3.6983753],[-44.7946113,-3.6985548],[-44.7944879,-3.6987439],[-44.7943657,-3.6989425],[-44.7942648,-3.6991136],[-44.7941851,-3.6992571],[-44.7941267,-3.699373],[-44.7940896,-3.6994614],[-44.7940621,-3.6995616],[-44.7940441,-3.6996734],[-44.7940356,-3.699797],[-44.7940367,-3.6999323],[-44.794055,-3.7000668],[-44.7940904,-3.7002005],[-44.7941431,-3.7003334],[-44.7942129,-3.7004654],[-44.7942956,-3.7005814],[-44.7943911,-3.7006812],[-44.7944994,-3.700765],[-44.7946205,-3.7008327],[-44.7947471,-3.7008932],[-44.7948792,-3.7009467],[-44.7950167,-3.7009931],[-44.7951596,-3.7010324],[-44.7953048,-3.7010654],[-44.7954521,-3.7010921],[-44.7956016,-3.7011126],[-44.7957533,-3.7011268],[-44.7959156,-3.7011377],[-44.7960886,-3.7011453],[-44.7962722,-3.7011497],[-44.7964665,-3.7011508],[-44.7966433,-3.7011489],[-44.7968026,-3.7011439],[-44.7969445,-3.701136],[-44.7970689,-3.7011251],[-44.7972067,-3.7011167],[-44.7973578,-3.7011107],[-44.7975223,-3.7011071],[-44.7977002,-3.701106],[-44.7978561,-3.7010896],[-44.7980557,-3.7010935],[-44.7982399,-3.7010955],[-44.7984066,-3.7011148],[-44.7985926,-3.7011381],[-44.7987729,-3.7011594],[-44.7989706,-3.7012117],[-44.7991683,-3.7012563],[-44.7993718,-3.7013261],[-44.7995365,-3.7013571],[-44.7997148,-3.7014153],[-44.799899,-3.7014792],[-44.8000521,-3.7015296],[-44.8002265,-3.7015839],[-44.8003932,-3.701644],[-44.8005599,-3.7017137],[-44.8007227,-3.7017719],[-44.8008506,-3.7018184],[-44.8009785,-3.7018649],[-44.8011026,-3.7019153],[-44.8012538,-3.7019909],[-44.8013894,-3.7020587],[-44.8015484,-3.702146],[-44.8017073,-3.7022215],[-44.8018662,-3.7023165],[-44.8020445,-3.7024464],[-44.802186,-3.7025394],[-44.8023663,-3.7026479],[-44.8025136,-3.7027526],[-44.8026996,-3.702865],[-44.8028489,-3.7029658],[-44.8030253,-3.7030899],[-44.8031803,-3.7032178],[-44.8033829,-3.7033593],[-44.8036193,-3.7035163],[-44.8038677,-3.7036951],[-44.8041198,-3.7038496],[-44.8043643,-3.7039882],[-44.8046011,-3.7041109],[-44.8048302,-3.7042179],[-44.8050561,-3.7043068],[-44.8052788,-3.7043778],[-44.8054981,-3.7044307],[-44.8057142,-3.7044656],[-44.8059025,-3.7044836],[-44.8060629,-3.7044847],[-44.8061955,-3.7044689],[-44.8063002,-3.7044361],[-44.8064045,-3.7043832],[-44.8065081,-3.7043101],[-44.8066113,-3.7042168],[-44.8067138,-3.7041033],[-44.8067941,-3.7039553],[-44.8068774,-3.7038477],[-44.8069772,-3.7037052],[-44.8070693,-3.703556],[-44.8071546,-3.7034189],[-44.807203,-3.7033152],[-44.8072457,-3.7032241],[-44.8073154,-3.7030768],[-44.8073852,-3.7029101],[-44.807486,-3.7026194],[-44.8076023,-3.7022782],[-44.8077225,-3.7018286],[-44.8078349,-3.7014293],[-44.8079008,-3.7010572],[-44.8079899,-3.7006928],[-44.8080636,-3.7003866],[-44.8081799,-3.7000765],[-44.8083155,-3.6996888],[-44.8084241,-3.6994175],[-44.8085636,-3.699088],[-44.8087109,-3.6987701],[-44.8088311,-3.6984833],[-44.8089862,-3.698177],[-44.8091373,-3.6978669],[-44.8093001,-3.6976188],[-44.8095114,-3.6973688],[-44.8096296,-3.6971808],[-44.8097595,-3.6970141],[-44.8099126,-3.6968319],[-44.8100618,-3.6966459],[-44.8102188,-3.6964598],[-44.8103468,-3.696297],[-44.8104902,-3.6961381],[-44.8106762,-3.6959675],[-44.8108294,-3.6957998],[-44.8110149,-3.695621],[-44.8112046,-3.6954469],[-44.8113767,-3.6952865],[-44.8115377,-3.6951246],[-44.8116852,-3.6949584],[-44.8118228,-3.6948228],[-44.8119333,-3.6946997],[-44.8120244,-3.6945785],[-44.8120961,-3.69447],[-44.8121659,-3.6943518],[-44.812224,-3.6942297],[-44.8122744,-3.6941638],[-44.8123364,-3.6940591],[-44.8124372,-3.6938847],[-44.8125714,-3.6937113],[-44.8126511,-3.6935356],[-44.8127215,-3.6933648],[-44.8127826,-3.693199],[-44.8128333,-3.6930353],[-44.8128737,-3.6928738],[-44.8129037,-3.6927144],[-44.8129234,-3.6925573],[-44.812931,-3.6924105],[-44.8129266,-3.6922741],[-44.8129103,-3.692148],[-44.8128819,-3.6920324],[-44.8128426,-3.691909],[-44.8127924,-3.6917781],[-44.8127313,-3.6916395],[-44.8126593,-3.6914933],[-44.8126154,-3.6914191],[-44.8125731,-3.6913476],[-44.8124727,-3.6912024],[-44.8123581,-3.6910578],[-44.8122293,-3.6909138],[-44.8120907,-3.6907801],[-44.8119423,-3.6906568],[-44.8117841,-3.6905438],[-44.8116367,-3.6904153],[-44.8114177,-3.6902913],[-44.8112007,-3.6901866],[-44.8109235,-3.6900645],[-44.8106269,-3.6899463],[-44.8103149,-3.6898319],[-44.8100397,-3.6897311],[-44.8097974,-3.6896342],[-44.8095241,-3.6895354],[-44.809278,-3.6894307],[-44.8090221,-3.6893299],[-44.8088051,-3.6892369],[-44.8085938,-3.6891361],[-44.8083923,-3.6890575],[-44.8082198,-3.6889592],[-44.8080682,-3.6888632],[-44.8079372,-3.6887694],[-44.8078259,-3.6886755],[-44.8077342,-3.6885816],[-44.8076622,-3.6884878],[-44.8076098,-3.6883939],[-44.8075782,-3.6882914],[-44.8075672,-3.68818],[-44.8075771,-3.68806],[-44.8076076,-3.6879312],[-44.8076518,-3.687809],[-44.8077097,-3.6876933],[-44.8077811,-3.6875842],[-44.8078663,-3.6874816],[-44.8079607,-3.6873921],[-44.8080643,-3.6873157],[-44.8081773,-3.6872524],[-44.8082995,-3.6872022],[-44.8084272,-3.687164],[-44.8085603,-3.6871379],[-44.8086989,-3.6871237],[-44.808843,-3.6871215],[-44.8089996,-3.6871248],[-44.8091687,-3.6871335],[-44.8093504,-3.6871477],[-44.8095447,-3.6871673],[-44.8097482,-3.6871881],[-44.809961,-3.6872099],[-44.8101831,-3.6872328],[-44.8104145,-3.6872568],[-44.8106616,-3.6872808],[-44.8109246,-3.6873048],[-44.8112035,-3.6873288],[-44.8114981,-3.6873528],[-44.8117748,-3.6873692],[-44.8120334,-3.6873779],[-44.812274,-3.687379],[-44.8124967,-3.6873725],[-44.8127089,-3.6873616],[-44.8129108,-3.6873463],[-44.8131023,-3.6873266],[-44.8132835,-3.6873026],[-44.8134619,-3.6872677],[-44.8136376,-3.6872219],[-44.8138106,-3.6871651],[-44.8139809,-3.6870975],[-44.8141298,-3.6870287],[-44.8142575,-3.6869589],[-44.8143639,-3.6868879],[-44.814449,-3.6868159],[-44.8145281,-3.6867352],[-44.8146013,-3.6866457],[-44.8146684,-3.6865475],[-44.8147295,-3.6864405],[-44.8147862,-3.6863303],[-44.8148386,-3.6862168],[-44.8148866,-3.6861],[-44.8149303,-3.68598],[-44.814969,-3.6858577],[-44.8150029,-3.6857333],[-44.8150318,-3.6856067],[-44.8150558,-3.685478],[-44.8150793,-3.6853514],[-44.8151022,-3.685227],[-44.8151245,-3.6851047],[-44.8151464,-3.6849847],[-44.8151698,-3.6848407],[-44.8151949,-3.6846726],[-44.8152217,-3.6844805],[-44.81525,-3.6842644],[-44.8152762,-3.684044],[-44.8153002,-3.6838192],[-44.8153221,-3.68359],[-44.8153417,-3.6833565],[-44.8153614,-3.6831358],[-44.815381,-3.6829279],[-44.8154006,-3.6827328],[-44.8154203,-3.6825505],[-44.8154508,-3.682356],[-44.8154901,-3.6821603],[-44.8154923,-3.6821492],[-44.8155447,-3.6819301],[-44.815608,-3.6816988],[-44.815674,-3.6814772],[-44.8157428,-3.6812655],[-44.8158142,-3.6810636],[-44.8158885,-3.6808716],[-44.8159534,-3.6807035],[-44.816009,-3.6805595],[-44.8160554,-3.6804394],[-44.8160925,-3.6803434],[-44.8161457,-3.6802242],[-44.816215,-3.6800817],[-44.8163004,-3.6799161],[-44.8164019,-3.6797273],[-44.8165004,-3.6795489],[-44.8165959,-3.6793808],[-44.8166884,-3.6792232],[-44.8167779,-3.6790758],[-44.8168704,-3.6789282],[-44.8169658,-3.6787804],[-44.8170643,-3.6786322],[-44.8171658,-3.6784838],[-44.8172741,-3.6783283],[-44.8173893,-3.6781657],[-44.8175434,-3.6779518],[-44.8176918,-3.6777101],[-44.8177241,-3.677664],[-44.8177495,-3.6776327],[-44.817791,-3.6776004],[-44.8182686,-3.6756967],[-44.8185451,-3.6733316]]]]}}]}